,DO_Open,DO_High,DO_Low,DO_Close,DO_Adj Close,DO_Volume,DO_Dividend Amount,DO_Split Coefficient
2024-09-04,13.99,13.99,13.99,13.99,13.99,0,0.0,1.0
2024-09-03,14.24,14.36,13.97,13.99,13.99,5888939,0.0,1.0
2024-08-30,14.23,14.36,14.19,14.34,14.34,1240416,0.0,1.0
2024-08-29,14.35,14.39,14.225,14.29,14.29,4030346,0.0,1.0
2024-08-28,14.16,14.28,14.1275,14.21,14.21,3087522,0.0,1.0
2024-08-27,14.43,14.49,14.3,14.34,14.34,911109,0.0,1.0
2024-08-26,14.62,14.69,14.425,14.45,14.45,650442,0.0,1.0
2024-08-23,14.04,14.39,14.04,14.36,14.36,2394295,0.0,1.0
2024-08-22,14.09,14.13,13.95,13.97,13.97,760538,0.0,1.0
2024-08-21,14.28,14.32,14.003,14.07,14.07,883722,0.0,1.0
2024-08-20,14.45,14.45,14.105,14.13,14.13,962950,0.0,1.0
2024-08-19,14.47,14.565,14.41,14.44,14.44,776075,0.0,1.0
2024-08-16,14.44,14.58,14.39,14.42,14.42,769088,0.0,1.0
2024-08-15,14.63,14.715,14.48,14.55,14.55,745181,0.0,1.0
2024-08-14,14.58,14.595,14.365,14.4,14.4,666141,0.0,1.0
2024-08-13,14.66,14.66,14.46,14.55,14.55,1127263,0.0,1.0
2024-08-12,14.72,14.81,14.62,14.66,14.66,649404,0.0,1.0
2024-08-09,14.8,14.85,14.595,14.63,14.63,850610,0.0,1.0
2024-08-08,14.78,14.96,14.71,14.85,14.85,1005499,0.0,1.0
2024-08-07,14.8,15.19,14.7,14.7,14.7,2501175,0.0,1.0
2024-08-06,14.65,14.855,14.53,14.75,14.75,3838835,0.0,1.0
2024-08-05,14.61,14.98,14.57,14.66,14.66,2839841,0.0,1.0
2024-08-02,15.54,15.65,15.06,15.16,15.16,2954569,0.0,1.0
2024-08-01,16.42,16.6,15.75,15.81,15.81,3091524,0.0,1.0
2024-07-31,16.43,16.61,16.29,16.42,16.42,1934687,0.0,1.0
2024-07-30,16.14,16.22,15.89,16.13,16.13,1381825,0.0,1.0
2024-07-29,16.46,16.56,16.1,16.2,16.2,2917647,0.0,1.0
2024-07-26,16.4,16.8,16.32,16.43,16.43,3991769,0.0,1.0
2024-07-25,15.84,16.37,15.751,16.26,16.26,1747871,0.0,1.0
2024-07-24,16.27,16.34,15.83,15.84,15.84,963670,0.0,1.0
2024-07-23,15.98,16.28,15.92,16.24,16.24,1421741,0.0,1.0
2024-07-22,15.98,16.145,15.89,16.07,16.07,864610,0.0,1.0
2024-07-19,16.11,16.13,15.91,15.96,15.96,714414,0.0,1.0
2024-07-18,16.21,16.43,16.045,16.1,16.1,1083293,0.0,1.0
2024-07-17,16.45,16.53,16.205,16.28,16.28,1201841,0.0,1.0
2024-07-16,16.25,16.43,16.06,16.43,16.43,1958632,0.0,1.0
2024-07-15,15.9,16.45,15.82,16.3,16.3,3351807,0.0,1.0
2024-07-12,15.85,15.915,15.72,15.78,15.78,2299146,0.0,1.0
2024-07-11,15.49,15.74,15.4,15.68,15.68,2690087,0.0,1.0
2024-07-10,15.37,15.47,15.29,15.42,15.42,3866376,0.0,1.0
2024-07-09,15.27,15.41,15.16,15.38,15.38,1775822,0.0,1.0
2024-07-08,15.33,15.46,15.33,15.35,15.35,1593748,0.0,1.0
2024-07-05,15.41,15.46,15.26,15.35,15.35,1307236,0.0,1.0
2024-07-03,15.38,15.6,15.37,15.42,15.42,1210446,0.0,1.0
2024-07-02,15.24,15.445,15.16,15.39,15.39,1568371,0.0,1.0
2024-07-01,15.55,15.56,15.11,15.12,15.12,1248669,0.0,1.0
2024-06-28,15.61,15.7,15.41,15.49,15.49,2211760,0.0,1.0
2024-06-27,15.45,15.625,15.42,15.5,15.5,1488550,0.0,1.0
2024-06-26,15.3,15.41,15.235,15.38,15.38,2197089,0.0,1.0
2024-06-25,15.33,15.44,15.24,15.35,15.35,1181931,0.0,1.0
2024-06-24,15.3,15.65,15.3,15.41,15.41,2573564,0.0,1.0
2024-06-21,15.2,15.41,15.1,15.37,15.37,4041594,0.0,1.0
2024-06-20,15.26,15.505,15.2,15.22,15.22,2718623,0.0,1.0
2024-06-18,15.14,15.365,15.14,15.18,15.18,1814899,0.0,1.0
2024-06-17,14.99,15.2,14.92,15.14,15.14,2240449,0.0,1.0
2024-06-14,15.2,15.28,14.95,15.01,15.01,4255698,0.0,1.0
2024-06-13,15.44,15.52,15.23,15.32,15.32,4064888,0.0,1.0
2024-06-12,15.59,15.69,15.34,15.5,15.5,5795753,0.0,1.0
2024-06-11,15.3,15.43,15.1,15.26,15.26,5315010,0.0,1.0
2024-06-10,15.16,15.53,15.06,15.45,15.45,22489644,0.0,1.0
2024-06-07,13.64,14.12,13.44,13.93,13.93,2033015,0.0,1.0
2024-06-06,13.36,13.68,13.29,13.68,13.68,1137219,0.0,1.0
2024-06-05,13.43,13.575,13.21,13.37,13.37,1153828,0.0,1.0
2024-06-04,13.94,13.975,13.26,13.36,13.36,2214374,0.0,1.0
2024-06-03,15.11,15.18,13.935,14.08,14.08,1817647,0.0,1.0
2024-05-31,14.81,15.19,14.75,15.18,15.18,940728,0.0,1.0
2024-05-30,14.62,14.99,14.6,14.81,14.81,1021934,0.0,1.0
2024-05-29,15.05,15.18,14.63,14.63,14.63,1365070,0.0,1.0
2024-05-28,14.74,15.16,14.49,15.14,15.14,1007770,0.0,1.0
2024-05-24,14.54,14.73,14.435,14.48,14.48,627317,0.0,1.0
2024-05-23,14.82,14.97,14.335,14.47,14.47,829860,0.0,1.0
2024-05-22,15.25,15.25,14.52,14.71,14.71,1066322,0.0,1.0
2024-05-21,15.13,15.3,15.08,15.28,15.28,1051059,0.0,1.0
2024-05-20,14.9,15.355,14.87,15.25,15.25,1134506,0.0,1.0
2024-05-17,14.76,14.97,14.62,14.83,14.83,886495,0.0,1.0
2024-05-16,14.6,14.91,14.582,14.73,14.73,723820,0.0,1.0
2024-05-15,14.68,14.73,14.235,14.62,14.62,880521,0.0,1.0
2024-05-14,14.48,14.63,14.34,14.58,14.58,1216835,0.0,1.0
2024-05-13,14.45,14.6,14.155,14.45,14.45,1109966,0.0,1.0
2024-05-10,14.83,14.94,14.22,14.42,14.42,1522710,0.0,1.0
2024-05-09,14.72,14.89,14.35,14.54,14.54,3138906,0.0,1.0
2024-05-08,14.25,14.9,14.23,14.66,14.66,3915469,0.0,1.0
2024-05-07,13.42,13.785,13.42,13.71,13.71,1455065,0.0,1.0
2024-05-06,13.17,13.65,13.16,13.48,13.48,1253831,0.0,1.0
2024-05-03,12.78,13.115,12.72,12.98,12.98,1322466,0.0,1.0
2024-05-02,12.5,12.71,12.325,12.54,12.54,1049478,0.0,1.0
2024-05-01,12.27,12.51,12.145,12.29,12.29,1440449,0.0,1.0
2024-04-30,12.99,13.09,12.22,12.24,12.24,2609969,0.0,1.0
2024-04-29,13.2,13.36,12.955,13.05,13.05,1102328,0.0,1.0
2024-04-26,12.99,13.265,12.92,13.2,13.2,1306682,0.0,1.0
2024-04-25,13.07,13.125,12.825,13.01,13.01,997602,0.0,1.0
2024-04-24,13.5,13.54,13.005,13.16,13.16,1370005,0.0,1.0
2024-04-23,13.27,13.61,13.195,13.58,13.58,1531942,0.0,1.0
2024-04-22,12.89,13.375,12.665,13.31,13.31,1796651,0.0,1.0
2024-04-19,12.75,13.02,12.7,12.94,12.94,1702121,0.0,1.0
2024-04-18,13.12,13.26,12.745,12.86,12.86,1425375,0.0,1.0
2024-04-17,13.42,13.61,13.0,13.01,13.01,1598713,0.0,1.0
2024-04-16,13.6,13.715,13.41,13.54,13.54,1038009,0.0,1.0
2024-04-15,14.06,14.175,13.71,13.76,13.76,902667,0.0,1.0
2024-04-12,14.35,14.57,13.9502,14.02,14.02,1077672,0.0,1.0
2024-04-11,14.46,14.46,14.1,14.2,14.2,1528835,0.0,1.0
2024-04-10,13.92,14.5,13.69,14.46,14.46,1505949,0.0,1.0
2024-04-09,14.35,14.51,14.012,14.17,14.17,1079995,0.0,1.0
2024-04-08,14.7,14.82,14.21,14.26,14.26,1340447,0.0,1.0
2024-04-05,14.16,14.65,14.03,14.58,14.58,1544283,0.0,1.0
2024-04-04,14.4,14.44,14.06,14.19,14.19,1149845,0.0,1.0
2024-04-03,13.99,14.465,13.99,14.38,14.38,1659460,0.0,1.0
2024-04-02,13.85,14.11,13.75,13.99,13.99,1478385,0.0,1.0
2024-04-01,13.72,13.825,13.57,13.7,13.7,804951,0.0,1.0
2024-03-28,13.55,13.71,13.51,13.64,13.64,1224827,0.0,1.0
2024-03-27,13.14,13.47,13.045,13.44,13.44,891494,0.0,1.0
2024-03-26,13.46,13.5,13.01,13.14,13.14,894754,0.0,1.0
2024-03-25,12.95,13.545,12.95,13.3,13.3,1764320,0.0,1.0
2024-03-22,13.13,13.235,12.86,12.94,12.94,1728521,0.0,1.0
2024-03-21,13.17,13.3,13.1201,13.17,13.17,1467622,0.0,1.0
2024-03-20,13.06,13.345,12.94,13.17,13.17,1670124,0.0,1.0
2024-03-19,12.99,13.35,12.96,13.24,13.24,1972893,0.0,1.0
2024-03-18,13.09,13.37,12.925,13.06,13.06,2004335,0.0,1.0
2024-03-15,12.81,13.345,12.81,13.04,13.04,2231196,0.0,1.0
2024-03-14,12.72,12.95,12.66,12.85,12.85,1682064,0.0,1.0
2024-03-13,12.59,12.91,12.57,12.73,12.73,1256786,0.0,1.0
2024-03-12,12.61,12.61,12.21,12.47,12.47,1030300,0.0,1.0
2024-03-11,12.19,12.69,12.08,12.62,12.62,1415190,0.0,1.0
2024-03-08,12.26,12.45,12.1,12.28,12.28,1460669,0.0,1.0
2024-03-07,11.86,12.285,11.86,12.2,12.2,1199151,0.0,1.0
2024-03-06,11.99,12.14,11.715,11.79,11.79,1056625,0.0,1.0
2024-03-05,11.78,12.245,11.725,11.75,11.75,1469836,0.0,1.0
2024-03-04,11.85,12.05,11.66,12.02,12.02,1815867,0.0,1.0
2024-03-01,11.3,11.945,11.3,11.85,11.85,2241551,0.0,1.0
2024-02-29,11.35,11.635,11.04,11.09,11.09,1916618,0.0,1.0
2024-02-28,11.53,11.82,11.02,11.18,11.18,3219642,0.0,1.0
2024-02-27,12.1,12.19,11.96,12.08,12.08,1218652,0.0,1.0
2024-02-26,11.99,12.1737,11.895,12.12,12.12,843750,0.0,1.0
2024-02-23,12.25,12.28,11.89,12.05,12.05,1160945,0.0,1.0
2024-02-22,12.07,12.53,11.978,12.34,12.34,1182114,0.0,1.0
2024-02-21,11.6,12.29,11.6,12.05,12.05,1348220,0.0,1.0
2024-02-20,11.79,11.79,11.39,11.53,11.53,1845376,0.0,1.0
2024-02-16,12.25,12.25,11.87,11.9,11.9,1398046,0.0,1.0
2024-02-15,12.23,12.385,12.1,12.26,12.26,1788729,0.0,1.0
2024-02-14,12.22,12.46,12.08,12.15,12.15,1533324,0.0,1.0
2024-02-13,12.2,12.39,11.91,12.07,12.07,1673981,0.0,1.0
2024-02-12,12.05,12.405,12.05,12.37,12.37,1016663,0.0,1.0
2024-02-09,11.79,12.115,11.69,12.01,12.01,1431717,0.0,1.0
2024-02-08,11.36,12.0,11.36,11.88,11.88,2903378,0.0,1.0
2024-02-07,11.5,11.59,11.1601,11.34,11.34,1376820,0.0,1.0
2024-02-06,11.52,11.58,11.165,11.44,11.44,3125758,0.0,1.0
2024-02-05,11.62,11.65,11.31,11.55,11.55,1183860,0.0,1.0
2024-02-02,11.88,11.965,11.675,11.69,11.69,1174609,0.0,1.0
2024-02-01,12.21,12.39,11.885,11.99,11.99,1091349,0.0,1.0
2024-01-31,12.54,12.55,12.165,12.2,12.2,1218254,0.0,1.0
2024-01-30,12.53,12.85,12.15,12.56,12.56,1490829,0.0,1.0
2024-01-29,12.68,12.82,12.525,12.81,12.81,975076,0.0,1.0
2024-01-26,12.92,12.96,12.615,12.76,12.76,843149,0.0,1.0
2024-01-25,13.08,13.09,12.625,12.87,12.87,824573,0.0,1.0
2024-01-24,12.77,12.845,12.46,12.79,12.79,1316290,0.0,1.0
2024-01-23,12.53,12.8195,12.53,12.64,12.64,884301,0.0,1.0
2024-01-22,12.47,12.76,12.35,12.58,12.58,1074462,0.0,1.0
2024-01-19,12.37,12.51,12.135,12.39,12.39,1096036,0.0,1.0
2024-01-18,12.0,12.47,11.81,12.37,12.37,1590611,0.0,1.0
2024-01-17,11.68,12.06,11.56,12.01,12.01,1646202,0.0,1.0
2024-01-16,12.03,12.16,11.66,11.81,11.81,1915006,0.0,1.0
2024-01-12,12.45,12.52,12.01,12.13,12.13,1460813,0.0,1.0
2024-01-11,11.89,12.15,11.61,12.11,12.11,1489341,0.0,1.0
2024-01-10,12.07,12.13,11.73,11.85,11.85,1160834,0.0,1.0
2024-01-09,12.39,12.39,12.0,12.05,12.05,1009216,0.0,1.0
2024-01-08,12.09,12.46,11.95,12.45,12.45,1304067,0.0,1.0
2024-01-05,12.43,12.69,12.37,12.47,12.47,851492,0.0,1.0
2024-01-04,12.97,13.1,12.28,12.31,12.31,1042097,0.0,1.0
2024-01-03,12.9,13.1095,12.74,12.79,12.79,836915,0.0,1.0
2024-01-02,13.08,13.4,12.785,12.87,12.87,1076644,0.0,1.0
2023-12-29,13.11,13.14,12.93,13.0,13.0,1261004,0.0,1.0
2023-12-28,13.35,13.475,13.09,13.1,13.1,771120,0.0,1.0
2023-12-27,13.63,13.73,13.405,13.47,13.47,541488,0.0,1.0
2023-12-26,13.39,13.825,13.24,13.68,13.68,912710,0.0,1.0
2023-12-22,13.12,13.36,12.83,13.15,13.15,917193,0.0,1.0
2023-12-21,12.89,13.105,12.74,13.08,13.08,534517,0.0,1.0
2023-12-20,13.17,13.4,12.885,12.93,12.93,966496,0.0,1.0
2023-12-19,12.82,13.2,12.8,13.15,13.15,1018193,0.0,1.0
2023-12-18,13.02,13.29,12.69,12.7,12.7,570208,0.0,1.0
2023-12-15,13.0,13.08,12.54,12.61,12.61,2035794,0.0,1.0
2023-12-14,12.59,13.22,12.58,12.98,12.98,2426375,0.0,1.0
2023-12-13,11.68,12.24,11.68,12.22,12.22,1223004,0.0,1.0
2023-12-12,11.82,11.82,11.43,11.61,11.61,1504398,0.0,1.0
2023-12-11,12.22,12.31,11.93,11.96,11.96,1607914,0.0,1.0
2023-12-08,11.77,12.4,11.755,12.25,12.25,1236400,0.0,1.0
2023-12-07,11.79,11.92,11.51,11.68,11.68,1400037,0.0,1.0
2023-12-06,12.46,12.575,11.75,11.77,11.77,2027974,0.0,1.0
2023-12-05,12.96,13.04,12.51,12.62,12.62,1183942,0.0,1.0
2023-12-04,13.01,13.0545,12.805,13.02,13.02,923329,0.0,1.0
2023-12-01,12.87,13.3,12.75,13.2,13.2,1347703,0.0,1.0
2023-11-30,12.73,13.04,12.63,12.87,12.87,1318691,0.0,1.0
2023-11-29,12.71,12.87,12.4697,12.59,12.59,689435,0.0,1.0
2023-11-28,12.48,12.78,12.365,12.59,12.59,1051329,0.0,1.0
2023-11-27,12.64,12.75,12.27,12.28,12.28,1308976,0.0,1.0
2023-11-24,12.32,12.975,12.32,12.74,12.74,1129292,0.0,1.0
2023-11-22,11.83,12.4,11.77,12.28,12.28,1126872,0.0,1.0
2023-11-21,12.19,12.37,12.0,12.18,12.18,1180313,0.0,1.0
2023-11-20,12.71,12.85,12.23,12.24,12.24,1055601,0.0,1.0
2023-11-17,12.12,12.52,12.065,12.48,12.48,1790775,0.0,1.0
2023-11-16,12.22,12.5,11.8,11.93,11.93,1959118,0.0,1.0
2023-11-15,13.0,13.09,12.4,12.43,12.43,1414262,0.0,1.0
2023-11-14,12.92,13.09,12.71,13.0,13.0,1128507,0.0,1.0
2023-11-13,12.62,12.795,12.395,12.69,12.69,1037417,0.0,1.0
2023-11-10,12.87,13.11,12.57,12.61,12.61,909569,0.0,1.0
2023-11-09,13.2,13.38,12.655,12.67,12.67,1544664,0.0,1.0
2023-11-08,12.22,13.13,12.13,12.98,12.98,1757952,0.0,1.0
2023-11-07,12.64,12.92,12.32,12.36,12.36,2146544,0.0,1.0
2023-11-06,13.54,13.55,12.86,13.0,13.0,1685185,0.0,1.0
2023-11-03,13.67,13.74,13.25,13.4,13.4,1583287,0.0,1.0
2023-11-02,12.88,13.685,12.85,13.59,13.59,1873847,0.0,1.0
2023-11-01,12.42,12.99,12.305,12.7,12.7,1136104,0.0,1.0
2023-10-31,12.36,12.511,12.1259,12.41,12.41,992252,0.0,1.0
2023-10-30,12.53,12.7,12.21,12.37,12.37,877659,0.0,1.0
2023-10-27,12.36,12.515,12.03,12.38,12.38,1262901,0.0,1.0
2023-10-26,12.46,12.59,12.07,12.28,12.28,2129132,0.0,1.0
2023-10-25,12.76,12.88,12.37,12.61,12.61,2802280,0.0,1.0
2023-10-24,13.02,13.09,12.72,12.76,12.76,1042379,0.0,1.0
2023-10-23,12.97,13.17,12.86,13.04,13.04,1164832,0.0,1.0
2023-10-20,13.55,13.58,12.78,13.11,13.11,1515355,0.0,1.0
2023-10-19,13.55,13.84,13.339,13.65,13.65,1364554,0.0,1.0
2023-10-18,13.79,13.94,13.49,13.62,13.62,1239605,0.0,1.0
2023-10-17,13.56,13.9,13.56,13.76,13.76,1074990,0.0,1.0
2023-10-16,14.14,14.145,13.47,13.61,13.61,1819242,0.0,1.0
2023-10-13,14.06,14.21,13.8858,14.09,14.09,714140,0.0,1.0
2023-10-12,14.25,14.26,13.64,13.74,13.74,1381637,0.0,1.0
2023-10-11,13.75,14.1,13.54,14.03,14.03,1086921,0.0,1.0
2023-10-10,14.05,14.09,13.79,13.96,13.96,974496,0.0,1.0
2023-10-09,14.09,14.22,13.88,13.97,13.97,1200457,0.0,1.0
2023-10-06,13.44,13.81,13.32,13.57,13.57,1063472,0.0,1.0
2023-10-05,13.25,13.635,13.25,13.46,13.46,1189787,0.0,1.0
2023-10-04,13.82,13.8786,13.372,13.49,13.49,1275181,0.0,1.0
2023-10-03,13.61,14.18,13.6,14.13,14.13,1240880,0.0,1.0
2023-10-02,14.68,14.75,13.71,13.94,13.94,1726864,0.0,1.0
2023-09-29,15.03,15.14,14.5,14.68,14.68,1374784,0.0,1.0
2023-09-28,14.86,15.12,14.841,15.0,15.0,1373425,0.0,1.0
2023-09-27,14.73,15.13,14.61,14.92,14.92,1358733,0.0,1.0
2023-09-26,14.44,14.73,14.37,14.46,14.46,1452944,0.0,1.0
2023-09-25,14.47,14.8,14.33,14.66,14.66,1615335,0.0,1.0
2023-09-22,14.64,14.81,14.465,14.55,14.55,894106,0.0,1.0
2023-09-21,14.98,15.02,14.51,14.52,14.52,975055,0.0,1.0
2023-09-20,15.0,15.42,14.89,15.03,15.03,957527,0.0,1.0
2023-09-19,15.86,15.94,15.14,15.15,15.15,1215621,0.0,1.0
2023-09-18,15.7,15.91,15.54,15.65,15.65,1019342,0.0,1.0
2023-09-15,16.1,16.29,15.63,15.65,15.65,2056022,0.0,1.0
2023-09-14,16.06,16.33,15.73,16.16,16.16,1283779,0.0,1.0
2023-09-13,16.89,16.9,15.72,15.73,15.73,1618488,0.0,1.0
2023-09-12,16.28,17.32,16.25,16.7,16.7,1943143,0.0,1.0
2023-09-11,15.75,16.34,15.7488,16.02,16.02,1653568,0.0,1.0
2023-09-08,15.24,15.65,15.24,15.53,15.53,1130043,0.0,1.0
2023-09-07,15.2,15.56,15.07,15.21,15.21,1404226,0.0,1.0
2023-09-06,15.7,15.8153,15.0,15.38,15.38,1599308,0.0,1.0
2023-09-05,15.72,15.95,15.46,15.71,15.71,2357856,0.0,1.0
2023-09-01,15.18,15.42,15.1,15.26,15.26,1137484,0.0,1.0
2023-08-31,15.0,15.08,14.78,14.87,14.87,1131125,0.0,1.0
2023-08-30,14.4,14.97,14.33,14.9,14.9,1381795,0.0,1.0
2023-08-29,14.24,14.55,13.79,14.33,14.33,1182960,0.0,1.0
2023-08-28,14.58,14.79,14.3,14.32,14.32,973561,0.0,1.0
2023-08-25,14.73,14.77,14.35,14.56,14.56,951327,0.0,1.0
2023-08-24,15.12,15.12,14.515,14.53,14.53,1189679,0.0,1.0
2023-08-23,14.99,15.26,14.61,15.23,15.23,1309904,0.0,1.0
2023-08-22,15.54,15.76,15.28,15.29,15.29,1232492,0.0,1.0
2023-08-21,16.18,16.46,15.52,15.6,15.6,1130963,0.0,1.0
2023-08-18,14.89,16.04,14.89,15.95,15.95,1121899,0.0,1.0
2023-08-17,15.32,15.3938,15.095,15.19,15.19,511184,0.0,1.0
2023-08-16,15.0,15.52,14.94,15.07,15.07,926122,0.0,1.0
2023-08-15,14.9,15.1,14.765,14.85,14.85,618457,0.0,1.0
2023-08-14,15.19,15.19,14.82,15.12,15.12,746062,0.0,1.0
2023-08-11,14.79,15.385,14.61,15.28,15.28,952398,0.0,1.0
2023-08-10,14.82,15.165,14.61,14.69,14.69,1287884,0.0,1.0
2023-08-09,15.08,15.327,14.61,14.86,14.86,1212862,0.0,1.0
2023-08-08,14.65,15.01,13.56,14.83,14.83,2381060,0.0,1.0
2023-08-07,15.79,15.798,14.975,15.11,15.11,924191,0.0,1.0
2023-08-04,15.48,15.82,15.35,15.7,15.7,893519,0.0,1.0
2023-08-03,15.28,15.614,15.06,15.44,15.44,614366,0.0,1.0
2023-08-02,15.41,15.57,14.83,15.17,15.17,913937,0.0,1.0
2023-08-01,15.5,15.675,15.0246,15.64,15.64,1007341,0.0,1.0
2023-07-31,15.55,16.01,15.44,15.83,15.83,914945,0.0,1.0
2023-07-28,15.52,15.72,15.37,15.44,15.44,1365809,0.0,1.0
2023-07-27,15.88,16.04,15.3,15.39,15.39,778161,0.0,1.0
2023-07-26,15.82,16.06,15.62,15.74,15.74,730387,0.0,1.0
2023-07-25,15.76,16.15,15.6,16.03,16.03,1700272,0.0,1.0
2023-07-24,15.37,16.11,15.37,15.98,15.98,1655891,0.0,1.0
2023-07-21,15.55,15.6,15.065,15.35,15.35,1344694,0.0,1.0
2023-07-20,15.77,16.03,15.43,15.45,15.45,763967,0.0,1.0
2023-07-19,16.34,16.35,15.58,15.76,15.76,970001,0.0,1.0
2023-07-18,15.59,16.5234,15.49,16.26,16.26,2172040,0.0,1.0
2023-07-17,15.02,15.53,15.0,15.32,15.32,1018069,0.0,1.0
2023-07-14,15.55,15.69,15.08,15.15,15.15,736764,0.0,1.0
2023-07-13,15.72,15.97,15.5,15.69,15.69,1094386,0.0,1.0
2023-07-12,15.84,15.94,15.31,15.63,15.63,1346660,0.0,1.0
2023-07-11,15.8,15.93,15.38,15.6,15.6,1675900,0.0,1.0
2023-07-10,15.79,15.79,15.4,15.66,15.66,2224197,0.0,1.0
2023-07-07,14.5,15.815,14.48,15.68,15.68,2637049,0.0,1.0
2023-07-06,14.5,14.75,14.06,14.48,14.48,1633285,0.0,1.0
2023-07-05,14.58,14.83,14.26,14.71,14.71,1625630,0.0,1.0
2023-07-03,14.39,14.84,14.34,14.47,14.47,1143683,0.0,1.0
2023-06-30,13.68,14.47,13.56,14.24,14.24,3089033,0.0,1.0
2023-06-29,12.64,13.47,12.58,13.39,13.39,1934199,0.0,1.0
2023-06-28,12.55,12.7,12.13,12.4,12.4,1366850,0.0,1.0
2023-06-27,12.99,13.1891,12.6,12.61,12.61,1654369,0.0,1.0
2023-06-26,12.47,13.06,12.47,12.93,12.93,1375149,0.0,1.0
2023-06-23,12.32,12.5,12.09,12.37,12.37,1554668,0.0,1.0
2023-06-22,12.26,12.62,12.24,12.61,12.61,728864,0.0,1.0
2023-06-21,12.06,12.635,12.025,12.48,12.48,1491913,0.0,1.0
2023-06-20,12.06,12.16,11.61,12.12,12.12,1042815,0.0,1.0
2023-06-16,12.65,12.69,12.11,12.22,12.22,1326776,0.0,1.0
2023-06-15,12.28,12.5,12.16,12.46,12.46,721480,0.0,1.0
2023-06-14,11.93,12.26,11.77,12.22,12.22,1159973,0.0,1.0
2023-06-13,11.8,12.0101,11.66,11.73,11.73,830780,0.0,1.0
2023-06-12,11.86,11.87,11.41,11.51,11.51,1822477,0.0,1.0
2023-06-09,12.07,12.08,11.76,12.07,12.07,938888,0.0,1.0
2023-06-08,12.08,12.44,12.065,12.17,12.17,665297,0.0,1.0
2023-06-07,12.0,12.3,12.0,12.12,12.12,714667,0.0,1.0
2023-06-06,11.39,12.0,11.37,11.97,11.97,745928,0.0,1.0
2023-06-05,12.31,12.39,11.61,11.72,11.72,841000,0.0,1.0
2023-06-02,11.95,12.145,11.68,12.05,12.05,903283,0.0,1.0
2023-06-01,10.88,11.74,10.83,11.65,11.65,1053384,0.0,1.0
2023-05-31,10.95,11.13,10.81,10.95,10.95,1449462,0.0,1.0
2023-05-30,11.27,11.425,10.98,11.19,11.19,1224181,0.0,1.0
2023-05-26,11.63,11.84,11.46,11.55,11.55,855392,0.0,1.0
2023-05-25,11.82,11.92,11.42,11.6,11.6,1464245,0.0,1.0
2023-05-24,12.06,12.35,11.94,12.15,12.15,1074598,0.0,1.0
2023-05-23,12.34,12.489,12.03,12.07,12.07,837420,0.0,1.0
2023-05-22,11.56,12.65,11.56,12.28,12.28,1056657,0.0,1.0
2023-05-19,11.89,11.905,11.42,11.56,11.56,663657,0.0,1.0
2023-05-18,11.45,11.78,11.18,11.7,11.7,653069,0.0,1.0
2023-05-17,11.82,11.82,11.14,11.53,11.53,839281,0.0,1.0
2023-05-16,11.48,11.695,11.1501,11.55,11.55,741125,0.0,1.0
2023-05-15,11.58,11.705,11.39,11.54,11.54,709972,0.0,1.0
2023-05-12,11.0,11.655,11.0,11.58,11.58,1046191,0.0,1.0
2023-05-11,11.12,11.34,10.75,10.98,10.98,959873,0.0,1.0
2023-05-10,11.5,11.8,11.18,11.43,11.43,1001483,0.0,1.0
2023-05-09,12.1,12.47,11.29,11.33,11.33,1421969,0.0,1.0
2023-05-08,11.75,11.99,11.3914,11.59,11.59,1496715,0.0,1.0
2023-05-05,11.6,12.03,11.35,11.51,11.51,1222100,0.0,1.0
2023-05-04,10.54,11.2,10.54,11.03,11.03,1026373,0.0,1.0
2023-05-03,10.44,10.89,10.44,10.58,10.58,947059,0.0,1.0
2023-05-02,11.25,11.31,10.44,10.68,10.68,1337606,0.0,1.0
2023-05-01,11.3,11.68,11.21,11.48,11.48,547307,0.0,1.0
2023-04-28,11.1,11.69,11.1,11.49,11.49,645729,0.0,1.0
2023-04-27,11.06,11.22,10.75,11.14,11.14,735095,0.0,1.0
2023-04-26,11.15,11.34,10.88,11.06,11.06,1114169,0.0,1.0
2023-04-25,11.44,11.53,11.08,11.1,11.1,511875,0.0,1.0
2023-04-24,11.31,11.94,11.26,11.7,11.7,586128,0.0,1.0
2023-04-21,11.52,11.53,11.21,11.37,11.37,786630,0.0,1.0
2023-04-20,11.61,11.665,11.09,11.49,11.49,845418,0.0,1.0
2023-04-19,12.1,12.1,11.485,11.86,11.86,836904,0.0,1.0
2023-04-18,12.36,12.5,11.86,12.31,12.31,854728,0.0,1.0
2023-04-17,12.36,12.58,12.1,12.39,12.39,573904,0.0,1.0
2023-04-14,12.14,12.49,12.03,12.49,12.49,832728,0.0,1.0
2023-04-13,11.76,12.19,11.71,12.06,12.06,894741,0.0,1.0
2023-04-12,11.72,11.88,11.4,11.77,11.77,592013,0.0,1.0
2023-04-11,11.48,11.7,10.97,11.47,11.47,1182494,0.0,1.0
2023-04-10,11.38,11.685,11.35,11.4,11.4,1542024,0.0,1.0
2023-04-06,11.68,11.7,11.28,11.38,11.38,586043,0.0,1.0
2023-04-05,12.11,12.23,11.64,11.74,11.74,861722,0.0,1.0
2023-04-04,12.86,12.86,11.73,12.12,12.12,817165,0.0,1.0
2023-04-03,12.68,13.015,12.575,12.75,12.75,1577533,0.0,1.0
2023-03-31,11.99,12.35,11.88,12.04,12.04,1550764,0.0,1.0
2023-03-30,12.33,12.39,11.6701,11.84,11.84,933846,0.0,1.0
2023-03-29,11.84,12.24,11.75,12.23,12.23,1517040,0.0,1.0
2023-03-28,11.19,11.925,11.08,11.65,11.65,1313178,0.0,1.0
2023-03-27,10.76,11.31,10.52,11.25,11.25,888436,0.0,1.0
2023-03-24,10.76,10.805,10.32,10.67,10.67,902314,0.0,1.0
2023-03-23,11.21,11.58,10.67,10.99,10.99,1700557,0.0,1.0
2023-03-22,11.48,11.57,11.065,11.13,11.13,913445,0.0,1.0
2023-03-21,10.63,11.85,10.53,11.44,11.44,2236364,0.0,1.0
2023-03-20,9.88,10.27,9.88,10.2,10.2,871659,0.0,1.0
2023-03-17,10.16,10.16,9.68,9.81,9.81,1617380,0.0,1.0
2023-03-16,9.75,10.34,9.555,10.23,10.23,1137643,0.0,1.0
2023-03-15,10.68,10.7,9.64,10.0,10.0,1825637,0.0,1.0
2023-03-14,11.02,11.73,10.91,11.17,11.17,1170880,0.0,1.0
2023-03-13,10.89,11.31,10.66,10.78,10.78,1366660,0.0,1.0
2023-03-10,11.69,11.94,11.12,11.28,11.28,1013690,0.0,1.0
2023-03-09,12.42,12.56,11.6147,11.76,11.76,1389965,0.0,1.0
2023-03-08,12.44,12.66,12.05,12.41,12.41,737105,0.0,1.0
2023-03-07,13.08,13.3,12.45,12.47,12.47,1193419,0.0,1.0
2023-03-06,12.84,13.12,12.54,13.12,13.12,919389,0.0,1.0
2023-03-03,12.32,13.3,12.22,12.88,12.88,2437928,0.0,1.0
2023-03-02,12.14,12.61,12.08,12.5,12.5,1043404,0.0,1.0
2023-03-01,11.87,12.315,11.8,12.27,12.27,1021287,0.0,1.0
2023-02-28,12.26,12.53,11.71,11.88,11.88,1550117,0.0,1.0
2023-02-27,11.17,11.95,11.16,11.69,11.69,1271378,0.0,1.0
2023-02-24,10.51,11.41,10.5,11.25,11.25,1982406,0.0,1.0
2023-02-23,11.01,11.11,10.425,10.72,10.72,1420804,0.0,1.0
2023-02-22,11.25,11.45,10.6514,10.83,10.83,1670204,0.0,1.0
2023-02-21,12.11,12.205,11.16,11.36,11.36,1219625,0.0,1.0
2023-02-17,12.47,12.53,11.97,12.26,12.26,1057206,0.0,1.0
2023-02-16,12.18,12.8368,12.17,12.52,12.52,1268801,0.0,1.0
2023-02-15,12.25,12.41,12.125,12.33,12.33,722709,0.0,1.0
2023-02-14,12.2,12.52,12.145,12.48,12.48,638577,0.0,1.0
2023-02-13,12.44,12.61,12.14,12.45,12.45,769181,0.0,1.0
2023-02-10,12.29,12.675,12.29,12.5,12.5,714260,0.0,1.0
2023-02-09,12.42,12.58,12.07,12.24,12.24,1414577,0.0,1.0
2023-02-08,12.67,12.7499,12.25,12.5,12.5,808624,0.0,1.0
2023-02-07,12.42,12.84,12.3,12.64,12.64,2052058,0.0,1.0
2023-02-06,12.31,12.44,11.765,12.3,12.3,1091077,0.0,1.0
2023-02-03,11.93,12.63,11.93,12.31,12.31,1450036,0.0,1.0
2023-02-02,12.07,12.35,11.73,11.89,11.89,1880888,0.0,1.0
2023-02-01,11.45,12.29,11.45,12.2,12.2,2497439,0.0,1.0
2023-01-31,11.29,11.55,11.17,11.46,11.46,588924,0.0,1.0
2023-01-30,11.6,11.76,11.23,11.28,11.28,839276,0.0,1.0
2023-01-27,11.61,11.855,11.58,11.64,11.64,474396,0.0,1.0
2023-01-26,11.83,11.95,11.45,11.68,11.68,592532,0.0,1.0
2023-01-25,11.74,11.79,11.175,11.68,11.68,871185,0.0,1.0
2023-01-24,11.81,11.9,11.57,11.88,11.88,573825,0.0,1.0
2023-01-23,11.89,12.01,11.66,11.8,11.8,979728,0.0,1.0
2023-01-20,11.62,12.09,11.35,11.88,11.88,1653163,0.0,1.0
2023-01-19,11.33,11.55,11.19,11.52,11.52,846538,0.0,1.0
2023-01-18,11.85,11.85,11.21,11.34,11.34,993105,0.0,1.0
2023-01-17,11.44,11.83,11.42,11.77,11.77,1220871,0.0,1.0
2023-01-13,11.01,11.44,10.94,11.34,11.34,793506,0.0,1.0
2023-01-12,10.73,11.2,10.69,11.09,11.09,670638,0.0,1.0
2023-01-11,11.08,11.08,10.66,10.69,10.69,575434,0.0,1.0
2023-01-10,10.19,11.07,10.12,11.01,11.01,1519753,0.0,1.0
2023-01-09,10.14,10.39,10.07,10.14,10.14,842234,0.0,1.0
2023-01-06,9.55,10.01,9.5,9.9,9.9,718440,0.0,1.0
2023-01-05,9.14,9.47,9.05,9.37,9.37,428410,0.0,1.0
2023-01-04,9.29,9.57,9.2425,9.26,9.26,574651,0.0,1.0
2023-01-03,10.38,10.39,9.2,9.58,9.58,1001316,0.0,1.0
2022-12-30,10.01,10.47,9.88,10.4,10.4,1441744,0.0,1.0
2022-12-29,9.99,10.27,9.975,10.13,10.13,962482,0.0,1.0
2022-12-28,10.0,10.105,9.77,9.99,9.99,698287,0.0,1.0
2022-12-27,10.02,10.135,9.85,10.0,10.0,777078,0.0,1.0
2022-12-23,9.8,9.99,9.68,9.97,9.97,975806,0.0,1.0
2022-12-22,9.5,9.66,9.33,9.6,9.6,888359,0.0,1.0
2022-12-21,9.29,9.59,9.1,9.52,9.52,999127,0.0,1.0
2022-12-20,8.57,9.21,8.56,9.17,9.17,875567,0.0,1.0
2022-12-19,8.74,8.89,8.51,8.56,8.56,380410,0.0,1.0
2022-12-16,8.45,8.65,8.42,8.62,8.62,1116945,0.0,1.0
2022-12-15,8.76,8.94,8.61,8.73,8.73,538054,0.0,1.0
2022-12-14,9.09,9.13,8.77,8.86,8.86,497571,0.0,1.0
2022-12-13,9.04,9.04,8.555,8.96,8.96,1226158,0.0,1.0
2022-12-12,8.52,9.04,8.51,8.78,8.78,796151,0.0,1.0
2022-12-09,8.69,8.79,8.395,8.47,8.47,799399,0.0,1.0
2022-12-08,9.1,9.17,8.67,8.75,8.75,555729,0.0,1.0
2022-12-07,9.24,9.36,8.8,8.84,8.84,819002,0.0,1.0
2022-12-06,9.14,9.36,9.055,9.19,9.19,796479,0.0,1.0
2022-12-05,9.96,9.99,9.22,9.26,9.26,741642,0.0,1.0
2022-12-02,9.7,9.955,9.56,9.94,9.94,826480,0.0,1.0
2022-12-01,9.65,9.9,9.64,9.8,9.8,1154171,0.0,1.0
2022-11-30,9.37,9.66,9.15,9.57,9.57,3539167,0.0,1.0
2022-11-29,9.19,9.5,9.05,9.18,9.18,1444035,0.0,1.0
2022-11-28,9.08,9.335,8.92,9.07,9.07,881208,0.0,1.0
2022-11-25,9.47,9.64,9.33,9.41,9.41,363499,0.0,1.0
2022-11-23,9.37,9.59,9.23,9.5,9.5,858259,0.0,1.0
2022-11-22,9.35,9.67,9.28,9.57,9.57,860679,0.0,1.0
2022-11-21,9.4,9.47,8.795,9.19,9.19,1191733,0.0,1.0
2022-11-18,9.72,9.8,9.42,9.6,9.6,824449,0.0,1.0
2022-11-17,9.73,9.94,9.6,9.86,9.86,524672,0.0,1.0
2022-11-16,9.98,10.05,9.88,9.95,9.95,621170,0.0,1.0
2022-11-15,9.87,10.105,9.7,10.01,10.01,1116015,0.0,1.0
2022-11-14,9.8,10.08,9.77,9.88,9.88,1034112,0.0,1.0
2022-11-11,9.75,10.01,9.74,9.9,9.9,1086771,0.0,1.0
2022-11-10,9.68,9.74,9.36,9.55,9.55,1057955,0.0,1.0
2022-11-09,9.94,10.01,9.36,9.41,9.41,1232643,0.0,1.0
2022-11-08,10.24,10.25,9.81,10.03,10.03,1213359,0.0,1.0
2022-11-07,10.1,10.15,9.79,10.13,10.13,1709660,0.0,1.0
2022-11-04,10.1,10.19,9.715,10.0,10.0,1665957,0.0,1.0
2022-11-03,9.64,10.01,9.47,9.97,9.97,1111327,0.0,1.0
2022-11-02,9.79,10.03,9.56,9.61,9.61,1135492,0.0,1.0
2022-11-01,10.06,10.06,9.69,9.72,9.72,969686,0.0,1.0
2022-10-31,9.6,9.95,9.5365,9.85,9.85,1081558,0.0,1.0
2022-10-28,9.5,9.7,9.29,9.68,9.68,701036,0.0,1.0
2022-10-27,9.65,9.84,9.285,9.38,9.38,1221557,0.0,1.0
2022-10-26,9.5,9.75,9.26,9.44,9.44,991710,0.0,1.0
2022-10-25,9.07,9.5,9.02,9.39,9.39,1147318,0.0,1.0
2022-10-24,8.79,9.05,8.67,9.04,9.04,1107860,0.0,1.0
2022-10-21,8.53,8.91,8.49,8.78,8.78,1140432,0.0,1.0
2022-10-20,8.65,8.96,8.36,8.47,8.47,1290227,0.0,1.0
2022-10-19,8.29,8.545,8.245,8.53,8.53,1643073,0.0,1.0
2022-10-18,8.33,8.46,8.18,8.3,8.3,2146338,0.0,1.0
2022-10-17,8.18,8.3,8.09,8.22,8.22,1975423,0.0,1.0
2022-10-14,8.09,8.18,7.72,8.0,8.0,882842,0.0,1.0
2022-10-13,7.79,8.2,7.77,8.1,8.1,1105885,0.0,1.0
2022-10-12,7.85,8.05,7.76,7.91,7.91,586179,0.0,1.0
2022-10-11,7.74,8.07,7.63,7.91,7.91,491466,0.0,1.0
2022-10-10,7.89,8.05,7.65,7.94,7.94,689316,0.0,1.0
2022-10-07,7.93,8.14,7.81,7.91,7.91,743447,0.0,1.0
2022-10-06,7.68,8.075,7.66,7.94,7.94,753716,0.0,1.0
2022-10-05,7.54,7.745,7.455,7.73,7.73,698220,0.0,1.0
2022-10-04,7.65,7.7,7.41,7.61,7.61,864943,0.0,1.0
2022-10-03,7.03,7.5,6.98,7.4,7.4,1091355,0.0,1.0
2022-09-30,6.86,7.135,6.6,6.63,6.63,1222152,0.0,1.0
2022-09-29,6.93,6.93,6.72,6.92,6.92,756060,0.0,1.0
2022-09-28,6.54,7.045,6.44,7.02,7.02,913964,0.0,1.0
2022-09-27,6.41,6.7286,6.31,6.43,6.43,1100511,0.0,1.0
2022-09-26,6.27,6.52,6.12,6.25,6.25,858829,0.0,1.0
2022-09-23,6.45,6.47,6.14,6.33,6.33,1529414,0.0,1.0
2022-09-22,7.04,7.3,6.71,6.73,6.73,1080717,0.0,1.0
2022-09-21,7.36,7.48,6.96,6.98,6.98,969503,0.0,1.0
2022-09-20,7.29,7.4,7.04,7.17,7.17,994704,0.0,1.0
2022-09-19,7.28,7.55,7.27,7.43,7.43,818959,0.0,1.0
2022-09-16,8.18,8.23,7.47,7.6,7.6,3533757,0.0,1.0
2022-09-15,8.19,8.4396,8.14,8.32,8.32,1239075,0.0,1.0
2022-09-14,8.01,8.415,8.01,8.36,8.36,1483104,0.0,1.0
2022-09-13,7.78,8.17,7.78,7.93,7.93,1684265,0.0,1.0
2022-09-12,7.83,8.04,7.78,8.03,8.03,1052972,0.0,1.0
2022-09-09,7.59,7.8,7.47,7.71,7.71,897051,0.0,1.0
2022-09-08,7.0,7.52,6.94,7.4,7.4,819339,0.0,1.0
2022-09-07,6.8,7.1,6.71,7.01,7.01,864272,0.0,1.0
2022-09-06,7.52,7.54,6.97,6.99,6.99,637687,0.0,1.0
2022-09-02,7.15,7.495,7.05,7.37,7.37,1208240,0.0,1.0
2022-09-01,7.0,7.02,6.8,6.94,6.94,704255,0.0,1.0
2022-08-31,6.8,7.29,6.66,7.11,7.11,1287176,0.0,1.0
2022-08-30,7.25,7.285,6.8,6.9,6.9,1136433,0.0,1.0
2022-08-29,7.11,7.55,7.09,7.37,7.37,1081515,0.0,1.0
2022-08-26,7.34,7.52,7.155,7.22,7.22,765823,0.0,1.0
2022-08-25,7.3,7.455,7.235,7.37,7.37,1097097,0.0,1.0
2022-08-24,7.3,7.47,7.13,7.29,7.29,1026059,0.0,1.0
2022-08-23,7.34,7.57,7.22,7.27,7.27,816317,0.0,1.0
2022-08-22,7.19,7.3,6.93,7.15,7.15,771616,0.0,1.0
2022-08-19,7.36,7.55,7.17,7.31,7.31,1086553,0.0,1.0
2022-08-18,7.05,7.54,7.0,7.42,7.42,1602541,0.0,1.0
2022-08-17,6.83,6.97,6.7,6.89,6.89,500995,0.0,1.0
2022-08-16,6.93,7.06,6.81,6.94,6.94,495437,0.0,1.0
2022-08-15,6.95,6.97,6.5313,6.9,6.9,1015969,0.0,1.0
2022-08-12,7.03,7.445,7.02,7.28,7.28,989177,0.0,1.0
2022-08-11,7.13,7.242,6.798,7.05,7.05,1738746,0.0,1.0
2022-08-10,6.85,7.0,6.7614,6.99,6.99,1205916,0.0,1.0
2022-08-09,6.75,6.93,6.71,6.79,6.79,972491,0.0,1.0
2022-08-08,6.68,6.84,6.485,6.63,6.63,790949,0.0,1.0
2022-08-05,6.32,6.88,6.29,6.71,6.71,521827,0.0,1.0
2022-08-04,6.61,6.81,6.4,6.4,6.4,568463,0.0,1.0
2022-08-03,7.3,7.3,6.62,6.72,6.72,1253690,0.0,1.0
2022-08-02,6.7,7.38,6.7,7.31,7.31,2656271,0.0,1.0
2022-08-01,6.64,6.725,6.48,6.66,6.66,690601,0.0,1.0
2022-07-29,6.7,6.79,6.5,6.75,6.75,941305,0.0,1.0
2022-07-28,6.76,6.79,6.45,6.54,6.54,698388,0.0,1.0
2022-07-27,6.04,6.6808,5.98,6.64,6.64,1653168,0.0,1.0
2022-07-26,5.98,6.06,5.77,5.99,5.99,732126,0.0,1.0
2022-07-25,5.47,5.88,5.4,5.88,5.88,809866,0.0,1.0
2022-07-22,5.58,5.71,5.395,5.41,5.41,1245980,0.0,1.0
2022-07-21,5.75,5.79,5.43,5.59,5.59,886722,0.0,1.0
2022-07-20,5.85,5.93,5.68,5.91,5.91,579128,0.0,1.0
2022-07-19,5.75,5.95,5.715,5.94,5.94,591307,0.0,1.0
2022-07-18,5.68,5.925,5.66,5.7,5.7,787381,0.0,1.0
2022-07-15,5.53,5.61,5.37,5.61,5.61,1337026,0.0,1.0
2022-07-14,5.49,5.53,5.17,5.35,5.35,1140325,0.0,1.0
2022-07-13,5.53,5.71,5.51,5.6,5.6,1106104,0.0,1.0
2022-07-12,6.01,6.1,5.615,5.65,5.65,927000,0.0,1.0
2022-07-11,6.0,6.32,6.0,6.1,6.1,1345791,0.0,1.0
2022-07-08,5.9,6.395,5.76,6.35,6.35,1593041,0.0,1.0
2022-07-07,5.6,5.975,5.5839,5.9,5.9,813550,0.0,1.0
2022-07-06,5.65,5.77,5.38,5.48,5.48,1277275,0.0,1.0
2022-07-05,5.98,5.99,5.41,5.72,5.72,2365271,0.0,1.0
2022-07-01,5.86,6.09,5.63,6.09,6.09,2127901,0.0,1.0
2022-06-30,6.14,6.235,5.855,5.89,5.89,2109265,0.0,1.0
2022-06-29,6.73,6.73,6.245,6.31,6.31,1784043,0.0,1.0
2022-06-28,7.0,7.18,6.69,6.71,6.71,2730662,0.0,1.0
2022-06-27,6.65,6.845,6.53,6.81,6.81,2110363,0.0,1.0
2022-06-24,6.77,7.12,6.52,6.54,6.54,15175023,0.0,1.0
2022-06-23,7.02,7.24,6.57,6.74,6.74,2931977,0.0,1.0
2022-06-22,7.12,7.25,6.82,7.1,7.1,6174985,0.0,1.0
2022-06-21,7.75,8.01,7.43,7.47,7.47,5735188,0.0,1.0
2022-06-17,7.65,7.96,7.41,7.55,7.55,8348752,0.0,1.0
2022-06-16,7.7,7.92,7.38,7.75,7.75,3015451,0.0,1.0
2022-06-15,7.65,8.07,7.65,7.85,7.85,2521789,0.0,1.0
2022-06-14,8.15,8.24,7.56,7.68,7.68,2978655,0.0,1.0
2022-06-13,8.28,8.41,7.92,7.98,7.98,2397225,0.0,1.0
2022-06-10,9.12,9.24,8.36,8.63,8.63,1768508,0.0,1.0
2022-06-09,9.73,9.73,9.26,9.27,9.27,2716621,0.0,1.0
2022-06-08,8.88,9.9799,8.86,9.83,9.83,6212678,0.0,1.0
2022-06-07,8.73,9.07,8.6,8.81,8.81,3007590,0.0,1.0
2022-06-06,8.45,8.92,8.245,8.71,8.71,4064731,0.0,1.0
2022-06-03,7.82,8.19,7.63,8.16,8.16,1614928,0.0,1.0
2022-06-02,8.08,8.08,7.8,7.9,7.9,2578663,0.0,1.0
2022-06-01,8.12,8.199,7.84,8.07,8.07,4097630,0.0,1.0
2022-05-31,8.23,8.45,7.91,7.96,7.96,2774951,0.0,1.0
2022-05-27,7.84,8.16,7.75,8.1,8.1,4748010,0.0,1.0
2022-05-26,7.64,8.05,7.41,7.97,7.97,4911673,0.0,1.0
2022-05-25,7.34,7.64,7.22,7.56,7.56,1622860,0.0,1.0
2022-05-24,7.34,7.39,7.05,7.28,7.28,1332141,0.0,1.0
2022-05-23,7.42,7.48,7.25,7.4,7.4,1528025,0.0,1.0
2022-05-20,7.35,7.46,7.0,7.19,7.19,869428,0.0,1.0
2022-05-19,7.28,7.505,7.2,7.32,7.32,836783,0.0,1.0
2022-05-18,7.61,7.6742,7.17,7.4,7.4,977948,0.0,1.0
2022-05-17,7.3,7.72,7.25,7.68,7.68,1345772,0.0,1.0
2022-05-16,7.06,7.5,6.925,7.25,7.25,1664611,0.0,1.0
2022-05-13,6.64,7.19,6.64,7.06,7.06,1156214,0.0,1.0
2022-05-12,6.72,6.79,6.37,6.64,6.64,1368773,0.0,1.0
2022-05-11,6.69,7.11,6.69,6.75,6.75,1161157,0.0,1.0
2022-05-10,7.15,7.3,6.65,6.69,6.69,1149099,0.0,1.0
2022-05-09,7.7,7.78,6.92,7.05,7.05,1484694,0.0,1.0
2022-05-06,7.92,7.99,7.76,7.79,7.79,2117126,0.0,1.0
2022-05-05,8.11,8.16,7.65,7.89,7.89,1179712,0.0,1.0
2022-05-04,8.05,8.26,7.7839,7.99,7.99,3180885,0.0,1.0
2022-05-03,7.36,7.88,7.33,7.85,7.85,1350418,0.0,1.0
2022-05-02,7.78,7.82,7.34,7.41,7.41,821131,0.0,1.0
2022-04-29,7.94,8.02,7.69,7.85,7.85,1372734,0.0,1.0
2022-04-28,7.4,7.95,7.3412,7.95,7.95,1160349,0.0,1.0
2022-04-27,7.24,7.44,7.225,7.38,7.38,844575,0.0,1.0
2022-04-26,7.3,7.49,7.19,7.21,7.21,574086,0.0,1.0
2022-04-25,7.01,7.29,6.84,7.26,7.26,952035,0.0,1.0
2022-04-22,7.45,7.56,7.06,7.33,7.33,721608,0.0,1.0
2022-04-21,7.9,7.93,7.345,7.45,7.45,1025717,0.0,1.0
2022-04-20,7.95,7.995,7.68,7.79,7.79,1007571,0.0,1.0
2022-04-19,7.5,7.99,7.43,7.93,7.93,1918315,0.0,1.0
2022-04-18,7.6,7.7,7.4,7.43,7.43,1091784,0.0,1.0
2022-04-14,7.5,7.525,7.26,7.48,7.48,2069916,0.0,1.0
2022-04-13,7.0,7.64,6.88,7.62,7.62,2702445,0.0,1.0
2022-04-12,7.115,7.25,6.74,7.0,7.0,1943179,0.0,1.0
2022-04-11,6.65,6.97,6.6,6.97,6.97,789724,0.0,1.0
2022-04-08,6.92,6.94,6.58,6.64,6.64,1506745,0.0,1.0
2022-04-07,6.95,6.95,6.7,6.76,6.76,904993,0.0,1.0
2022-04-06,6.75,6.84,6.65,6.75,6.75,1164762,0.0,1.0
2022-04-05,7.18,7.1889,6.71,6.78,6.78,1585276,0.0,1.0
2022-04-04,7.09,7.16,6.86,7.0,7.0,2095758,0.0,1.0
2022-04-01,7.47,7.47,6.83,6.89,6.89,2011591,0.0,1.0
2022-03-31,7.5,7.85,7.13,7.13,7.13,2064905,0.0,1.0
2022-03-30,12.0,12.04,6.69,7.5,7.5,3730908,0.0,1.0
