,EXTN_Open,EXTN_High,EXTN_Low,EXTN_Close,EXTN_Adj Close,EXTN_Volume,EXTN_Dividend Amount,EXTN_Split Coefficient
2022-10-28,4.58,4.58,4.58,4.58,4.58,0,0.0,1.0
2022-10-27,4.58,4.58,4.58,4.58,4.58,0,0.0,1.0
2022-10-26,4.58,4.58,4.58,4.58,4.58,0,0.0,1.0
2022-10-25,4.58,4.58,4.58,4.58,4.58,0,0.0,1.0
2022-10-24,4.58,4.58,4.58,4.58,4.58,0,0.0,1.0
2022-10-21,4.58,4.58,4.58,4.58,4.58,0,0.0,1.0
2022-10-20,4.58,4.58,4.58,4.58,4.58,0,0.0,1.0
2022-10-19,4.58,4.58,4.58,4.58,4.58,0,0.0,1.0
2022-10-18,4.58,4.58,4.58,4.58,4.58,0,0.0,1.0
2022-10-17,4.58,4.58,4.58,4.58,4.58,0,0.0,1.0
2022-10-14,4.58,4.58,4.58,4.58,4.58,0,0.0,1.0
2022-10-13,4.58,4.58,4.58,4.58,4.58,0,0.0,1.0
2022-10-12,4.79,4.82,4.57,4.58,4.58,2673258,0.0,1.0
2022-10-11,4.83,5.09,4.57,4.84,4.84,740995,0.0,1.0
2022-10-10,4.99,5.03,4.66,4.94,4.94,132553,0.0,1.0
2022-10-07,5.15,5.25,4.98,5.04,5.04,421888,0.0,1.0
2022-10-06,4.93,5.06,4.82,5.0,5.0,131908,0.0,1.0
2022-10-05,4.82,5.1,4.58,4.95,4.95,203877,0.0,1.0
2022-10-04,4.4,4.86,4.37,4.82,4.82,351074,0.0,1.0
2022-10-03,4.23,4.46,4.2,4.38,4.38,73318,0.0,1.0
2022-09-30,4.09,4.23,4.055,4.16,4.16,90832,0.0,1.0
2022-09-29,4.31,4.31,3.94,4.18,4.18,53041,0.0,1.0
2022-09-28,4.05,4.32,3.97,4.26,4.26,376607,0.0,1.0
2022-09-27,4.0,4.01,3.87,3.95,3.95,77474,0.0,1.0
2022-09-26,3.95,4.18,3.78,3.86,3.86,298470,0.0,1.0
2022-09-23,4.36,4.36,4.08,4.17,4.17,93338,0.0,1.0
2022-09-22,4.73,4.73,4.43,4.53,4.53,57658,0.0,1.0
2022-09-21,4.65,4.7,4.55,4.63,4.63,70685,0.0,1.0
2022-09-20,4.69,4.69,4.455,4.55,4.55,37016,0.0,1.0
2022-09-19,4.6,4.69,4.5378,4.68,4.68,28367,0.0,1.0
2022-09-16,4.7,4.75,4.53,4.7,4.7,233250,0.0,1.0
2022-09-15,4.75,4.8,4.7,4.77,4.77,122441,0.0,1.0
2022-09-14,4.79,4.8481,4.76,4.78,4.78,56890,0.0,1.0
2022-09-13,5.0,5.0,4.66,4.7,4.7,97089,0.0,1.0
2022-09-12,4.96,5.11,4.93,5.02,5.02,169181,0.0,1.0
2022-09-09,4.94,5.025,4.86,5.01,5.01,152900,0.0,1.0
2022-09-08,4.7,4.84,4.623,4.83,4.83,87080,0.0,1.0
2022-09-07,4.69,4.73,4.5,4.72,4.72,87343,0.0,1.0
2022-09-06,5.0,5.0,4.7,4.75,4.75,54467,0.0,1.0
2022-09-02,4.94,4.96,4.83,4.96,4.96,66016,0.0,1.0
2022-09-01,4.81,4.83,4.72,4.83,4.83,80824,0.0,1.0
2022-08-31,4.86,4.95,4.76,4.91,4.91,201633,0.0,1.0
2022-08-30,5.05,5.05,4.8001,4.94,4.94,34839,0.0,1.0
2022-08-29,4.96,5.11,4.84,5.06,5.06,84157,0.0,1.0
2022-08-26,5.11,5.11,4.8,5.0,5.0,118793,0.0,1.0
2022-08-25,5.13,5.13,5.04,5.1,5.1,62023,0.0,1.0
2022-08-24,4.85,5.12,4.84,5.09,5.09,325259,0.0,1.0
2022-08-23,4.73,4.96,4.65,4.87,4.87,163390,0.0,1.0
2022-08-22,4.53,4.64,4.41,4.64,4.64,49312,0.0,1.0
2022-08-19,4.63,4.63,4.48,4.6,4.6,83384,0.0,1.0
2022-08-18,4.6,4.69,4.56,4.69,4.69,49721,0.0,1.0
2022-08-17,4.63,4.63,4.41,4.52,4.52,43703,0.0,1.0
2022-08-16,4.61,4.82,4.5212,4.67,4.67,67903,0.0,1.0
2022-08-15,4.58,4.64,4.37,4.64,4.64,148567,0.0,1.0
2022-08-12,4.71,4.71,4.47,4.7,4.7,151473,0.0,1.0
2022-08-11,4.07,4.72,3.96,4.71,4.71,997470,0.0,1.0
2022-08-10,3.97,4.16,3.95,4.05,4.05,114558,0.0,1.0
2022-08-09,4.1,4.12,3.97,3.98,3.98,155020,0.0,1.0
2022-08-08,3.86,4.02,3.83,4.0,4.0,109741,0.0,1.0
2022-08-05,3.79,3.9125,3.691,3.89,3.89,101849,0.0,1.0
2022-08-04,4.07,4.13,3.84,3.87,3.87,523952,0.0,1.0
2022-08-03,4.09,4.11,3.98,4.06,4.06,220561,0.0,1.0
2022-08-02,4.05,4.23,4.02,4.09,4.09,342740,0.0,1.0
2022-08-01,4.0,4.09,3.95,4.09,4.09,46889,0.0,1.0
2022-07-29,4.04,4.19,3.99,4.11,4.11,108580,0.0,1.0
2022-07-28,4.06,4.12,3.95,4.04,4.04,103913,0.0,1.0
2022-07-27,3.82,4.04,3.74,4.02,4.02,146813,0.0,1.0
2022-07-26,3.78,3.81,3.66,3.79,3.79,46508,0.0,1.0
2022-07-25,3.74,3.74,3.64,3.72,3.72,62052,0.0,1.0
2022-07-22,3.76,3.77,3.65,3.72,3.72,64104,0.0,1.0
2022-07-21,3.79,3.87,3.62,3.79,3.79,197673,0.0,1.0
2022-07-20,3.77,3.97,3.65,3.88,3.88,179701,0.0,1.0
2022-07-19,3.49,3.875,3.49,3.84,3.84,121181,0.0,1.0
2022-07-18,3.44,3.53,3.34,3.48,3.48,429526,0.0,1.0
2022-07-15,3.44,3.44,3.315,3.38,3.38,474753,0.0,1.0
2022-07-14,3.57,3.62,3.27,3.37,3.37,306299,0.0,1.0
2022-07-13,3.7,3.75,3.59,3.66,3.66,241385,0.0,1.0
2022-07-12,3.96,4.06,3.71,3.75,3.75,397067,0.0,1.0
2022-07-11,4.17,4.17,3.97,4.06,4.06,161021,0.0,1.0
2022-07-08,4.32,4.32,4.02,4.26,4.26,190839,0.0,1.0
2022-07-07,3.94,4.36,3.94,4.3,4.3,186906,0.0,1.0
2022-07-06,4.02,4.02,3.56,3.87,3.87,327088,0.0,1.0
2022-07-05,3.85,4.07,3.805,4.0,4.0,285499,0.0,1.0
2022-07-01,4.3,4.32,3.86,3.89,3.89,204221,0.0,1.0
2022-06-30,4.31,4.41,4.17,4.3,4.3,323140,0.0,1.0
2022-06-29,4.56,4.56,4.36,4.41,4.41,181560,0.0,1.0
2022-06-28,4.62,4.6834,4.47,4.52,4.52,129184,0.0,1.0
2022-06-27,4.51,4.59,4.5,4.52,4.52,107788,0.0,1.0
2022-06-24,4.64,4.69,4.5,4.56,4.56,184632,0.0,1.0
2022-06-23,4.6,4.61,4.31,4.58,4.58,543670,0.0,1.0
2022-06-22,4.75,4.79,4.55,4.62,4.62,183082,0.0,1.0
2022-06-21,4.83,5.0458,4.75,4.99,4.99,237612,0.0,1.0
2022-06-17,4.78,4.955,4.53,4.75,4.75,296270,0.0,1.0
2022-06-16,5.03,5.19,4.72,4.81,4.81,467011,0.0,1.0
2022-06-15,5.11,5.355,5.0,5.2,5.2,608837,0.0,1.0
2022-06-14,5.57,5.57,5.0,5.06,5.06,265009,0.0,1.0
2022-06-13,5.59,5.75,5.4,5.49,5.49,218215,0.0,1.0
2022-06-10,6.08,6.0953,5.71,5.78,5.78,98116,0.0,1.0
2022-06-09,6.42,6.42,6.2,6.2,6.2,74361,0.0,1.0
2022-06-08,6.39,6.53,6.34,6.45,6.45,183699,0.0,1.0
2022-06-07,6.15,6.43,6.1,6.41,6.41,114513,0.0,1.0
2022-06-06,6.26,6.2808,6.09,6.21,6.21,66487,0.0,1.0
2022-06-03,6.31,6.31,6.13,6.2,6.2,60838,0.0,1.0
2022-06-02,6.22,6.45,6.17,6.3,6.3,93270,0.0,1.0
2022-06-01,6.18,6.22,6.04,6.22,6.22,842039,0.0,1.0
2022-05-31,6.2,6.48,6.07,6.11,6.11,132696,0.0,1.0
2022-05-27,6.05,6.1,5.94,6.08,6.08,171286,0.0,1.0
2022-05-26,5.97,6.12,5.97,5.98,5.98,117477,0.0,1.0
2022-05-25,5.78,5.92,5.695,5.88,5.88,221024,0.0,1.0
2022-05-24,5.59,5.79,5.59,5.75,5.75,295691,0.0,1.0
2022-05-23,5.87,5.87,5.69,5.69,5.69,88319,0.0,1.0
2022-05-20,5.85,6.12,5.8,5.82,5.82,242136,0.0,1.0
2022-05-19,5.71,5.94,5.71,5.85,5.85,63830,0.0,1.0
2022-05-18,6.09,6.13,5.81,5.86,5.86,102214,0.0,1.0
2022-05-17,6.09,6.17,6.03,6.1,6.1,159347,0.0,1.0
2022-05-16,5.84,6.1,5.84,6.03,6.03,90990,0.0,1.0
2022-05-13,5.7,5.99,5.67,5.88,5.88,152498,0.0,1.0
2022-05-12,5.8,5.87,5.57,5.65,5.65,164052,0.0,1.0
2022-05-11,5.76,6.27,5.76,5.87,5.87,301736,0.0,1.0
2022-05-10,5.65,5.9,5.64,5.74,5.74,440680,0.0,1.0
2022-05-09,5.71,5.88,5.62,5.62,5.62,282009,0.0,1.0
2022-05-06,6.33,6.33,5.95,5.95,5.95,705494,0.0,1.0
2022-05-05,6.83,6.84,6.01,6.31,6.31,213646,0.0,1.0
2022-05-04,6.6,6.86,6.4,6.86,6.86,162577,0.0,1.0
2022-05-03,6.27,6.69,6.27,6.6,6.6,149122,0.0,1.0
2022-05-02,6.79,6.79,6.13,6.36,6.36,315027,0.0,1.0
2022-04-29,6.73,6.82,6.65,6.79,6.79,208077,0.0,1.0
2022-04-28,6.65,6.73,6.3602,6.73,6.73,134324,0.0,1.0
2022-04-27,6.48,6.67,6.44,6.53,6.53,103136,0.0,1.0
2022-04-26,6.5,6.78,6.48,6.53,6.53,221479,0.0,1.0
2022-04-25,6.59,6.64,6.31,6.58,6.58,525291,0.0,1.0
2022-04-22,7.0,7.09,6.7,6.79,6.79,261301,0.0,1.0
2022-04-21,7.7,7.7,7.01,7.08,7.08,254694,0.0,1.0
2022-04-20,7.54,7.69,7.34,7.6,7.6,128035,0.0,1.0
2022-04-19,7.46,7.67,7.34,7.53,7.53,232685,0.0,1.0
2022-04-18,7.5,7.689,7.41,7.54,7.54,181698,0.0,1.0
2022-04-14,7.24,7.58,7.17,7.49,7.49,254410,0.0,1.0
2022-04-13,7.18,7.35,6.9605,7.28,7.28,323033,0.0,1.0
2022-04-12,6.92,7.18,6.8,7.11,7.11,412415,0.0,1.0
2022-04-11,7.02,7.24,6.696,6.81,6.81,291596,0.0,1.0
2022-04-08,6.41,7.0,6.38,6.99,6.99,428454,0.0,1.0
2022-04-07,6.49,6.56,6.39,6.48,6.48,59804,0.0,1.0
2022-04-06,6.51,6.59,6.37,6.45,6.45,66775,0.0,1.0
2022-04-05,6.56,6.8,6.47,6.48,6.48,210242,0.0,1.0
2022-04-04,6.29,6.6,6.28,6.56,6.56,139159,0.0,1.0
2022-04-01,6.21,6.34,6.14,6.28,6.28,616252,0.0,1.0
2022-03-31,6.3,6.48,6.15,6.21,6.21,390793,0.0,1.0
2022-03-30,6.45,6.54,6.3,6.39,6.39,447963,0.0,1.0
2022-03-29,6.37,6.51,6.27,6.44,6.44,481155,0.0,1.0
2022-03-28,6.53,6.612,6.47,6.48,6.48,117418,0.0,1.0
2022-03-25,6.38,6.73,6.38,6.65,6.65,572591,0.0,1.0
2022-03-24,6.63,6.74,6.43,6.45,6.45,184867,0.0,1.0
2022-03-23,6.41,6.65,6.38,6.6,6.6,257882,0.0,1.0
2022-03-22,6.44,6.54,6.31,6.32,6.32,346071,0.0,1.0
2022-03-21,6.36,6.58,6.36,6.43,6.43,194774,0.0,1.0
2022-03-18,6.17,6.32,6.1,6.31,6.31,234145,0.0,1.0
2022-03-17,5.93,6.23,5.8407,6.17,6.17,148592,0.0,1.0
2022-03-16,5.7,5.9,5.695,5.83,5.83,273854,0.0,1.0
2022-03-15,5.72,5.83,5.64,5.7,5.7,332730,0.0,1.0
2022-03-14,6.2,6.2,5.71,5.89,5.89,332678,0.0,1.0
2022-03-11,6.18,6.27,6.18,6.21,6.21,927734,0.0,1.0
2022-03-10,6.2,6.35,6.13,6.22,6.22,196744,0.0,1.0
2022-03-09,6.3,6.45,6.16,6.21,6.21,770205,0.0,1.0
2022-03-08,6.48,6.64,6.3,6.34,6.34,522932,0.0,1.0
2022-03-07,6.41,6.63,6.27,6.37,6.37,349529,0.0,1.0
2022-03-04,6.18,6.34,6.11,6.23,6.23,239286,0.0,1.0
2022-03-03,6.17,6.28,6.1,6.2,6.2,148901,0.0,1.0
2022-03-02,6.1,6.36,6.1,6.19,6.19,483764,0.0,1.0
2022-03-01,5.95,6.15,5.92,6.06,6.06,340607,0.0,1.0
2022-02-28,5.69,5.95,5.69,5.92,5.92,274878,0.0,1.0
2022-02-25,5.62,5.89,5.61,5.77,5.77,861895,0.0,1.0
2022-02-24,5.7,5.71,5.47,5.62,5.62,315724,0.0,1.0
2022-02-23,5.76,5.9,5.69,5.72,5.72,393222,0.0,1.0
2022-02-22,5.81,5.95,5.73,5.75,5.75,426160,0.0,1.0
2022-02-18,5.89,5.91,5.72,5.81,5.81,442792,0.0,1.0
2022-02-17,5.93,6.01,5.92,5.96,5.96,142473,0.0,1.0
2022-02-16,5.83,6.12,5.83,5.99,5.99,235840,0.0,1.0
2022-02-15,5.82,5.96,5.75,5.89,5.89,270703,0.0,1.0
2022-02-14,5.87,6.04,5.81,5.91,5.91,525499,0.0,1.0
2022-02-11,5.76,6.17,5.76,5.9,5.9,729589,0.0,1.0
2022-02-10,5.6,5.92,5.52,5.73,5.73,484424,0.0,1.0
2022-02-09,5.81,5.84,5.6365,5.75,5.75,965735,0.0,1.0
2022-02-08,5.77,5.86,5.601,5.72,5.72,522360,0.0,1.0
2022-02-07,5.69,5.96,5.66,5.8,5.8,831811,0.0,1.0
2022-02-04,5.39,5.69,5.39,5.64,5.64,446398,0.0,1.0
2022-02-03,5.6,5.66,5.37,5.37,5.37,478352,0.0,1.0
2022-02-02,5.54,5.83,5.53,5.71,5.71,884451,0.0,1.0
2022-02-01,5.44,5.7,5.38,5.6,5.6,776985,0.0,1.0
2022-01-31,5.11,5.48,5.0607,5.46,5.46,2303750,0.0,1.0
2022-01-28,4.91,5.18,4.8901,5.07,5.07,1626120,0.0,1.0
2022-01-27,4.86,5.233,4.84,5.01,5.01,1855458,0.0,1.0
2022-01-26,4.86,5.14,4.72,4.8,4.8,3483359,0.0,1.0
2022-01-25,4.57,4.83,4.4901,4.79,4.79,4536128,0.0,1.0
2022-01-24,4.84,4.9,4.32,4.79,4.79,60859406,0.0,1.0
2022-01-21,3.08,3.105,2.96,3.0,3.0,146245,0.0,1.0
2022-01-20,3.22,3.32,3.11,3.13,3.13,220186,0.0,1.0
2022-01-19,3.41,3.48,3.22,3.24,3.24,170042,0.0,1.0
2022-01-18,3.54,3.5843,3.3,3.41,3.41,323699,0.0,1.0
2022-01-14,3.43,3.625,3.39,3.54,3.54,307478,0.0,1.0
2022-01-13,3.45,3.54,3.34,3.45,3.45,208247,0.0,1.0
2022-01-12,3.48,3.52,3.35,3.47,3.47,164424,0.0,1.0
2022-01-11,3.31,3.49,3.25,3.46,3.46,252359,0.0,1.0
2022-01-10,3.46,3.46,3.23,3.27,3.27,233045,0.0,1.0
2022-01-07,3.41,3.48,3.345,3.47,3.47,162197,0.0,1.0
2022-01-06,3.39,3.41,3.25,3.41,3.41,227312,0.0,1.0
2022-01-05,3.45,3.51,3.25,3.32,3.32,318225,0.0,1.0
2022-01-04,3.4,3.64,3.38,3.44,3.44,515798,0.0,1.0
2022-01-03,3.01,3.29,2.99,3.28,3.28,443884,0.0,1.0
2021-12-31,2.85,2.98,2.77,2.98,2.98,845861,0.0,1.0
2021-12-30,2.92,2.97,2.89,2.92,2.92,569868,0.0,1.0
2021-12-29,3.05,3.05,2.87,2.92,2.92,456538,0.0,1.0
2021-12-28,3.06,3.1399,2.96,3.05,3.05,420823,0.0,1.0
2021-12-27,3.02,3.1,2.87,3.08,3.08,571973,0.0,1.0
2021-12-23,3.01,3.03,2.93,3.02,3.02,250976,0.0,1.0
2021-12-22,3.01,3.04,2.89,2.97,2.97,283854,0.0,1.0
2021-12-21,2.87,3.01,2.83,3.0,3.0,322671,0.0,1.0
2021-12-20,2.8,2.86,2.68,2.84,2.84,396818,0.0,1.0
2021-12-17,2.89,2.92,2.72,2.92,2.92,409085,0.0,1.0
2021-12-16,3.08,3.08,2.86,2.89,2.89,397474,0.0,1.0
2021-12-15,2.87,3.07,2.67,3.05,3.05,701350,0.0,1.0
2021-12-14,2.97,3.005,2.86,2.88,2.88,394363,0.0,1.0
2021-12-13,3.15,3.15,2.95,2.98,2.98,469374,0.0,1.0
2021-12-10,3.28,3.32,3.05,3.18,3.18,352555,0.0,1.0
2021-12-09,3.14,3.25,3.02,3.24,3.24,359038,0.0,1.0
2021-12-08,3.2,3.2,3.11,3.16,3.16,448639,0.0,1.0
2021-12-07,3.22,3.34,3.18,3.19,3.19,477257,0.0,1.0
2021-12-06,3.07,3.18,2.96,3.15,3.15,376681,0.0,1.0
2021-12-03,3.28,3.35,3.02,3.09,3.09,443865,0.0,1.0
2021-12-02,3.23,3.23,3.05,3.19,3.19,607768,0.0,1.0
2021-12-01,3.48,3.48,3.19,3.22,3.22,315083,0.0,1.0
2021-11-30,3.49,3.54,3.35,3.41,3.41,236511,0.0,1.0
2021-11-29,3.74,3.75,3.47,3.58,3.58,224458,0.0,1.0
2021-11-26,3.55,3.76,3.51,3.7,3.7,275404,0.0,1.0
2021-11-24,3.62,3.82,3.59,3.82,3.82,222299,0.0,1.0
2021-11-23,3.74,3.8,3.64,3.71,3.71,145453,0.0,1.0
2021-11-22,3.86,3.86,3.62,3.7,3.7,257473,0.0,1.0
2021-11-19,3.95,3.95,3.75,3.81,3.81,428351,0.0,1.0
2021-11-18,4.12,4.12,3.93,4.06,4.06,392025,0.0,1.0
2021-11-17,4.25,4.29,4.01,4.18,4.18,233764,0.0,1.0
2021-11-16,4.25,4.33,4.12,4.31,4.31,117658,0.0,1.0
2021-11-15,4.43,4.43,4.23,4.26,4.26,174457,0.0,1.0
2021-11-12,4.46,4.51,4.34,4.42,4.42,193144,0.0,1.0
2021-11-11,4.6,4.6036,4.43,4.5,4.5,157683,0.0,1.0
2021-11-10,4.66,4.7,4.495,4.6,4.6,215170,0.0,1.0
2021-11-09,4.55,4.72,4.43,4.7,4.7,204662,0.0,1.0
2021-11-08,4.45,4.58,4.45,4.57,4.57,206379,0.0,1.0
2021-11-05,4.19,4.43,4.13,4.42,4.42,327556,0.0,1.0
2021-11-04,4.3,4.39,4.02,4.16,4.16,467696,0.0,1.0
2021-11-03,4.48,4.5362,3.96,4.29,4.29,927536,0.0,1.0
2021-11-02,4.34,4.47,4.16,4.44,4.44,284795,0.0,1.0
2021-11-01,4.32,4.3999,4.24,4.36,4.36,155610,0.0,1.0
2021-10-29,4.57,4.62,4.21,4.28,4.28,329559,0.0,1.0
2021-10-28,4.62,4.62,4.4129,4.52,4.52,160930,0.0,1.0
2021-10-27,4.78,4.79,4.605,4.61,4.61,163031,0.0,1.0
2021-10-26,4.88,4.92,4.79,4.84,4.84,244068,0.0,1.0
2021-10-25,4.96,4.96,4.69,4.83,4.83,395027,0.0,1.0
2021-10-22,4.95,4.99,4.83,4.91,4.91,89128,0.0,1.0
2021-10-21,4.98,4.98,4.835,4.94,4.94,196928,0.0,1.0
2021-10-20,5.08,5.08,4.92,5.02,5.02,249189,0.0,1.0
2021-10-19,5.12,5.12,4.92,5.11,5.11,192612,0.0,1.0
2021-10-18,5.22,5.29,5.08,5.09,5.09,454686,0.0,1.0
2021-10-15,5.19,5.24,5.13,5.19,5.19,354005,0.0,1.0
2021-10-14,4.84,5.14,4.83,5.14,5.14,555730,0.0,1.0
2021-10-13,4.7,4.8,4.58,4.79,4.79,190015,0.0,1.0
2021-10-12,4.63,4.7019,4.6,4.67,4.67,125774,0.0,1.0
2021-10-11,4.59,4.68,4.55,4.64,4.64,201745,0.0,1.0
2021-10-08,4.48,4.625,4.44,4.55,4.55,247573,0.0,1.0
2021-10-07,4.39,4.445,4.31,4.42,4.42,98164,0.0,1.0
2021-10-06,4.44,4.55,4.27,4.37,4.37,382485,0.0,1.0
2021-10-05,4.55,4.6,4.35,4.57,4.57,424674,0.0,1.0
2021-10-04,4.59,4.68,4.49,4.51,4.51,259248,0.0,1.0
2021-10-01,4.44,4.61,4.41,4.54,4.54,253743,0.0,1.0
2021-09-30,4.36,4.4679,4.25,4.44,4.44,184971,0.0,1.0
2021-09-29,4.53,4.555,4.32,4.36,4.36,319002,0.0,1.0
2021-09-28,4.58,4.695,4.48,4.5,4.5,318343,0.0,1.0
2021-09-27,4.65,4.66,4.46,4.57,4.57,1598420,0.0,1.0
2021-09-24,4.54,4.685,4.54,4.61,4.61,512817,0.0,1.0
2021-09-23,4.38,4.76,4.38,4.63,4.63,1130574,0.0,1.0
2021-09-22,4.26,4.33,4.22,4.26,4.26,343294,0.0,1.0
2021-09-21,4.18,4.22,3.97,4.21,4.21,445939,0.0,1.0
2021-09-20,4.2,4.25,4.04,4.15,4.15,1001891,0.0,1.0
2021-09-17,4.37,4.43,4.2721,4.28,4.28,588331,0.0,1.0
2021-09-16,4.19,4.4,4.18,4.36,4.36,391175,0.0,1.0
2021-09-15,3.98,4.19,3.96,4.15,4.15,483172,0.0,1.0
2021-09-14,4.0,4.01,3.91,3.95,3.95,320975,0.0,1.0
2021-09-13,3.81,4.0,3.805,3.98,3.98,295365,0.0,1.0
2021-09-10,3.85,3.85,3.695,3.75,3.75,169442,0.0,1.0
2021-09-09,3.77,3.88,3.73,3.77,3.77,188970,0.0,1.0
2021-09-08,3.9,3.9,3.72,3.79,3.79,294791,0.0,1.0
2021-09-07,3.98,4.02,3.845,3.91,3.91,240889,0.0,1.0
2021-09-03,3.98,4.0,3.87,3.98,3.98,208939,0.0,1.0
2021-09-02,4.0,4.1,3.955,3.98,3.98,394076,0.0,1.0
2021-09-01,3.95,4.0,3.87,4.0,4.0,241745,0.0,1.0
2021-08-31,3.94,4.02,3.87,3.97,3.97,559910,0.0,1.0
2021-08-30,3.92,3.99,3.81,3.97,3.97,397564,0.0,1.0
2021-08-27,3.83,3.93,3.8,3.91,3.91,344413,0.0,1.0
2021-08-26,3.92,3.95,3.76,3.79,3.79,151885,0.0,1.0
2021-08-25,3.96,3.995,3.82,3.95,3.95,184522,0.0,1.0
2021-08-24,3.8,4.02,3.73,3.94,3.94,546923,0.0,1.0
2021-08-23,3.6,3.795,3.55,3.77,3.77,412774,0.0,1.0
2021-08-20,3.4,3.53,3.33,3.5,3.5,661829,0.0,1.0
2021-08-19,3.63,3.63,3.41,3.47,3.47,337485,0.0,1.0
2021-08-18,3.7,3.73,3.57,3.67,3.67,336487,0.0,1.0
2021-08-17,3.89,3.895,3.64,3.67,3.67,499295,0.0,1.0
2021-08-16,4.09,4.09,3.87,3.92,3.92,687819,0.0,1.0
2021-08-13,4.32,4.32,4.145,4.2,4.2,222999,0.0,1.0
2021-08-12,4.41,4.47,4.28,4.34,4.34,251876,0.0,1.0
2021-08-11,4.05,4.4,4.045,4.4,4.4,356788,0.0,1.0
2021-08-10,4.44,4.44,4.03,4.1,4.1,1022626,0.0,1.0
2021-08-09,4.34,4.56,4.26,4.51,4.51,291730,0.0,1.0
2021-08-06,4.4,4.42,4.24,4.39,4.39,147512,0.0,1.0
2021-08-05,4.3,4.38,4.24,4.34,4.34,245169,0.0,1.0
2021-08-04,4.34,4.36,4.24,4.27,4.27,330525,0.0,1.0
2021-08-03,4.42,4.42,4.17,4.41,4.41,125051,0.0,1.0
2021-08-02,4.4,4.51,4.31,4.42,4.42,226864,0.0,1.0
2021-07-30,4.46,4.47,4.2973,4.38,4.38,247093,0.0,1.0
2021-07-29,4.53,4.53,4.42,4.47,4.47,106504,0.0,1.0
2021-07-28,4.37,4.52,4.255,4.47,4.47,157764,0.0,1.0
2021-07-27,4.42,4.44,4.295,4.35,4.35,192095,0.0,1.0
2021-07-26,4.38,4.53,4.36,4.48,4.48,170947,0.0,1.0
2021-07-23,4.46,4.46,4.248,4.38,4.38,274418,0.0,1.0
2021-07-22,4.55,4.6,4.36,4.45,4.45,241136,0.0,1.0
2021-07-21,4.36,4.58,4.315,4.58,4.58,286499,0.0,1.0
2021-07-20,4.19,4.39,4.15,4.32,4.32,383924,0.0,1.0
2021-07-19,4.07,4.21,3.98,4.19,4.19,477629,0.0,1.0
2021-07-16,4.41,4.42,4.09,4.21,4.21,568601,0.0,1.0
2021-07-15,4.41,4.46,4.26,4.38,4.38,536426,0.0,1.0
2021-07-14,4.65,4.77,4.46,4.47,4.47,215062,0.0,1.0
2021-07-13,4.69,4.6901,4.535,4.65,4.65,268207,0.0,1.0
2021-07-12,4.64,4.79,4.5501,4.74,4.74,337676,0.0,1.0
2021-07-09,4.65,4.75,4.37,4.74,4.74,432119,0.0,1.0
2021-07-08,4.62,4.68,4.45,4.57,4.57,546075,0.0,1.0
2021-07-07,4.5,4.75,4.5,4.75,4.75,678251,0.0,1.0
2021-07-06,4.79,4.81,4.28,4.54,4.54,954888,0.0,1.0
2021-07-02,4.96,4.96,4.7,4.85,4.85,331729,0.0,1.0
2021-07-01,4.88,5.03,4.82,4.94,4.94,354493,0.0,1.0
2021-06-30,4.78,4.81,4.65,4.76,4.76,264533,0.0,1.0
2021-06-29,4.78,4.78,4.68,4.74,4.74,283362,0.0,1.0
2021-06-28,5.24,5.27,4.68,4.75,4.75,859325,0.0,1.0
2021-06-25,4.98,5.26,4.85,5.21,5.21,4663837,0.0,1.0
2021-06-24,4.72,5.1899,4.57,4.98,4.98,947897,0.0,1.0
2021-06-23,4.8,4.85,4.58,4.71,4.71,628154,0.0,1.0
2021-06-22,4.88,4.88,4.64,4.74,4.74,389707,0.0,1.0
2021-06-21,4.7,4.93,4.62,4.93,4.93,499623,0.0,1.0
2021-06-18,4.99,4.99,4.68,4.71,4.71,563146,0.0,1.0
2021-06-17,5.47,5.48,5.02,5.11,5.11,471442,0.0,1.0
2021-06-16,5.27,5.46,5.16,5.45,5.45,424019,0.0,1.0
2021-06-15,5.22,5.31,5.0601,5.29,5.29,400504,0.0,1.0
2021-06-14,5.12,5.37,5.092,5.17,5.17,452140,0.0,1.0
2021-06-11,4.92,5.09,4.92,5.08,5.08,247325,0.0,1.0
2021-06-10,5.09,5.1,4.89,4.92,4.92,283497,0.0,1.0
2021-06-09,5.08,5.13,4.9575,5.02,5.02,280811,0.0,1.0
2021-06-08,5.0,5.13,4.87,5.06,5.06,368302,0.0,1.0
2021-06-07,5.27,5.31,5.0,5.07,5.07,514936,0.0,1.0
2021-06-04,5.35,5.41,5.22,5.29,5.29,282976,0.0,1.0
2021-06-03,5.36,5.39,5.24,5.37,5.37,348150,0.0,1.0
2021-06-02,5.14,5.38,5.0,5.37,5.37,530080,0.0,1.0
2021-06-01,4.8,5.17,4.7701,5.13,5.13,552733,0.0,1.0
2021-05-28,4.71,4.74,4.56,4.72,4.72,233661,0.0,1.0
2021-05-27,4.57,4.72,4.52,4.68,4.68,646033,0.0,1.0
2021-05-26,4.61,4.695,4.53,4.58,4.58,447501,0.0,1.0
2021-05-25,4.81,4.9,4.57,4.62,4.62,561894,0.0,1.0
2021-05-24,5.03,5.06,4.81,4.84,4.84,433833,0.0,1.0
2021-05-21,4.82,5.0,4.73,4.95,4.95,603981,0.0,1.0
2021-05-20,4.53,4.77,4.32,4.77,4.77,678301,0.0,1.0
2021-05-19,4.93,4.9699,4.505,4.57,4.57,545272,0.0,1.0
2021-05-18,5.12,5.18,4.85,5.12,5.12,738394,0.0,1.0
2021-05-17,4.94,5.3,4.82,5.13,5.13,790097,0.0,1.0
2021-05-14,4.52,4.92,4.5,4.91,4.91,797349,0.0,1.0
2021-05-13,4.7,4.8,4.37,4.5,4.5,784576,0.0,1.0
2021-05-12,4.48,4.82,4.39,4.68,4.68,756858,0.0,1.0
2021-05-11,4.45,4.62,4.25,4.5,4.5,859067,0.0,1.0
2021-05-10,3.92,4.67,3.88,4.58,4.58,2795302,0.0,1.0
2021-05-07,3.78,3.84,3.67,3.76,3.76,1400825,0.0,1.0
2021-05-06,3.79,3.92,3.7,3.78,3.78,1359144,0.0,1.0
2021-05-05,3.65,3.81,3.61,3.79,3.79,869400,0.0,1.0
2021-05-04,3.28,3.59,3.28,3.57,3.57,964450,0.0,1.0
2021-05-03,3.31,3.345,3.23,3.32,3.32,493745,0.0,1.0
2021-04-30,3.3,3.34,3.22,3.28,3.28,576352,0.0,1.0
2021-04-29,3.35,3.37,3.23,3.33,3.33,469910,0.0,1.0
2021-04-28,3.27,3.37,3.24,3.33,3.33,473098,0.0,1.0
2021-04-27,3.24,3.27,3.175,3.25,3.25,437459,0.0,1.0
2021-04-26,3.03,3.26,3.01,3.23,3.23,555508,0.0,1.0
2021-04-23,2.94,3.07,2.88,3.03,3.03,622384,0.0,1.0
2021-04-22,3.06,3.06,2.91,2.95,2.95,412708,0.0,1.0
2021-04-21,2.86,3.08,2.77,3.06,3.06,627191,0.0,1.0
2021-04-20,3.04,3.04,2.79,2.87,2.87,756940,0.0,1.0
2021-04-19,3.1,3.11,2.99,3.03,3.03,525283,0.0,1.0
2021-04-16,3.25,3.295,2.96,3.12,3.12,726394,0.0,1.0
2021-04-15,3.35,3.35,3.13,3.22,3.22,841393,0.0,1.0
2021-04-14,3.33,3.378,3.22,3.33,3.33,1093551,0.0,1.0
2021-04-13,3.56,3.56,3.3,3.33,3.33,560479,0.0,1.0
2021-04-12,3.72,3.72,3.56,3.56,3.56,452694,0.0,1.0
2021-04-09,3.7,3.73,3.64,3.71,3.71,434712,0.0,1.0
2021-04-08,3.62,3.74,3.55,3.7,3.7,660230,0.0,1.0
2021-04-07,3.54,3.62,3.45,3.62,3.62,615364,0.0,1.0
2021-04-06,3.47,3.57,3.47,3.54,3.54,698780,0.0,1.0
2021-04-05,3.6,3.625,3.39,3.45,3.45,626437,0.0,1.0
2021-04-01,3.4,3.57,3.33,3.57,3.57,730770,0.0,1.0
2021-03-31,3.39,3.44,3.31,3.36,3.36,655846,0.0,1.0
2021-03-30,3.37,3.48,3.275,3.38,3.38,582552,0.0,1.0
2021-03-29,3.58,3.58,3.2862,3.36,3.36,870096,0.0,1.0
2021-03-26,3.57,3.6,3.43,3.54,3.54,831336,0.0,1.0
2021-03-25,3.42,3.57,3.3,3.5,3.5,1049836,0.0,1.0
2021-03-24,3.63,3.8,3.41,3.48,3.48,833759,0.0,1.0
2021-03-23,3.66,3.71,3.445,3.56,3.56,1179853,0.0,1.0
2021-03-22,3.76,4.08,3.68,3.7,3.7,1759149,0.0,1.0
2021-03-19,3.55,3.76,3.53,3.67,3.67,7628121,0.0,1.0
2021-03-18,3.7,3.81,3.55,3.62,3.62,1069501,0.0,1.0
2021-03-17,3.8,3.86,3.59,3.81,3.81,1117668,0.0,1.0
2021-03-16,4.04,4.04,3.81,3.86,3.86,873700,0.0,1.0
2021-03-15,3.9,4.07,3.635,4.02,4.02,2383324,0.0,1.0
2021-03-12,4.62,4.68,4.39,4.4,4.4,312512,0.0,1.0
2021-03-11,4.44,4.76,4.36,4.63,4.63,475045,0.0,1.0
2021-03-10,4.54,4.57,4.31,4.4,4.4,344240,0.0,1.0
2021-03-09,4.73,4.73,4.48,4.54,4.54,336716,0.0,1.0
2021-03-08,5.01,5.02,4.56,4.81,4.81,508444,0.0,1.0
2021-03-05,4.94,5.02,4.59,5.02,5.02,391497,0.0,1.0
2021-03-04,4.94,5.06,4.78,4.84,4.84,283892,0.0,1.0
2021-03-03,5.32,5.43,4.99,4.99,4.99,272061,0.0,1.0
2021-03-02,5.44,5.55,5.1,5.36,5.36,184729,0.0,1.0
2021-03-01,5.54,5.61,5.3775,5.5,5.5,240754,0.0,1.0
2021-02-26,5.58,5.58,5.1801,5.47,5.47,234666,0.0,1.0
2021-02-25,5.73,5.81,5.565,5.61,5.61,191916,0.0,1.0
2021-02-24,5.46,5.71,5.36,5.7,5.7,335495,0.0,1.0
2021-02-23,5.42,5.51,5.17,5.43,5.43,309867,0.0,1.0
2021-02-22,5.36,5.63,5.32,5.45,5.45,412842,0.0,1.0
2021-02-19,5.34,5.48,5.3,5.37,5.37,177839,0.0,1.0
2021-02-18,5.61,5.65,5.29,5.34,5.34,347154,0.0,1.0
2021-02-17,5.34,5.9699,5.23,5.59,5.59,599417,0.0,1.0
2021-02-16,5.3,5.52,5.25,5.3,5.3,451944,0.0,1.0
2021-02-12,5.09,5.19,5.01,5.18,5.18,222693,0.0,1.0
2021-02-11,5.02,5.1,4.9,5.09,5.09,257227,0.0,1.0
2021-02-10,4.97,5.0999,4.77,5.03,5.03,191013,0.0,1.0
2021-02-09,4.84,4.97,4.68,4.97,4.97,156671,0.0,1.0
2021-02-08,4.84,4.95,4.74,4.85,4.85,171875,0.0,1.0
2021-02-05,4.86,4.88,4.72,4.77,4.77,91804,0.0,1.0
2021-02-04,4.84,4.86,4.66,4.82,4.82,119462,0.0,1.0
2021-02-03,4.68,4.87,4.62,4.75,4.75,161706,0.0,1.0
2021-02-02,4.49,4.75,4.38,4.67,4.67,219338,0.0,1.0
2021-02-01,4.37,4.42,4.28,4.39,4.39,280956,0.0,1.0
2021-01-29,4.36,4.465,4.26,4.32,4.32,309730,0.0,1.0
2021-01-28,4.39,4.43,4.25,4.36,4.36,187325,0.0,1.0
2021-01-27,4.55,4.5993,4.29,4.31,4.31,161729,0.0,1.0
2021-01-26,4.76,4.777,4.56,4.6,4.6,115422,0.0,1.0
2021-01-25,4.83,4.83,4.55,4.7,4.7,125438,0.0,1.0
2021-01-22,4.7,4.83,4.495,4.83,4.83,219561,0.0,1.0
2021-01-21,5.1,5.1,4.8,4.8,4.8,228607,0.0,1.0
2021-01-20,5.07,5.15,4.8,5.08,5.08,236729,0.0,1.0
2021-01-19,4.97,5.12,4.82,5.05,5.05,200023,0.0,1.0
2021-01-15,4.9,4.96,4.82,4.9,4.9,198852,0.0,1.0
2021-01-14,4.89,4.99,4.85,4.95,4.95,373184,0.0,1.0
2021-01-13,5.08,5.08,4.74,4.86,4.86,193198,0.0,1.0
2021-01-12,4.84,5.09,4.82,5.02,5.02,219665,0.0,1.0
2021-01-11,4.56,4.83,4.51,4.82,4.82,206359,0.0,1.0
2021-01-08,4.67,4.73,4.52,4.71,4.71,191687,0.0,1.0
2021-01-07,4.63,4.69,4.5,4.67,4.67,221049,0.0,1.0
2021-01-06,4.71,4.92,4.43,4.59,4.59,370945,0.0,1.0
2021-01-05,4.4,4.81,4.4,4.58,4.58,324319,0.0,1.0
2021-01-04,4.51,4.56,4.22,4.36,4.36,127795,0.0,1.0
2020-12-31,4.25,4.47,4.18,4.42,4.42,284353,0.0,1.0
2020-12-30,4.1,4.28,4.0633,4.27,4.27,112484,0.0,1.0
2020-12-29,4.12,4.135,3.81,4.12,4.12,237134,0.0,1.0
2020-12-28,4.27,4.47,4.03,4.09,4.09,292434,0.0,1.0
2020-12-24,4.36,4.36,4.17,4.31,4.31,81586,0.0,1.0
2020-12-23,4.22,4.38,4.15,4.38,4.38,229344,0.0,1.0
2020-12-22,4.39,4.46,4.15,4.19,4.19,212328,0.0,1.0
2020-12-21,4.4,4.45,4.17,4.38,4.38,227198,0.0,1.0
2020-12-18,4.72,4.91,4.55,4.59,4.59,731941,0.0,1.0
2020-12-17,4.7,4.76,4.505,4.71,4.71,170724,0.0,1.0
2020-12-16,4.8,4.83,4.6,4.7,4.7,217234,0.0,1.0
2020-12-15,4.73,4.8658,4.6,4.79,4.79,134029,0.0,1.0
2020-12-14,4.47,4.8,4.2619,4.72,4.72,330021,0.0,1.0
2020-12-11,4.58,4.58,4.26,4.43,4.43,562705,0.0,1.0
2020-12-10,4.58,4.69,4.36,4.49,4.49,305311,0.0,1.0
2020-12-09,4.75,4.87,4.5,4.54,4.54,236352,0.0,1.0
2020-12-08,4.54,4.78,4.45,4.71,4.71,285595,0.0,1.0
2020-12-07,4.36,4.6,4.34,4.57,4.57,227963,0.0,1.0
2020-12-04,4.13,4.39,3.9801,4.38,4.38,156974,0.0,1.0
2020-12-03,4.14,4.19,4.04,4.1,4.1,76661,0.0,1.0
2020-12-02,4.0,4.17,3.99,4.12,4.12,125647,0.0,1.0
2020-12-01,4.3,4.3,3.96,4.0,4.0,278458,0.0,1.0
2020-11-30,4.31,4.3339,4.19,4.24,4.24,184141,0.0,1.0
2020-11-27,4.33,4.37,4.14,4.36,4.36,94801,0.0,1.0
2020-11-25,4.62,4.7,4.31,4.35,4.35,256360,0.0,1.0
2020-11-24,4.34,4.69,4.3101,4.66,4.66,287668,0.0,1.0
2020-11-23,3.8,4.32,3.8,4.3,4.3,403928,0.0,1.0
2020-11-20,3.73,3.81,3.64,3.79,3.79,119575,0.0,1.0
2020-11-19,3.7,3.78,3.52,3.75,3.75,246092,0.0,1.0
2020-11-18,3.46,3.865,3.405,3.66,3.66,507787,0.0,1.0
2020-11-17,3.48,3.51,3.37,3.45,3.45,193189,0.0,1.0
2020-11-16,3.46,3.6,3.45,3.5,3.5,483468,0.0,1.0
2020-11-13,3.4,3.4,3.23,3.35,3.35,231593,0.0,1.0
2020-11-12,3.67,3.67,3.25,3.35,3.35,370834,0.0,1.0
2020-11-11,3.62,3.6838,3.37,3.4,3.4,255920,0.0,1.0
2020-11-10,3.64,3.78,3.59,3.63,3.63,307481,0.0,1.0
2020-11-09,4.03,4.18,3.54,3.54,3.54,382242,0.0,1.0
2020-11-06,3.86,3.8699,3.53,3.58,3.58,296324,0.0,1.0
2020-11-05,4.21,4.22,3.83,3.84,3.84,235109,0.0,1.0
2020-11-04,4.33,4.35,4.07,4.1,4.1,156726,0.0,1.0
2020-11-03,4.41,4.49,4.1,4.42,4.42,166505,0.0,1.0
2020-11-02,4.23,4.4,4.14,4.4,4.4,129641,0.0,1.0
2020-10-30,3.79,4.24,3.79,4.23,4.23,171225,0.0,1.0
2020-10-29,3.85,3.9,3.7,3.8,3.8,198859,0.0,1.0
2020-10-28,3.94,3.97,3.76,3.9,3.9,268997,0.0,1.0
2020-10-27,4.14,4.14,4.01,4.04,4.04,87962,0.0,1.0
2020-10-26,4.33,4.33,4.05,4.15,4.15,174211,0.0,1.0
2020-10-23,4.31,4.46,4.31,4.4,4.4,114881,0.0,1.0
2020-10-22,4.22,4.34,4.11,4.31,4.31,205518,0.0,1.0
2020-10-21,4.18,4.25,4.07,4.23,4.23,137767,0.0,1.0
2020-10-20,4.36,4.41,4.14,4.22,4.22,216800,0.0,1.0
2020-10-19,4.73,4.73,4.32,4.33,4.33,143255,0.0,1.0
2020-10-16,4.87,4.93,4.7,4.71,4.71,172191,0.0,1.0
2020-10-15,4.81,4.93,4.69,4.9,4.9,116397,0.0,1.0
2020-10-14,4.94,5.0,4.87,4.91,4.91,98408,0.0,1.0
2020-10-13,5.08,5.15,4.77,4.86,4.86,133850,0.0,1.0
2020-10-12,5.0,5.15,4.85,5.13,5.13,150906,0.0,1.0
2020-10-09,4.76,5.17,4.65,4.99,4.99,237719,0.0,1.0
2020-10-08,4.61,4.79,4.55,4.76,4.76,133482,0.0,1.0
2020-10-07,4.48,4.59,4.41,4.54,4.54,130892,0.0,1.0
2020-10-06,4.62,4.71,4.41,4.47,4.47,112537,0.0,1.0
2020-10-05,4.52,4.62,4.42,4.54,4.54,182698,0.0,1.0
2020-10-02,4.29,4.5,4.15,4.48,4.48,185869,0.0,1.0
2020-10-01,4.15,4.51,3.99,4.43,4.43,420840,0.0,1.0
2020-09-30,4.25,4.33,4.04,4.16,4.16,338010,0.0,1.0
2020-09-29,4.4,4.4,4.17,4.26,4.26,226535,0.0,1.0
2020-09-28,4.27,4.495,4.22,4.41,4.41,215729,0.0,1.0
2020-09-25,4.5,4.5,4.21,4.27,4.27,249430,0.0,1.0
2020-09-24,4.58,4.6,4.35,4.5,4.5,290494,0.0,1.0
2020-09-23,5.24,5.25,4.6,4.61,4.61,238063,0.0,1.0
2020-09-22,5.21,5.29,5.07,5.25,5.25,142507,0.0,1.0
2020-09-21,5.36,5.36,4.94,5.19,5.19,227538,0.0,1.0
2020-09-18,5.43,5.57,5.2507,5.54,5.54,921221,0.0,1.0
2020-09-17,5.26,5.44,5.2,5.42,5.42,250064,0.0,1.0
2020-09-16,4.87,5.39,4.71,5.37,5.37,555235,0.0,1.0
2020-09-15,4.09,4.95,4.09,4.81,4.81,737110,0.0,1.0
2020-09-14,4.11,4.11,3.905,4.03,4.03,248334,0.0,1.0
2020-09-11,4.25,4.25,4.0,4.06,4.06,267007,0.0,1.0
2020-09-10,4.59,4.6,4.19,4.24,4.24,280118,0.0,1.0
2020-09-09,4.77,4.77,4.48,4.62,4.62,309417,0.0,1.0
2020-09-08,4.47,4.77,4.24,4.71,4.71,433590,0.0,1.0
2020-09-04,4.5,4.51,4.17,4.37,4.37,172349,0.0,1.0
2020-09-03,4.73,4.88,4.41,4.41,4.41,167671,0.0,1.0
2020-09-02,4.69,4.71,4.5,4.7,4.7,232633,0.0,1.0
2020-09-01,4.51,4.805,4.33,4.75,4.75,247863,0.0,1.0
2020-08-31,4.83,4.83,4.49,4.6,4.6,170113,0.0,1.0
2020-08-28,4.52,4.92,4.44,4.88,4.88,236003,0.0,1.0
2020-08-27,4.74,4.75,4.26,4.42,4.42,205384,0.0,1.0
2020-08-26,5.08,5.08,4.71,4.75,4.75,279746,0.0,1.0
2020-08-25,5.25,5.25,5.05,5.12,5.12,182462,0.0,1.0
2020-08-24,5.25,5.28,5.05,5.18,5.18,161693,0.0,1.0
2020-08-21,4.96,5.18,4.82,5.15,5.15,383973,0.0,1.0
2020-08-20,4.88,4.93,4.7961,4.9,4.9,158890,0.0,1.0
2020-08-19,5.11,5.14,4.84,4.91,4.91,218229,0.0,1.0
2020-08-18,5.53,5.53,5.07,5.14,5.14,204996,0.0,1.0
2020-08-17,5.71,5.76,5.195,5.31,5.31,254518,0.0,1.0
2020-08-14,5.77,5.82,5.5,5.55,5.55,215063,0.0,1.0
2020-08-13,5.87,5.95,5.64,5.7,5.7,285606,0.0,1.0
2020-08-12,5.95,6.055,5.71,5.94,5.94,405794,0.0,1.0
2020-08-11,5.91,5.98,5.47,5.83,5.83,766198,0.0,1.0
2020-08-10,5.75,6.0,5.53,5.84,5.84,268636,0.0,1.0
2020-08-07,5.36,5.68,5.3,5.65,5.65,180629,0.0,1.0
2020-08-06,5.62,5.76,5.37,5.39,5.39,296198,0.0,1.0
2020-08-05,5.54,5.64,5.4,5.59,5.59,168933,0.0,1.0
2020-08-04,5.09,5.44,5.09,5.42,5.42,338925,0.0,1.0
2020-08-03,5.01,5.2,4.93,5.17,5.17,184925,0.0,1.0
2020-07-31,5.14,5.17,4.91,4.97,4.97,273934,0.0,1.0
2020-07-30,4.95,5.29,4.84,5.22,5.22,301790,0.0,1.0
2020-07-29,5.0,5.1,4.88,5.08,5.08,169633,0.0,1.0
2020-07-28,4.92,5.02,4.91,4.99,4.99,137747,0.0,1.0
2020-07-27,5.26,5.34,4.785,4.95,4.95,176930,0.0,1.0
2020-07-24,5.29,5.5128,5.18,5.32,5.32,126435,0.0,1.0
2020-07-23,5.12,5.31,5.11,5.28,5.28,165185,0.0,1.0
2020-07-22,5.08,5.19,4.93,5.14,5.14,335188,0.0,1.0
2020-07-21,5.03,5.3,5.01,5.08,5.08,224588,0.0,1.0
2020-07-20,5.11,5.135,4.91,4.94,4.94,187433,0.0,1.0
2020-07-17,5.15,5.3,5.08,5.13,5.13,124100,0.0,1.0
2020-07-16,5.11,5.2,4.95,5.14,5.14,186300,0.0,1.0
2020-07-15,4.96,5.24,4.88,5.14,5.14,221300,0.0,1.0
2020-07-14,4.67,5.0,4.57,4.89,4.89,207100,0.0,1.0
2020-07-13,4.85,4.95,4.56,4.68,4.68,393900,0.0,1.0
2020-07-10,4.9,5.03,4.77,4.78,4.78,173900,0.0,1.0
2020-07-09,5.1,5.14,4.86,4.9,4.9,225700,0.0,1.0
2020-07-08,5.06,5.26,4.985,5.14,5.14,260800,0.0,1.0
2020-07-07,5.17,5.22,4.93,5.07,5.07,284600,0.0,1.0
2020-07-06,5.47,5.51,4.88,5.27,5.27,420700,0.0,1.0
2020-07-02,5.49,5.56,5.24,5.28,5.28,264900,0.0,1.0
2020-07-01,5.39,5.47,5.23,5.34,5.34,183000,0.0,1.0
2020-06-30,5.4,5.48,5.23,5.39,5.39,212900,0.0,1.0
2020-06-29,5.41,5.62,5.28,5.4,5.4,252700,0.0,1.0
2020-06-26,5.34,5.39,5.03,5.3,5.3,793125,0.0,1.0
2020-06-25,5.33,5.49,5.22,5.4,5.4,308390,0.0,1.0
2020-06-24,5.59,5.67,5.19,5.41,5.41,358972,0.0,1.0
2020-06-23,5.64,5.8,5.42,5.73,5.73,497289,0.0,1.0
2020-06-22,5.74,5.8,5.32,5.49,5.49,374679,0.0,1.0
2020-06-19,6.0,6.32,5.75,5.78,5.78,697773,0.0,1.0
2020-06-18,5.75,5.97,5.67,5.76,5.76,408765,0.0,1.0
2020-06-17,6.15,6.21,5.68,5.79,5.79,422254,0.0,1.0
2020-06-16,6.53,6.53,6.05,6.17,6.17,330160,0.0,1.0
2020-06-15,6.0,6.26,5.75,6.2,6.2,395365,0.0,1.0
2020-06-12,6.3,6.59,6.0,6.24,6.24,259968,0.0,1.0
2020-06-11,7.02,7.07,6.1,6.16,6.16,308267,0.0,1.0
2020-06-10,8.55,8.55,7.48,7.49,7.49,198772,0.0,1.0
2020-06-09,8.24,8.73,8.13,8.69,8.69,418995,0.0,1.0
2020-06-08,8.24,8.925,8.21,8.52,8.52,421266,0.0,1.0
2020-06-05,7.85,8.34,7.62,8.24,8.24,367459,0.0,1.0
2020-06-04,7.11,7.7,7.08,7.58,7.58,303473,0.0,1.0
2020-06-03,7.55,7.55,7.21,7.22,7.22,325453,0.0,1.0
2020-06-02,6.83,7.59,6.66,7.37,7.37,414427,0.0,1.0
2020-06-01,6.49,7.0,6.49,6.75,6.75,268057,0.0,1.0
2020-05-29,6.88,7.09,6.37,6.42,6.42,783819,0.0,1.0
2020-05-28,7.21,7.42,6.88,7.05,7.05,443710,0.0,1.0
2020-05-27,6.54,7.43,6.5,7.28,7.28,461371,0.0,1.0
2020-05-26,5.95,6.5,5.9,6.47,6.47,206137,0.0,1.0
2020-05-22,5.39,5.79,5.225,5.71,5.71,174348,0.0,1.0
2020-05-21,5.45,5.56,5.31,5.43,5.43,132818,0.0,1.0
2020-05-20,5.3,5.43,5.105,5.41,5.41,204357,0.0,1.0
2020-05-19,5.07,5.495,4.83,5.24,5.24,316426,0.0,1.0
2020-05-18,5.12,5.34,4.97,5.1,5.1,465127,0.0,1.0
2020-05-15,4.88,4.9,4.55,4.8,4.8,212681,0.0,1.0
2020-05-14,4.61,4.94,4.36,4.77,4.77,190514,0.0,1.0
2020-05-13,5.03,5.14,4.74,4.86,4.86,212261,0.0,1.0
2020-05-12,5.7,5.71,5.12,5.14,5.14,236918,0.0,1.0
2020-05-11,5.77,5.85,5.2,5.69,5.69,305529,0.0,1.0
2020-05-08,5.4,5.59,5.25,5.55,5.55,199779,0.0,1.0
2020-05-07,5.3,5.37,5.14,5.25,5.25,185157,0.0,1.0
2020-05-06,5.47,5.495,5.08,5.09,5.09,217946,0.0,1.0
2020-05-05,5.81,5.9305,5.285,5.51,5.51,288848,0.0,1.0
2020-05-04,5.96,6.18,5.38,5.64,5.64,220503,0.0,1.0
2020-05-01,6.49,6.619,6.0,6.2,6.2,318140,0.0,1.0
2020-04-30,6.27,7.2,6.07,6.8,6.8,653003,0.0,1.0
2020-04-29,6.0,6.35,5.75,6.3,6.3,319333,0.0,1.0
2020-04-28,5.01,5.74,4.99,5.73,5.73,397302,0.0,1.0
2020-04-27,4.81,5.04,4.59,4.99,4.99,174198,0.0,1.0
2020-04-24,4.95,5.06,4.71,4.83,4.83,168381,0.0,1.0
2020-04-23,4.67,5.1,4.5173,4.95,4.95,274076,0.0,1.0
2020-04-22,4.64,4.7825,4.39,4.55,4.55,195505,0.0,1.0
2020-04-21,4.58,4.73,4.31,4.51,4.51,436553,0.0,1.0
2020-04-20,4.72,5.0,4.43,4.76,4.76,357311,0.0,1.0
2020-04-17,4.42,4.82,4.4,4.73,4.73,167054,0.0,1.0
2020-04-16,5.29,5.35,4.25,4.3,4.3,346411,0.0,1.0
2020-04-15,5.07,5.34,4.95,5.28,5.28,403805,0.0,1.0
2020-04-14,5.42,5.55,5.18,5.25,5.25,278820,0.0,1.0
2020-04-13,4.97,5.38,4.86,5.34,5.34,274040,0.0,1.0
2020-04-09,4.68,5.19,4.64,4.97,4.97,288293,0.0,1.0
2020-04-08,4.4,4.72,4.2,4.68,4.68,317634,0.0,1.0
2020-04-07,4.33,4.66,4.1,4.25,4.25,364012,0.0,1.0
2020-04-06,3.63,4.235,3.5338,4.17,4.17,379379,0.0,1.0
2020-04-03,4.25,4.34,3.24,3.52,3.52,495349,0.0,1.0
2020-04-02,4.25,4.58,4.07,4.25,4.25,341877,0.0,1.0
2020-04-01,4.63,4.63,4.27,4.32,4.32,215980,0.0,1.0
2020-03-31,4.61,4.87,4.5,4.8,4.8,359412,0.0,1.0
2020-03-30,5.01,5.04,4.375,4.62,4.62,232924,0.0,1.0
2020-03-27,5.2,5.2,4.76,5.12,5.12,249262,0.0,1.0
2020-03-26,5.16,5.44,4.98,5.41,5.41,287906,0.0,1.0
2020-03-25,5.49,5.61,5.03,5.15,5.15,340985,0.0,1.0
2020-03-24,4.9,5.61,4.71,5.6,5.6,385460,0.0,1.0
2020-03-23,5.05,5.09,4.23,4.71,4.71,418892,0.0,1.0
2020-03-20,5.07,5.15,4.5,5.02,5.02,772118,0.0,1.0
2020-03-19,5.08,5.29,4.885,5.02,5.02,279629,0.0,1.0
2020-03-18,6.18,6.37,4.87,5.09,5.09,416015,0.0,1.0
2020-03-17,5.53,6.7,5.04,6.68,6.68,451399,0.0,1.0
2020-03-16,6.25,7.149,5.5,5.51,5.51,653181,0.0,1.0
2020-03-13,5.83,8.81,5.51,8.5,8.5,1353068,0.0,1.0
2020-03-12,4.85,5.6099,4.8,5.46,5.46,681273,0.0,1.0
2020-03-11,4.85,5.0873,4.81,4.93,4.93,627109,0.0,1.0
2020-03-10,5.29,5.47,4.83,5.05,5.05,393991,0.0,1.0
2020-03-09,5.83,6.05,4.98,5.01,5.01,331995,0.0,1.0
2020-03-06,6.63,6.64,6.37,6.58,6.58,317373,0.0,1.0
2020-03-05,7.2,7.2,6.5,6.61,6.61,477438,0.0,1.0
2020-03-04,7.36,7.45,6.75,7.27,7.27,997942,0.0,1.0
2020-03-03,6.51,7.36,6.36,7.2,7.2,1168304,0.0,1.0
2020-03-02,5.09,6.775,5.09,6.6,6.6,738592,0.0,1.0
2020-02-28,5.17,5.37,4.83,5.1,5.1,397117,0.0,1.0
2020-02-27,5.16,6.05,5.11,5.37,5.37,548440,0.0,1.0
2020-02-26,5.64,5.74,5.5,5.58,5.58,324578,0.0,1.0
2020-02-25,6.12,6.2,5.61,5.65,5.65,252881,0.0,1.0
2020-02-24,6.02,6.15,5.8,6.1,6.1,314803,0.0,1.0
2020-02-21,6.27,6.4,6.02,6.27,6.27,320060,0.0,1.0
2020-02-20,6.59,6.74,6.08,6.29,6.29,426285,0.0,1.0
2020-02-19,6.65,6.67,6.3,6.58,6.58,379457,0.0,1.0
2020-02-18,6.34,6.92,6.33,6.59,6.59,402503,0.0,1.0
2020-02-14,5.52,6.66,5.45,6.37,6.37,998595,0.0,1.0
2020-02-13,4.64,6.22,4.64,5.52,5.52,1249370,0.0,1.0
2020-02-12,5.08,5.15,4.56,4.6,4.6,364432,0.0,1.0
2020-02-11,5.15,5.28,4.98,4.98,4.98,233091,0.0,1.0
2020-02-10,5.08,5.09,4.63,5.05,5.05,288135,0.0,1.0
2020-02-07,5.24,5.24,5.05,5.09,5.09,148202,0.0,1.0
2020-02-06,5.8,5.8,5.3,5.32,5.32,206096,0.0,1.0
2020-02-05,5.5,5.75,5.3727,5.74,5.74,271406,0.0,1.0
2020-02-04,5.61,5.7,5.37,5.39,5.39,144617,0.0,1.0
2020-02-03,5.44,5.65,5.33,5.5,5.5,295250,0.0,1.0
2020-01-31,5.41,5.45,5.2,5.4,5.4,178305,0.0,1.0
2020-01-30,5.45,5.58,5.3,5.43,5.43,165104,0.0,1.0
2020-01-29,5.76,5.81,5.52,5.58,5.58,149342,0.0,1.0
2020-01-28,5.77,5.835,5.65,5.74,5.74,142138,0.0,1.0
2020-01-27,5.65,5.88,5.59,5.71,5.71,168037,0.0,1.0
2020-01-24,6.05,6.05,5.66,5.88,5.88,179531,0.0,1.0
2020-01-23,6.36,6.36,6.06,6.09,6.09,169566,0.0,1.0
2020-01-22,6.5,6.56,6.38,6.44,6.44,133477,0.0,1.0
2020-01-21,6.65,6.695,6.37,6.58,6.58,186692,0.0,1.0
2020-01-17,6.56,6.67,6.4727,6.61,6.61,172258,0.0,1.0
2020-01-16,6.05,6.52,6.05,6.51,6.51,267164,0.0,1.0
2020-01-15,6.54,6.66,6.02,6.03,6.03,162459,0.0,1.0
2020-01-14,6.63,6.76,6.445,6.56,6.56,138399,0.0,1.0
2020-01-13,6.89,6.9,6.61,6.65,6.65,153405,0.0,1.0
2020-01-10,7.5,7.51,6.88,6.91,6.91,174455,0.0,1.0
2020-01-09,7.73,7.865,7.5069,7.61,7.61,190374,0.0,1.0
2020-01-08,8.13,8.25,7.75,7.75,7.75,157959,0.0,1.0
2020-01-07,8.26,8.46,8.08,8.16,8.16,161238,0.0,1.0
2020-01-06,7.53,8.555,7.48,8.3,8.3,317147,0.0,1.0
2020-01-03,7.31,7.63,7.22,7.42,7.42,322784,0.0,1.0
2020-01-02,7.82,7.83,7.15,7.21,7.21,235817,0.0,1.0
2019-12-31,8.17,8.19,7.71,7.83,7.83,260784,0.0,1.0
2019-12-30,7.85,8.22,7.82,8.18,8.18,226952,0.0,1.0
2019-12-27,8.07,8.1,7.82,7.85,7.85,201124,0.0,1.0
2019-12-26,8.12,8.29,7.92,8.06,8.06,193443,0.0,1.0
2019-12-24,8.0,8.16,7.97,8.09,8.09,128115,0.0,1.0
2019-12-23,7.27,8.09,7.27,7.99,7.99,295699,0.0,1.0
2019-12-20,7.37,7.43,7.19,7.25,7.25,1180482,0.0,1.0
2019-12-19,7.5,7.6,7.315,7.33,7.33,483033,0.0,1.0
2019-12-18,7.42,7.57,7.2896,7.48,7.48,409985,0.0,1.0
2019-12-17,7.15,7.54,7.05,7.41,7.41,471202,0.0,1.0
2019-12-16,6.62,7.14,6.55,7.07,7.07,596070,0.0,1.0
2019-12-13,6.63,6.63,6.3,6.53,6.53,323338,0.0,1.0
2019-12-12,6.68,6.77,6.57,6.63,6.63,303417,0.0,1.0
2019-12-11,6.37,6.89,6.355,6.65,6.65,448291,0.0,1.0
2019-12-10,6.13,6.38,6.04,6.37,6.37,339529,0.0,1.0
2019-12-09,5.92,6.34,5.8972,6.16,6.16,386868,0.0,1.0
2019-12-06,5.57,5.96,5.54,5.94,5.94,469799,0.0,1.0
2019-12-05,5.37,5.67,5.34,5.57,5.57,345782,0.0,1.0
2019-12-04,5.23,5.53,5.23,5.35,5.35,398371,0.0,1.0
2019-12-03,5.27,5.35,5.06,5.2,5.2,277035,0.0,1.0
2019-12-02,5.38,5.59,5.3,5.34,5.34,224955,0.0,1.0
2019-11-29,5.43,5.43,5.125,5.38,5.38,184772,0.0,1.0
2019-11-27,5.45,5.77,5.42,5.52,5.52,213683,0.0,1.0
2019-11-26,6.25,6.27,5.515,5.57,5.57,311171,0.0,1.0
2019-11-25,6.29,6.43,6.17,6.29,6.29,194392,0.0,1.0
2019-11-22,6.24,6.47,6.13,6.27,6.27,294058,0.0,1.0
2019-11-21,6.18,6.32,5.84,6.22,6.22,305722,0.0,1.0
2019-11-20,6.31,6.49,6.03,6.14,6.14,308197,0.0,1.0
2019-11-19,6.78,6.93,5.9701,6.32,6.32,639263,0.0,1.0
2019-11-18,7.52,7.52,6.8,6.84,6.84,265974,0.0,1.0
2019-11-15,7.86,7.95,7.26,7.56,7.56,549047,0.0,1.0
2019-11-14,7.81,7.976,7.65,7.79,7.79,259784,0.0,1.0
2019-11-13,8.2,8.2,7.61,7.86,7.86,316086,0.0,1.0
2019-11-12,8.37,8.61,8.13,8.27,8.27,331230,0.0,1.0
2019-11-11,8.48,8.505,7.85,8.33,8.33,440171,0.0,1.0
2019-11-08,9.27,9.28,8.53,8.64,8.64,587320,0.0,1.0
2019-11-07,11.88,11.99,9.4,9.44,9.44,205567,0.0,1.0
2019-11-06,13.4,13.61,11.85,11.87,11.87,269925,0.0,1.0
2019-11-05,13.5,14.89,13.265,13.49,13.49,237570,0.0,1.0
2019-11-04,13.08,13.8,13.02,13.44,13.44,198867,0.0,1.0
2019-11-01,12.73,13.04,12.55,13.01,13.01,104696,0.0,1.0
2019-10-31,12.45,12.68,12.36,12.67,12.67,101676,0.0,1.0
2019-10-30,12.72,12.72,12.36,12.54,12.54,93052,0.0,1.0
2019-10-29,12.14,12.76,12.14,12.74,12.74,144955,0.0,1.0
2019-10-28,12.18,12.35,12.05,12.25,12.25,95366,0.0,1.0
2019-10-25,12.37,12.44,11.92,12.09,12.09,153615,0.0,1.0
2019-10-24,12.98,12.98,12.41,12.46,12.46,123465,0.0,1.0
2019-10-23,12.44,12.96,12.3,12.94,12.94,91711,0.0,1.0
2019-10-22,12.61,12.78,12.32,12.54,12.54,151788,0.0,1.0
2019-10-21,12.47,12.78,12.4,12.53,12.53,177798,0.0,1.0
2019-10-18,12.58,12.89,12.36,12.43,12.43,116051,0.0,1.0
2019-10-17,12.48,12.755,12.48,12.63,12.63,118570,0.0,1.0
2019-10-16,12.33,12.64,12.33,12.43,12.43,76125,0.0,1.0
2019-10-15,12.36,12.66,12.265,12.4,12.4,77071,0.0,1.0
2019-10-14,12.26,12.46,11.8,12.37,12.37,74109,0.0,1.0
2019-10-11,12.13,12.47,12.11,12.39,12.39,109447,0.0,1.0
2019-10-10,12.11,12.29,11.87,11.95,11.95,95975,0.0,1.0
2019-10-09,12.4,12.4,11.97,12.0,12.0,91868,0.0,1.0
2019-10-08,12.23,12.36,12.0,12.23,12.23,95934,0.0,1.0
2019-10-07,12.39,12.67,12.2,12.43,12.43,119364,0.0,1.0
2019-10-04,12.25,12.57,12.09,12.3,12.3,156194,0.0,1.0
2019-10-03,12.23,12.42,12.11,12.19,12.19,156266,0.0,1.0
2019-10-02,12.47,12.72,12.21,12.37,12.37,117888,0.0,1.0
2019-10-01,13.14,13.32,12.57,12.59,12.59,99774,0.0,1.0
2019-09-30,13.22,13.23,12.98,13.06,13.06,123293,0.0,1.0
2019-09-27,13.03,13.42,13.03,13.25,13.25,132043,0.0,1.0
2019-09-26,13.51,13.63,13.12,13.21,13.21,105260,0.0,1.0
2019-09-25,13.3,13.74,13.25,13.56,13.56,123226,0.0,1.0
2019-09-24,13.62,13.62,13.265,13.41,13.41,147403,0.0,1.0
2019-09-23,13.35,13.78,13.35,13.7,13.7,139327,0.0,1.0
2019-09-20,13.38,13.5,13.11,13.47,13.47,780974,0.0,1.0
2019-09-19,13.41,14.32,13.22,13.35,13.35,160441,0.0,1.0
2019-09-18,13.34,13.54,13.15,13.3,13.3,337929,0.0,1.0
2019-09-17,13.33,13.59,12.65,13.49,13.49,230686,0.0,1.0
2019-09-16,14.27,14.27,13.265,13.41,13.41,280963,0.0,1.0
2019-09-13,13.46,13.65,13.01,13.37,13.37,197099,0.0,1.0
2019-09-12,12.84,13.3,12.2,13.28,13.28,264839,0.0,1.0
2019-09-11,12.34,13.13,12.05,13.01,13.01,1413495,0.0,1.0
2019-09-10,11.7,12.31,11.6,12.27,12.27,238106,0.0,1.0
2019-09-09,11.2,11.74,11.16,11.64,11.64,237037,0.0,1.0
2019-09-06,11.23,11.4,11.12,11.14,11.14,158175,0.0,1.0
2019-09-05,10.86,11.32,10.86,11.3,11.3,225705,0.0,1.0
2019-09-04,10.61,10.85,10.4357,10.72,10.72,163741,0.0,1.0
2019-09-03,10.29,10.45,9.97,10.39,10.39,168408,0.0,1.0
2019-08-30,10.41,10.625,10.25,10.55,10.55,182955,0.0,1.0
2019-08-29,10.03,10.515,10.01,10.33,10.33,246442,0.0,1.0
2019-08-28,9.83,10.2,9.73,10.0,10.0,196244,0.0,1.0
2019-08-27,10.24,10.42,9.65,9.79,9.79,326664,0.0,1.0
2019-08-26,10.4,10.55,10.12,10.23,10.23,270598,0.0,1.0
2019-08-23,10.57,10.68,10.22,10.33,10.33,217611,0.0,1.0
2019-08-22,10.63,10.85,10.52,10.77,10.77,191396,0.0,1.0
2019-08-21,10.6,10.71,10.2,10.56,10.56,244432,0.0,1.0
2019-08-20,10.21,10.5,10.01,10.4,10.4,249567,0.0,1.0
2019-08-19,9.99,10.4,9.92,10.28,10.28,238864,0.0,1.0
2019-08-16,9.61,9.91,9.48,9.88,9.88,288913,0.0,1.0
2019-08-15,9.49,9.68,9.08,9.59,9.59,251190,0.0,1.0
2019-08-14,9.62,9.64,9.2,9.52,9.52,365224,0.0,1.0
2019-08-13,9.9,10.39,9.74,9.84,9.84,397106,0.0,1.0
2019-08-12,10.21,10.21,9.71,9.88,9.88,827830,0.0,1.0
2019-08-09,10.63,10.77,10.27,10.29,10.29,222891,0.0,1.0
2019-08-08,11.51,11.52,10.51,10.62,10.62,238643,0.0,1.0
2019-08-07,11.82,12.09,11.37,11.5,11.5,111189,0.0,1.0
2019-08-06,11.58,12.79,10.95,12.21,12.21,239072,0.0,1.0
2019-08-05,12.38,12.53,12.11,12.38,12.38,178100,0.0,1.0
2019-08-02,12.72,12.8,12.49,12.74,12.74,143152,0.0,1.0
2019-08-01,13.49,13.49,12.375,12.79,12.79,208951,0.0,1.0
2019-07-31,13.39,13.88,13.39,13.65,13.65,221860,0.0,1.0
2019-07-30,12.38,13.31,12.28,13.27,13.27,208296,0.0,1.0
2019-07-29,12.56,12.56,12.23,12.48,12.48,117153,0.0,1.0
2019-07-26,12.22,12.6,12.05,12.56,12.56,109339,0.0,1.0
2019-07-25,12.56,12.56,12.13,12.15,12.15,199649,0.0,1.0
2019-07-24,12.39,12.57,12.175,12.45,12.45,156002,0.0,1.0
2019-07-23,12.38,12.52,12.18,12.42,12.42,116653,0.0,1.0
2019-07-22,12.17,12.515,12.07,12.33,12.33,101009,0.0,1.0
2019-07-19,11.89,12.26,11.89,12.16,12.16,168183,0.0,1.0
2019-07-18,11.87,11.94,11.6,11.91,11.91,124944,0.0,1.0
2019-07-17,12.3,12.34,11.75,11.89,11.89,141660,0.0,1.0
2019-07-16,12.48,12.68,12.27,12.32,12.32,154868,0.0,1.0
2019-07-15,13.27,13.27,12.47,12.53,12.53,108464,0.0,1.0
2019-07-12,13.27,13.44,13.11,13.2,13.2,108114,0.0,1.0
2019-07-11,13.39,13.44,13.11,13.32,13.32,78183,0.0,1.0
2019-07-10,13.65,13.71,13.33,13.42,13.42,108712,0.0,1.0
2019-07-09,13.77,13.77,13.38,13.47,13.47,65234,0.0,1.0
2019-07-08,13.79,14.23,13.75,13.84,13.84,97791,0.0,1.0
2019-07-05,13.68,13.98,13.66,13.86,13.86,92661,0.0,1.0
2019-07-03,13.72,13.82,13.54,13.82,13.82,48103,0.0,1.0
2019-07-02,14.21,14.2778,13.52,13.66,13.66,171339,0.0,1.0
2019-07-01,14.48,14.51,14.1,14.25,14.25,194625,0.0,1.0
2019-06-28,13.43,14.36,13.34,14.22,14.22,422132,0.0,1.0
2019-06-27,13.5,13.63,13.21,13.45,13.45,175932,0.0,1.0
2019-06-26,13.31,13.55,13.12,13.5,13.5,127975,0.0,1.0
2019-06-25,13.05,13.23,12.93,13.1,13.1,127602,0.0,1.0
2019-06-24,13.52,13.67,13.02,13.05,13.05,135076,0.0,1.0
2019-06-21,13.73,13.99,13.19,13.48,13.48,293789,0.0,1.0
2019-06-20,13.13,13.74,13.13,13.73,13.73,195785,0.0,1.0
2019-06-19,12.73,12.91,12.59,12.86,12.86,434259,0.0,1.0
2019-06-18,12.55,12.8416,12.48,12.73,12.73,120129,0.0,1.0
2019-06-17,12.44,12.645,12.38,12.4,12.4,148492,0.0,1.0
2019-06-14,13.25,13.32,12.48,12.51,12.51,138592,0.0,1.0
2019-06-13,13.45,13.55,13.2,13.27,13.27,114641,0.0,1.0
2019-06-12,13.65,13.704,13.18,13.19,13.19,106593,0.0,1.0
2019-06-11,13.94,14.17,13.7,13.75,13.75,331799,0.0,1.0
2019-06-10,13.72,14.08,13.72,13.77,13.77,93394,0.0,1.0
2019-06-07,13.31,13.75,13.1505,13.67,13.67,132518,0.0,1.0
2019-06-06,13.51,13.7,13.059,13.29,13.29,458614,0.0,1.0
2019-06-05,14.07,14.2,13.44,13.52,13.52,101888,0.0,1.0
2019-06-04,13.74,14.14,13.66,14.13,14.13,197847,0.0,1.0
2019-06-03,13.89,14.09,13.25,13.56,13.56,202556,0.0,1.0
2019-05-31,13.69,13.85,13.585,13.8,13.8,210796,0.0,1.0
2019-05-30,13.99,14.21,13.78,13.84,13.84,233912,0.0,1.0
2019-05-29,13.61,13.98,13.4,13.96,13.96,749854,0.0,1.0
2019-05-28,13.81,14.03,13.7,13.92,13.92,203474,0.0,1.0
2019-05-24,13.69,14.0,13.41,13.72,13.72,232020,0.0,1.0
2019-05-23,13.7,13.78,13.26,13.5,13.5,237193,0.0,1.0
2019-05-22,14.08,14.4,13.83,14.07,14.07,255218,0.0,1.0
2019-05-21,13.7,14.42,13.7,14.26,14.26,393282,0.0,1.0
2019-05-20,13.61,13.785,13.41,13.64,13.64,464170,0.0,1.0
2019-05-17,13.98,14.09,13.6,13.65,13.65,242662,0.0,1.0
2019-05-16,14.0,14.24,13.92,14.18,14.18,221176,0.0,1.0
2019-05-15,13.28,14.06,13.26,13.92,13.92,430086,0.0,1.0
2019-05-14,13.13,13.59,13.13,13.44,13.44,459062,0.0,1.0
2019-05-13,13.24,13.44,13.09,13.11,13.11,243504,0.0,1.0
2019-05-10,13.76,13.97,13.2,13.38,13.38,521294,0.0,1.0
2019-05-09,13.64,14.05,13.64,13.84,13.84,249647,0.0,1.0
2019-05-08,13.84,13.98,13.71,13.71,13.71,241088,0.0,1.0
2019-05-07,14.05,14.24,13.55,13.87,13.87,378262,0.0,1.0
2019-05-06,13.52,14.32,13.36,14.27,14.27,212180,0.0,1.0
2019-05-03,13.87,14.04,13.58,13.74,13.74,543659,0.0,1.0
2019-05-02,13.68,14.1122,13.41,13.76,13.76,366351,0.0,1.0
2019-05-01,14.24,14.8,14.12,14.22,14.22,461803,0.0,1.0
2019-04-30,15.33,15.33,13.95,14.22,14.22,789688,0.0,1.0
2019-04-29,15.06,15.61,14.98,15.25,15.25,194916,0.0,1.0
2019-04-26,15.38,15.52,14.95,14.99,14.99,208675,0.0,1.0
2019-04-25,16.18,16.18,15.25,15.41,15.41,286572,0.0,1.0
2019-04-24,16.94,16.96,16.18,16.26,16.26,164377,0.0,1.0
2019-04-23,17.08,17.24,16.85,16.93,16.93,216072,0.0,1.0
2019-04-22,17.2,17.2,16.675,17.09,17.09,116395,0.0,1.0
2019-04-18,17.27,17.46,16.95,17.06,17.06,63576,0.0,1.0
2019-04-17,17.37,17.37,17.21,17.27,17.27,105851,0.0,1.0
2019-04-16,17.2,17.23,16.85,17.2,17.2,81746,0.0,1.0
2019-04-15,17.15,17.28,17.02,17.05,17.05,77915,0.0,1.0
2019-04-12,17.78,17.79,17.15,17.21,17.21,84168,0.0,1.0
2019-04-11,17.44,17.54,17.24,17.42,17.42,80186,0.0,1.0
2019-04-10,17.37,17.68,17.37,17.43,17.43,159275,0.0,1.0
2019-04-09,17.73,17.73,17.23,17.28,17.28,128828,0.0,1.0
2019-04-08,17.73,18.2,17.6301,17.84,17.84,69858,0.0,1.0
2019-04-05,17.5,17.86,17.43,17.73,17.73,109624,0.0,1.0
2019-04-04,17.15,17.53,17.05,17.49,17.49,137006,0.0,1.0
2019-04-03,17.4,17.52,17.06,17.12,17.12,92029,0.0,1.0
2019-04-02,17.59,17.69,17.12,17.28,17.28,263889,0.0,1.0
2019-04-01,17.05,17.68,16.95,17.61,17.61,226326,0.0,1.0
2019-03-29,16.95,17.19,16.73,16.85,16.85,364110,0.0,1.0
2019-03-28,16.86,17.18,16.72,16.88,16.88,172593,0.0,1.0
2019-03-27,17.31,17.34,16.88,17.0,17.0,306351,0.0,1.0
2019-03-26,17.26,17.73,17.22,17.39,17.39,142795,0.0,1.0
2019-03-25,17.31,17.43,16.92,17.05,17.05,441311,0.0,1.0
2019-03-22,17.77,17.81,17.33,17.34,17.34,203361,0.0,1.0
2019-03-21,18.18,18.32,17.9,17.93,17.93,285113,0.0,1.0
2019-03-20,18.07,18.585,17.98,18.29,18.29,126706,0.0,1.0
2019-03-19,18.44,18.57,18.12,18.12,18.12,149875,0.0,1.0
2019-03-18,17.95,18.37,17.88,18.3,18.3,185392,0.0,1.0
2019-03-15,17.79,18.095,17.79,17.89,17.89,327699,0.0,1.0
2019-03-14,18.14,18.29,17.84,17.84,17.84,154543,0.0,1.0
2019-03-13,17.47,18.45,17.47,18.16,18.16,234599,0.0,1.0
2019-03-12,16.81,17.47,16.81,17.36,17.36,303685,0.0,1.0
2019-03-11,16.64,16.93,16.39,16.79,16.79,199639,0.0,1.0
2019-03-08,16.1,16.84,16.03,16.54,16.54,178424,0.0,1.0
2019-03-07,16.16,16.51,15.95,16.39,16.39,153878,0.0,1.0
2019-03-06,16.65,16.65,15.58,16.04,16.04,201186,0.0,1.0
2019-03-05,17.05,17.33,16.54,16.72,16.72,96530,0.0,1.0
2019-03-04,17.3,17.45,16.85,17.01,17.01,152927,0.0,1.0
2019-03-01,17.22,17.41,17.05,17.24,17.24,124267,0.0,1.0
2019-02-28,17.28,17.28,16.7,17.07,17.07,102738,0.0,1.0
2019-02-27,18.09,18.43,17.23,17.25,17.25,161998,0.0,1.0
2019-02-26,17.79,18.51,17.72,18.07,18.07,215697,0.0,1.0
2019-02-25,17.94,18.35,17.74,17.9,17.9,95145,0.0,1.0
2019-02-22,18.08,18.17,17.83,17.93,17.93,116483,0.0,1.0
2019-02-21,18.62,18.68,17.84,17.89,17.89,182135,0.0,1.0
2019-02-20,18.27,18.82,18.27,18.73,18.73,183585,0.0,1.0
2019-02-19,18.12,18.47,17.95,18.29,18.29,191632,0.0,1.0
2019-02-15,17.69,18.19,17.69,18.16,18.16,152910,0.0,1.0
2019-02-14,17.37,17.67,17.05,17.53,17.53,236000,0.0,1.0
2019-02-13,17.49,17.74,17.22,17.37,17.37,128535,0.0,1.0
2019-02-12,17.12,17.62,16.89,17.39,17.39,97597,0.0,1.0
2019-02-11,16.5,16.86,16.26,16.85,16.85,66468,0.0,1.0
2019-02-08,16.6,16.6,16.21,16.49,16.49,112011,0.0,1.0
2019-02-07,17.44,17.52,16.42,16.63,16.63,94607,0.0,1.0
2019-02-06,17.79,17.79,17.505,17.56,17.56,61042,0.0,1.0
2019-02-05,17.93,18.2766,17.74,17.83,17.83,61453,0.0,1.0
2019-02-04,17.37,17.93,17.15,17.92,17.92,167503,0.0,1.0
2019-02-01,17.33,17.67,17.18,17.4,17.4,94212,0.0,1.0
2019-01-31,17.24,17.46,17.07,17.36,17.36,118630,0.0,1.0
2019-01-30,17.29,17.35,16.93,17.24,17.24,77299,0.0,1.0
2019-01-29,17.19,17.55,17.12,17.13,17.13,63855,0.0,1.0
2019-01-28,17.4,17.4,16.78,17.06,17.06,89694,0.0,1.0
2019-01-25,17.94,18.2,17.59,17.65,17.65,91567,0.0,1.0
2019-01-24,17.52,17.84,17.27,17.69,17.69,98622,0.0,1.0
2019-01-23,18.14,18.14,17.41,17.51,17.51,101497,0.0,1.0
2019-01-22,19.03,19.17,17.95,18.02,18.02,141352,0.0,1.0
2019-01-18,19.28,19.57,19.12,19.37,19.37,102891,0.0,1.0
2019-01-17,18.73,19.26,18.61,19.02,19.02,162556,0.0,1.0
2019-01-16,18.87,19.33,18.75,18.81,18.81,194180,0.0,1.0
2019-01-15,18.96,19.27,18.66,18.88,18.88,103400,0.0,1.0
2019-01-14,19.24,19.45,18.85,18.87,18.87,94901,0.0,1.0
2019-01-11,19.41,19.51,19.18,19.42,19.42,81048,0.0,1.0
2019-01-10,19.44,19.68,19.225,19.66,19.66,97920,0.0,1.0
2019-01-09,19.9,20.115,19.51,19.7,19.7,192137,0.0,1.0
2019-01-08,19.92,19.92,19.505,19.67,19.67,82416,0.0,1.0
2019-01-07,19.31,19.78,19.13,19.59,19.59,189428,0.0,1.0
2019-01-04,18.62,19.32,18.59,19.31,19.31,222949,0.0,1.0
2019-01-03,18.09,18.5,17.63,18.29,18.29,114578,0.0,1.0
2019-01-02,17.28,18.29,17.21,18.13,18.13,102183,0.0,1.0
2018-12-31,17.65,17.74,17.27,17.7,17.7,112803,0.0,1.0
2018-12-28,17.5,17.7,17.2184,17.51,17.51,136824,0.0,1.0
2018-12-27,17.22,17.69,16.98,17.41,17.41,111767,0.0,1.0
2018-12-26,17.2,17.74,16.67,17.73,17.73,162679,0.0,1.0
2018-12-24,17.27,17.46,16.8453,17.0,17.0,90330,0.0,1.0
2018-12-21,18.36,18.48,17.18,17.3,17.3,511875,0.0,1.0
2018-12-20,18.66,19.01,18.3,18.4,18.4,221351,0.0,1.0
2018-12-19,19.86,20.06,18.69,18.89,18.89,206228,0.0,1.0
2018-12-18,19.57,20.15,19.54,19.82,19.82,198599,0.0,1.0
2018-12-17,19.77,20.2,19.45,19.51,19.51,256413,0.0,1.0
2018-12-14,20.74,20.89,19.73,19.83,19.83,227511,0.0,1.0
2018-12-13,20.95,21.13,20.64,21.02,21.02,142069,0.0,1.0
2018-12-12,21.07,21.35,20.755,20.95,20.95,249568,0.0,1.0
2018-12-11,21.38,21.435,20.5,20.73,20.73,158377,0.0,1.0
2018-12-10,21.3,21.31,20.6,20.86,20.86,241990,0.0,1.0
2018-12-07,21.6,22.15,21.21,21.5,21.5,195203,0.0,1.0
2018-12-06,21.29,21.61,20.72,20.77,20.77,268246,0.0,1.0
2018-12-04,23.03,23.085,21.725,21.76,21.76,163247,0.0,1.0
2018-12-03,23.25,23.4,22.79,23.22,23.22,159109,0.0,1.0
2018-11-30,22.5,22.88,22.2,22.5,22.5,241642,0.0,1.0
2018-11-29,22.68,23.12,22.47,22.52,22.52,142017,0.0,1.0
2018-11-28,22.74,23.03,22.28,22.75,22.75,157009,0.0,1.0
2018-11-27,22.5,22.78,22.41,22.5,22.5,164597,0.0,1.0
2018-11-26,22.21,22.63,22.19,22.53,22.53,141324,0.0,1.0
2018-11-23,21.62,22.07,21.42,22.02,22.02,113495,0.0,1.0
2018-11-21,22.55,23.25,22.405,22.45,22.45,85717,0.0,1.0
2018-11-20,23.33,23.33,22.31,22.37,22.37,116493,0.0,1.0
2018-11-19,23.2,23.88,22.8,23.71,23.71,102016,0.0,1.0
2018-11-16,24.25,24.4,22.85,23.28,23.28,208152,0.0,1.0
2018-11-15,24.0,24.39,23.78,24.26,24.26,140206,0.0,1.0
2018-11-14,23.81,23.92,23.3055,23.9,23.9,300128,0.0,1.0
2018-11-13,23.25,23.68,23.01,23.38,23.38,579015,0.0,1.0
2018-11-12,23.21,23.21,22.68,23.2,23.2,409328,0.0,1.0
2018-11-09,22.64,23.18,22.35,22.97,22.97,305364,0.0,1.0
2018-11-08,22.45,22.8,22.17,22.77,22.77,146029,0.0,1.0
2018-11-07,21.84,22.58,21.695,22.51,22.51,140604,0.0,1.0
2018-11-06,21.38,22.87,21.2,21.65,21.65,212894,0.0,1.0
2018-11-05,21.98,22.03,21.19,21.9,21.9,216615,0.0,1.0
2018-11-02,21.16,21.57,21.09,21.38,21.38,108054,0.0,1.0
2018-11-01,21.06,21.5,20.86,21.01,21.01,137576,0.0,1.0
2018-10-31,21.86,21.86,20.76,20.89,20.89,149657,0.0,1.0
2018-10-30,20.93,21.6,20.92,21.56,21.56,206089,0.0,1.0
2018-10-29,21.95,21.95,20.8,21.0,21.0,209274,0.0,1.0
2018-10-26,21.41,22.0,21.11,21.7,21.7,90721,0.0,1.0
2018-10-25,21.26,22.16,21.02,21.76,21.76,165317,0.0,1.0
2018-10-24,22.28,22.28,21.11,21.12,21.12,177685,0.0,1.0
2018-10-23,23.3,23.45,22.31,22.31,22.31,195713,0.0,1.0
2018-10-22,23.63,24.01,23.38,23.8,23.8,196812,0.0,1.0
2018-10-19,24.12,24.66,23.44,23.56,23.56,108296,0.0,1.0
2018-10-18,24.77,24.995,24.12,24.18,24.18,105428,0.0,1.0
2018-10-17,25.95,26.02,25.055,25.22,25.22,89563,0.0,1.0
2018-10-16,25.62,26.12,25.5,26.07,26.07,75330,0.0,1.0
2018-10-15,25.68,25.83,25.1,25.48,25.48,115911,0.0,1.0
2018-10-12,26.47,26.67,25.47,25.75,25.75,138730,0.0,1.0
2018-10-11,26.66,26.96,25.89,26.01,26.01,153022,0.0,1.0
2018-10-10,27.58,27.6,26.87,26.87,26.87,206204,0.0,1.0
2018-10-09,26.7,27.8,25.93,27.68,27.68,179562,0.0,1.0
2018-10-08,26.2,26.99,26.12,26.67,26.67,104760,0.0,1.0
2018-10-05,26.76,26.76,25.97,26.51,26.51,223505,0.0,1.0
2018-10-04,27.26,27.55,26.73,26.85,26.85,160573,0.0,1.0
2018-10-03,26.83,27.38,26.57,27.31,27.31,194538,0.0,1.0
2018-10-02,26.53,26.87,26.35,26.63,26.63,125669,0.0,1.0
2018-10-01,26.77,27.17,26.42,26.52,26.52,183563,0.0,1.0
2018-09-28,26.75,27.24,26.49,26.53,26.53,181178,0.0,1.0
2018-09-27,25.98,26.97,25.69,26.79,26.79,206470,0.0,1.0
2018-09-26,26.13,26.32,25.74,25.9,25.9,112992,0.0,1.0
2018-09-25,25.57,26.31,25.53,26.2,26.2,126964,0.0,1.0
2018-09-24,25.19,25.72,24.96,25.47,25.47,119041,0.0,1.0
2018-09-21,24.85,25.15,24.72,25.14,25.14,585184,0.0,1.0
2018-09-20,24.82,25.01,24.38,24.77,24.77,130846,0.0,1.0
2018-09-19,24.83,25.12,24.54,24.6,24.6,180725,0.0,1.0
2018-09-18,24.45,25.13,24.15,24.89,24.89,88774,0.0,1.0
2018-09-17,25.26,25.37,24.33,24.35,24.35,90887,0.0,1.0
2018-09-14,25.53,25.68,25.24,25.24,25.24,101381,0.0,1.0
2018-09-13,25.88,25.88,25.49,25.55,25.55,90340,0.0,1.0
2018-09-12,26.0,26.28,25.5,25.81,25.81,144527,0.0,1.0
2018-09-11,25.07,26.22,24.93,25.98,25.98,176385,0.0,1.0
2018-09-10,25.53,25.55,25.0,25.1,25.1,132776,0.0,1.0
2018-09-07,24.98,25.49,24.645,25.45,25.45,134034,0.0,1.0
2018-09-06,26.21,26.21,24.96,25.12,25.12,143463,0.0,1.0
2018-09-05,26.83,26.83,25.935,26.23,26.23,182921,0.0,1.0
2018-09-04,27.43,27.43,26.615,26.94,26.94,78035,0.0,1.0
2018-08-31,27.65,27.65,27.05,27.39,27.39,125663,0.0,1.0
2018-08-30,28.29,28.29,27.44,27.78,27.78,64347,0.0,1.0
2018-08-29,28.45,28.48,28.1,28.26,28.26,66490,0.0,1.0
2018-08-28,28.96,29.135,28.44,28.44,28.44,43458,0.0,1.0
2018-08-27,28.96,29.31,28.61,28.84,28.84,74044,0.0,1.0
2018-08-24,28.5,29.0,28.5,28.91,28.91,140270,0.0,1.0
2018-08-23,28.65,28.65,28.27,28.43,28.43,56081,0.0,1.0
2018-08-22,28.08,28.68,28.0,28.63,28.63,146731,0.0,1.0
2018-08-21,27.9,28.43,27.9,27.93,27.93,102865,0.0,1.0
2018-08-20,27.37,27.79,27.15,27.71,27.71,120660,0.0,1.0
2018-08-17,27.39,27.72,27.16,27.37,27.37,127763,0.0,1.0
2018-08-16,27.73,28.0399,27.33,27.41,27.41,98380,0.0,1.0
2018-08-15,28.6,28.6,27.43,27.74,27.74,127585,0.0,1.0
2018-08-14,27.52,28.81,27.52,28.8,28.8,121312,0.0,1.0
2018-08-13,28.4,28.44,27.2,27.36,27.36,264621,0.0,1.0
2018-08-10,27.68,28.44,27.56,28.39,28.39,100078,0.0,1.0
2018-08-09,26.87,27.78,26.73,27.78,27.78,130921,0.0,1.0
2018-08-08,26.77,27.19,26.66,26.66,26.66,243162,0.0,1.0
2018-08-07,25.93,27.345,25.3873,26.84,26.84,166612,0.0,1.0
2018-08-06,26.75,27.17,26.4,27.01,27.01,65237,0.0,1.0
2018-08-03,27.34,27.45,26.61,26.71,26.71,59532,0.0,1.0
2018-08-02,27.23,27.54,26.975,27.24,27.24,61294,0.0,1.0
2018-08-01,27.66,27.66,26.84,27.35,27.35,88134,0.0,1.0
2018-07-31,27.62,27.83,27.14,27.72,27.72,87545,0.0,1.0
2018-07-30,27.1,27.72,27.1,27.58,27.58,58845,0.0,1.0
2018-07-27,26.79,27.27,26.79,27.0,27.0,104389,0.0,1.0
2018-07-26,26.42,27.19,26.02,27.05,27.05,84525,0.0,1.0
2018-07-25,26.67,26.7,26.13,26.33,26.33,102881,0.0,1.0
2018-07-24,26.99,27.22,26.68,26.71,26.71,61895,0.0,1.0
2018-07-23,27.04,27.04,26.47,26.8,26.8,62218,0.0,1.0
2018-07-20,27.32,27.32,26.88,27.05,27.05,53240,0.0,1.0
2018-07-19,27.35,27.67,27.17,27.26,27.26,94357,0.0,1.0
2018-07-18,27.52,27.6,27.1337,27.38,27.38,66709,0.0,1.0
2018-07-17,27.72,27.74,27.44,27.59,27.59,115709,0.0,1.0
2018-07-16,27.81,27.82,27.34,27.79,27.79,86226,0.0,1.0
2018-07-13,27.48,28.35,27.48,28.03,28.03,81144,0.0,1.0
2018-07-12,27.6,27.6,26.69,27.4,27.4,126954,0.0,1.0
2018-07-11,27.29,28.055,26.865,27.42,27.42,187280,0.0,1.0
2018-07-10,26.98,27.61,26.76,27.54,27.54,182767,0.0,1.0
2018-07-09,26.5,27.18,26.5,26.76,26.76,132484,0.0,1.0
2018-07-06,25.87,26.51,25.84,26.47,26.47,106757,0.0,1.0
2018-07-05,25.83,25.9,25.47,25.89,25.89,80709,0.0,1.0
2018-07-03,25.38,25.74,25.38,25.7,25.7,38207,0.0,1.0
2018-07-02,24.85,25.23,24.52,25.22,25.22,94065,0.0,1.0
2018-06-29,25.59,25.71,25.01,25.04,25.04,107019,0.0,1.0
2018-06-28,26.28,26.28,25.43,25.5,25.5,104300,0.0,1.0
2018-06-27,26.3,26.81,26.27,26.32,26.32,96946,0.0,1.0
2018-06-26,25.94,26.27,25.68,26.11,26.11,73052,0.0,1.0
2018-06-25,26.25,26.25,25.7,25.93,25.93,99676,0.0,1.0
2018-06-22,26.52,26.81,26.17,26.33,26.33,243054,0.0,1.0
2018-06-21,26.43,26.43,25.71,25.98,25.98,141769,0.0,1.0
2018-06-20,26.27,26.57,25.82,26.5,26.5,117770,0.0,1.0
2018-06-19,26.27,26.92,25.87,26.17,26.17,118073,0.0,1.0
2018-06-18,26.23,26.71,26.23,26.55,26.55,118084,0.0,1.0
2018-06-15,27.1,27.1,26.11,26.23,26.23,284328,0.0,1.0
2018-06-14,27.69,27.69,27.22,27.3,27.3,88032,0.0,1.0
2018-06-13,27.63,27.884,27.38,27.47,27.47,120398,0.0,1.0
2018-06-12,27.74,27.99,27.31,27.63,27.63,118355,0.0,1.0
2018-06-11,27.41,27.815,27.26,27.65,27.65,116130,0.0,1.0
2018-06-08,28.39,28.39,27.455,27.51,27.51,248799,0.0,1.0
2018-06-07,28.2,28.89,28.2,28.33,28.33,259515,0.0,1.0
2018-06-06,27.19,28.26,27.14,28.15,28.15,205149,0.0,1.0
2018-06-05,26.95,27.29,26.815,27.28,27.28,245814,0.0,1.0
2018-06-04,27.28,27.53,26.87,26.97,26.97,321886,0.0,1.0
2018-06-01,27.73,27.945,27.03,27.18,27.18,152364,0.0,1.0
2018-05-31,28.28,28.36,27.51,27.56,27.56,193295,0.0,1.0
2018-05-30,28.34,28.89,28.34,28.39,28.39,151789,0.0,1.0
2018-05-29,27.61,28.33,27.61,28.16,28.16,121649,0.0,1.0
2018-05-25,27.84,28.04,27.2713,27.95,27.95,162039,0.0,1.0
2018-05-24,28.45,28.72,28.06,28.2,28.2,262797,0.0,1.0
2018-05-23,28.75,29.03,28.575,28.78,28.78,115890,0.0,1.0
2018-05-22,29.48,29.62,28.745,28.88,28.88,106808,0.0,1.0
2018-05-21,29.36,29.63,29.165,29.46,29.46,150763,0.0,1.0
2018-05-18,29.94,29.95,29.12,29.27,29.27,112253,0.0,1.0
2018-05-17,29.28,30.13,29.25,29.75,29.75,118994,0.0,1.0
2018-05-16,29.26,29.58,28.84,29.25,29.25,200636,0.0,1.0
2018-05-15,28.12,29.28,28.11,29.21,29.21,129058,0.0,1.0
2018-05-14,28.15,28.4,27.86,28.2,28.2,194103,0.0,1.0
2018-05-11,28.06,28.34,27.7,28.14,28.14,173545,0.0,1.0
2018-05-10,28.16,28.34,27.78,28.03,28.03,168311,0.0,1.0
2018-05-09,28.43,28.73,28.09,28.12,28.12,205372,0.0,1.0
2018-05-08,28.7,28.83,27.71,28.26,28.26,182543,0.0,1.0
2018-05-07,28.87,29.84,28.61,28.7,28.7,251561,0.0,1.0
2018-05-04,30.03,30.03,28.1,28.85,28.85,367515,0.0,1.0
2018-05-03,30.94,30.94,29.41,30.27,30.27,113687,0.0,1.0
2018-05-02,29.56,30.36,29.45,30.11,30.11,95089,0.0,1.0
2018-05-01,29.24,29.66,28.62,29.63,29.63,90966,0.0,1.0
2018-04-30,29.5,29.86,29.26,29.29,29.29,93180,0.0,1.0
2018-04-27,30.06,30.06,29.3,29.36,29.36,123390,0.0,1.0
2018-04-26,30.04,30.275,29.65,30.03,30.03,64665,0.0,1.0
2018-04-25,29.85,30.439,29.61,29.9,29.9,77209,0.0,1.0
2018-04-24,29.69,30.15,29.43,30.03,30.03,86890,0.0,1.0
2018-04-23,29.51,29.67,28.79,29.58,29.58,79438,0.0,1.0
2018-04-20,29.64,29.74,28.98,29.49,29.49,76136,0.0,1.0
2018-04-19,30.69,31.0,29.72,29.83,29.83,116565,0.0,1.0
2018-04-18,30.28,31.39,30.28,30.72,30.72,145543,0.0,1.0
2018-04-17,29.35,30.11,29.18,30.03,30.03,150115,0.0,1.0
2018-04-16,28.93,29.35,28.38,29.22,29.22,82235,0.0,1.0
2018-04-13,28.98,29.0,28.555,28.8,28.8,89709,0.0,1.0
2018-04-12,28.37,28.94,27.83,28.78,28.78,131713,0.0,1.0
2018-04-11,27.78,28.66,27.78,28.24,28.24,137518,0.0,1.0
2018-04-10,27.5,28.1,27.5,27.91,27.91,129283,0.0,1.0
2018-04-09,27.54,27.67,27.07,27.1,27.1,58484,0.0,1.0
2018-04-06,28.05,28.36,27.05,27.3,27.3,136390,0.0,1.0
2018-04-05,27.49,28.33,27.49,28.31,28.31,90331,0.0,1.0
2018-04-04,26.72,27.38,26.72,27.31,27.31,98980,0.0,1.0
2018-04-03,26.22,27.32,25.88,27.17,27.17,153349,0.0,1.0
2018-04-02,26.62,26.81,25.61,26.12,26.12,122721,0.0,1.0
2018-03-29,26.84,26.93,26.64,26.7,26.7,328071,0.0,1.0
2018-03-28,27.02,27.68,26.58,26.74,26.74,180602,0.0,1.0
2018-03-27,28.32,28.45,26.78,26.98,26.98,145136,0.0,1.0
2018-03-26,28.23,28.36,27.68,28.32,28.32,113933,0.0,1.0
2018-03-23,27.86,28.705,27.82,27.83,27.83,146788,0.0,1.0
2018-03-22,28.53,29.36,27.65,27.74,27.74,139417,0.0,1.0
2018-03-21,28.11,29.13,28.11,28.85,28.85,90642,0.0,1.0
2018-03-20,28.41,28.73,27.99,28.08,28.08,99472,0.0,1.0
2018-03-19,28.85,29.0,28.04,28.37,28.37,124354,0.0,1.0
2018-03-16,28.16,29.02,28.01,28.98,28.98,377350,0.0,1.0
2018-03-15,28.69,28.98,28.08,28.12,28.12,116498,0.0,1.0
2018-03-14,28.85,29.19,28.45,28.64,28.64,152885,0.0,1.0
2018-03-13,28.61,28.9,28.49,28.71,28.71,182456,0.0,1.0
2018-03-12,28.02,28.54,28.02,28.45,28.45,163789,0.0,1.0
2018-03-09,27.95,28.31,27.8,28.03,28.03,214426,0.0,1.0
2018-03-08,27.31,27.78,27.05,27.7,27.7,273830,0.0,1.0
2018-03-07,26.27,27.405,26.27,27.32,27.32,395853,0.0,1.0
2018-03-06,26.83,27.27,26.22,26.36,26.36,196935,0.0,1.0
2018-03-05,26.06,26.96,26.06,26.7,26.7,104463,0.0,1.0
2018-03-02,26.0,26.29,25.7,26.24,26.24,209640,0.0,1.0
2018-03-01,25.69,26.55,25.61,26.25,26.25,179555,0.0,1.0
2018-02-28,27.21,27.5596,25.87,25.87,25.87,256769,0.0,1.0
2018-02-27,28.19,28.27,27.05,27.06,27.06,210662,0.0,1.0
2018-02-26,28.57,28.81,27.86,28.22,28.22,106643,0.0,1.0
2018-02-23,28.04,28.45,27.695,28.4,28.4,89101,0.0,1.0
2018-02-22,27.77,29.14,27.76,27.88,27.88,198700,0.0,1.0
2018-02-21,27.17,28.13,27.05,27.69,27.69,186042,0.0,1.0
2018-02-20,27.4,27.85,26.98,27.07,27.07,157700,0.0,1.0
2018-02-16,26.99,27.83,26.99,27.55,27.55,113316,0.0,1.0
2018-02-15,27.3,27.3,26.35,27.1,27.1,110089,0.0,1.0
2018-02-14,26.54,27.385,26.5,27.1,27.1,133788,0.0,1.0
2018-02-13,26.61,26.96,26.2675,26.89,26.89,195318,0.0,1.0
2018-02-12,27.2,27.33,26.44,26.75,26.75,153053,0.0,1.0
2018-02-09,27.09,27.15,26.13,26.94,26.94,244957,0.0,1.0
2018-02-08,27.31,27.65,26.69,26.7,26.7,196684,0.0,1.0
2018-02-07,27.83,28.054,27.034,27.38,27.38,252540,0.0,1.0
2018-02-06,26.46,28.02,26.3526,27.91,27.91,186611,0.0,1.0
2018-02-05,26.75,27.59,26.75,27.05,27.05,178891,0.0,1.0
2018-02-02,28.57,28.57,27.02,27.03,27.03,136918,0.0,1.0
2018-02-01,28.82,29.28,28.55,28.95,28.95,105059,0.0,1.0
2018-01-31,28.68,29.09,28.55,28.88,28.88,176182,0.0,1.0
2018-01-30,29.09,29.39,28.52,28.63,28.63,138471,0.0,1.0
2018-01-29,30.97,31.165,29.46,29.47,29.47,130508,0.0,1.0
2018-01-26,32.04,32.04,31.11,31.19,31.19,173254,0.0,1.0
2018-01-25,31.83,32.185,31.35,31.89,31.89,263880,0.0,1.0
2018-01-24,31.76,31.865,31.22,31.59,31.59,137943,0.0,1.0
2018-01-23,31.8,31.92,31.16,31.65,31.65,116308,0.0,1.0
2018-01-22,31.83,31.93,31.38,31.87,31.87,96651,0.0,1.0
2018-01-19,30.9,31.84,30.9,31.83,31.83,118945,0.0,1.0
2018-01-18,31.84,31.94,31.0704,31.22,31.22,125593,0.0,1.0
2018-01-17,32.0,32.225,31.75,31.87,31.87,93865,0.0,1.0
2018-01-16,32.77,33.08,31.71,31.81,31.81,117270,0.0,1.0
2018-01-12,33.0,33.319,32.48,32.6,32.6,85508,0.0,1.0
2018-01-11,32.5,33.25,32.46,32.94,32.94,100046,0.0,1.0
2018-01-10,32.16,32.41,31.75,32.37,32.37,102862,0.0,1.0
2018-01-09,32.77,33.04,32.16,32.17,32.17,131988,0.0,1.0
2018-01-08,32.68,32.97,32.24,32.81,32.81,106507,0.0,1.0
2018-01-05,33.07,33.07,32.27,32.85,32.85,112558,0.0,1.0
2018-01-04,32.52,33.15,32.12,33.1,33.1,127992,0.0,1.0
2018-01-03,32.02,32.66,31.51,32.44,32.44,220169,0.0,1.0
2018-01-02,31.6,32.31,31.24,32.06,32.06,178944,0.0,1.0
2017-12-29,31.53,31.68,31.05,31.44,31.44,236109,0.0,1.0
2017-12-28,31.44,31.71,31.14,31.52,31.52,79473,0.0,1.0
2017-12-27,31.09,31.42,31.0771,31.28,31.28,144317,0.0,1.0
2017-12-26,30.96,31.25,30.78,31.1,31.1,134709,0.0,1.0
2017-12-22,31.305,31.54,31.01,31.02,31.02,82224,0.0,1.0
2017-12-21,31.1,31.7,30.91,31.53,31.53,175936,0.0,1.0
2017-12-20,30.33,31.13,29.845,30.88,30.88,110890,0.0,1.0
2017-12-19,30.73,30.97,29.9,30.17,30.17,116983,0.0,1.0
2017-12-18,29.89,30.95,29.64,30.76,30.76,140405,0.0,1.0
2017-12-15,29.26,29.48,28.87,29.34,29.34,605508,0.0,1.0
2017-12-14,28.64,29.44,28.36,28.71,28.71,319150,0.0,1.0
2017-12-13,29.42,29.42,28.34,28.42,28.42,214891,0.0,1.0
2017-12-12,30.13,30.43,29.31,29.36,29.36,108402,0.0,1.0
2017-12-11,30.22,30.46,29.86,29.98,29.98,124781,0.0,1.0
2017-12-08,30.48,30.78,29.93,30.13,30.13,112261,0.0,1.0
2017-12-07,29.71,30.13,29.71,30.06,30.06,121156,0.0,1.0
2017-12-06,29.94,30.38,29.25,29.66,29.66,184737,0.0,1.0
2017-12-05,30.88,31.07,30.05,30.12,30.12,85184,0.0,1.0
2017-12-04,31.11,31.74,30.72,30.8,30.8,154519,0.0,1.0
2017-12-01,30.76,31.12,30.17,30.99,30.99,108429,0.0,1.0
2017-11-30,30.45,31.12,30.23,30.64,30.64,141603,0.0,1.0
2017-11-29,29.94,30.64,29.85,30.22,30.22,88139,0.0,1.0
2017-11-28,29.77,30.19,29.54,29.91,29.91,113765,0.0,1.0
2017-11-27,30.49,30.49,29.7,29.71,29.71,104921,0.0,1.0
2017-11-24,31.01,31.048,30.53,30.6,30.6,38317,0.0,1.0
2017-11-22,30.87,31.27,30.51,30.79,30.79,113724,0.0,1.0
2017-11-21,30.14,30.84,30.09,30.62,30.62,174290,0.0,1.0
2017-11-20,29.97,30.4,29.4,29.91,29.91,402163,0.0,1.0
2017-11-17,29.96,30.13,29.41,30.0,30.0,106953,0.0,1.0
2017-11-16,29.51,30.16,29.13,29.93,29.93,129538,0.0,1.0
2017-11-15,30.3,30.3,29.44,29.49,29.49,126101,0.0,1.0
2017-11-14,31.16,31.4,30.43,30.7,30.7,123291,0.0,1.0
2017-11-13,31.32,31.63,30.84,31.5,31.5,109099,0.0,1.0
2017-11-10,32.27,32.77,31.6,31.6,31.6,96449,0.0,1.0
2017-11-09,32.37,32.86,32.17,32.44,32.44,217093,0.0,1.0
2017-11-08,31.36,33.152,31.25,32.98,32.98,267062,0.0,1.0
2017-11-07,33.0,33.691,30.71,31.22,31.22,256031,0.0,1.0
2017-11-06,31.97,32.45,31.65,32.38,32.38,165524,0.0,1.0
2017-11-03,31.93,32.05,31.39,31.9,31.9,103407,0.0,1.0
2017-11-02,32.15,32.585,31.96,32.01,32.01,181646,0.0,1.0
2017-11-01,32.6,32.715,31.93,32.3,32.3,180948,0.0,1.0
2017-10-31,30.62,32.44,30.53,32.27,32.27,197527,0.0,1.0
2017-10-30,30.85,31.005,30.38,30.52,30.52,112022,0.0,1.0
2017-10-27,30.35,31.33,30.24,30.8,30.8,141362,0.0,1.0
2017-10-26,30.51,30.81,30.04,30.42,30.42,71509,0.0,1.0
2017-10-25,30.44,30.54,29.93,30.46,30.46,70055,0.0,1.0
2017-10-24,30.13,30.7,30.13,30.37,30.37,88938,0.0,1.0
2017-10-23,30.6,30.91,30.021,30.08,30.08,59512,0.0,1.0
2017-10-20,30.7,30.77,30.315,30.44,30.44,130218,0.0,1.0
2017-10-19,30.61,30.91,30.31,30.43,30.43,99083,0.0,1.0
2017-10-18,31.62,31.62,30.78,30.8,30.8,108895,0.0,1.0
2017-10-17,31.91,32.015,31.44,31.49,31.49,148497,0.0,1.0
2017-10-16,32.01,32.23,31.75,31.94,31.94,138831,0.0,1.0
2017-10-13,31.98,32.2,31.69,31.83,31.83,97378,0.0,1.0
2017-10-12,31.7,32.075,31.34,31.66,31.66,175523,0.0,1.0
2017-10-11,31.76,32.14,31.7,31.98,31.98,161377,0.0,1.0
2017-10-10,32.32,32.32,31.69,31.76,31.76,148981,0.0,1.0
2017-10-09,32.0,32.11,31.59,31.89,31.89,131468,0.0,1.0
2017-10-06,32.0,32.04,31.65,32.0,32.0,126823,0.0,1.0
2017-10-05,32.48,32.61,32.138,32.37,32.37,184023,0.0,1.0
2017-10-04,32.44,32.7,32.05,32.27,32.27,167388,0.0,1.0
2017-10-03,32.59,32.59,31.73,32.49,32.49,247196,0.0,1.0
2017-10-02,31.28,32.575,31.27,32.55,32.55,255294,0.0,1.0
2017-09-29,31.49,31.68,31.0,31.61,31.61,282205,0.0,1.0
2017-09-28,32.72,32.78,31.35,31.59,31.59,204448,0.0,1.0
2017-09-27,31.4,32.66,31.05,32.64,32.64,425071,0.0,1.0
2017-09-26,30.81,31.79,30.71,31.14,31.14,249754,0.0,1.0
2017-09-25,30.47,31.14,30.47,30.83,30.83,271899,0.0,1.0
2017-09-22,29.86,30.8,29.78,30.33,30.33,181714,0.0,1.0
2017-09-21,30.32,30.54,29.79,29.87,29.87,174575,0.0,1.0
2017-09-20,29.9,30.69,29.74,30.4,30.4,356322,0.0,1.0
2017-09-19,29.72,30.12,29.6,29.67,29.67,253655,0.0,1.0
2017-09-18,29.25,29.9,29.07,29.78,29.78,590184,0.0,1.0
2017-09-15,29.15,29.41,28.8,29.25,29.25,490915,0.0,1.0
2017-09-14,29.21,29.35,28.575,29.08,29.08,230620,0.0,1.0
2017-09-13,28.31,29.685,27.656,29.19,29.19,273137,0.0,1.0
2017-09-12,28.66,28.95,28.59,28.67,28.67,89447,0.0,1.0
2017-09-11,28.48,28.82,28.14,28.69,28.69,165487,0.0,1.0
2017-09-08,28.6,28.71,27.97,28.24,28.24,161304,0.0,1.0
2017-09-07,27.96,28.66,27.6,28.65,28.65,331908,0.0,1.0
2017-09-06,28.03,28.363,27.91,27.97,27.97,152861,0.0,1.0
2017-09-05,27.71,28.0,27.56,27.82,27.82,195762,0.0,1.0
2017-09-01,27.83,27.94,27.19,27.49,27.49,152499,0.0,1.0
2017-08-31,27.6,27.91,27.28,27.74,27.74,143006,0.0,1.0
2017-08-30,27.36,27.41,27.08,27.32,27.32,124843,0.0,1.0
2017-08-29,27.02,27.64,26.91,27.5,27.5,164287,0.0,1.0
2017-08-28,26.94,27.4,26.6,27.37,27.37,124267,0.0,1.0
2017-08-25,26.39,26.91,26.27,26.86,26.86,122099,0.0,1.0
2017-08-24,25.98,26.32,25.66,26.28,26.28,85150,0.0,1.0
2017-08-23,25.3,26.23,25.2,26.02,26.02,137209,0.0,1.0
2017-08-22,24.19,25.53,24.01,25.44,25.44,344964,0.0,1.0
2017-08-21,23.96,24.15,23.42,23.88,23.88,270042,0.0,1.0
2017-08-18,24.0,24.52,23.59,24.01,24.01,313133,0.0,1.0
2017-08-17,23.29,24.54,23.29,24.21,24.21,375998,0.0,1.0
2017-08-16,24.46,24.6,23.37,23.51,23.51,127408,0.0,1.0
2017-08-15,24.54,24.54,23.84,24.35,24.35,165060,0.0,1.0
2017-08-14,25.89,26.22,24.48,24.5,24.5,176551,0.0,1.0
2017-08-11,25.06,26.56,25.06,25.73,25.73,218247,0.0,1.0
2017-08-10,26.2,26.77,26.05,26.08,26.08,220312,0.0,1.0
2017-08-09,27.08,27.24,25.85,26.1,26.1,246097,0.0,1.0
2017-08-08,26.15,27.46,26.15,27.17,27.17,290756,0.0,1.0
2017-08-07,27.06,27.06,26.16,26.22,26.22,161458,0.0,1.0
2017-08-04,26.78,27.2,26.77,27.17,27.17,187968,0.0,1.0
2017-08-03,27.2,27.58,26.48,26.59,26.59,138735,0.0,1.0
2017-08-02,27.04,27.36,26.615,27.08,27.08,137311,0.0,1.0
2017-08-01,27.8,27.84,27.15,27.18,27.18,180790,0.0,1.0
2017-07-31,28.1,28.4,27.585,27.69,27.69,216434,0.0,1.0
2017-07-28,27.71,28.71,27.71,28.18,28.18,203245,0.0,1.0
2017-07-27,27.77,28.07,27.29,27.79,27.79,168611,0.0,1.0
2017-07-26,28.36,28.36,27.43,27.68,27.68,160676,0.0,1.0
2017-07-25,27.76,28.54,27.168,28.02,28.02,254466,0.0,1.0
2017-07-24,28.09,28.725,27.17,27.28,27.28,162992,0.0,1.0
2017-07-21,28.82,28.82,27.81,27.91,27.91,150118,0.0,1.0
2017-07-20,29.08,29.08,28.2,28.49,28.49,211190,0.0,1.0
2017-07-19,28.06,29.07,28.05,28.99,28.99,322688,0.0,1.0
2017-07-18,28.42,28.44,27.725,27.87,27.87,119280,0.0,1.0
2017-07-17,27.65,28.29,27.63,28.28,28.28,226117,0.0,1.0
2017-07-14,27.52,27.97,27.35,27.76,27.76,176953,0.0,1.0
2017-07-13,27.08,27.56,26.7,27.47,27.47,258242,0.0,1.0
2017-07-12,27.81,27.85,27.06,27.14,27.14,219126,0.0,1.0
2017-07-11,26.58,27.37,26.15,27.1,27.1,220685,0.0,1.0
2017-07-10,25.78,26.98,25.75,26.64,26.64,239811,0.0,1.0
2017-07-07,25.52,26.05,25.12,25.97,25.97,273348,0.0,1.0
2017-07-06,26.14,26.52,25.54,25.6,25.6,208181,0.0,1.0
2017-07-05,27.5,27.5,25.63,25.81,25.81,222069,0.0,1.0
2017-07-03,26.84,28.03,26.84,27.68,27.68,161615,0.0,1.0
2017-06-30,27.97,27.97,26.62,26.7,26.7,616244,0.0,1.0
2017-06-29,28.12,28.44,27.58,27.76,27.76,197970,0.0,1.0
2017-06-28,26.4,28.24,26.39,27.82,27.82,249411,0.0,1.0
2017-06-27,27.32,27.63,26.37,26.39,26.39,236291,0.0,1.0
2017-06-26,26.86,27.29,26.39,27.08,27.08,180544,0.0,1.0
2017-06-23,26.29,26.74,25.8,26.7,26.7,359099,0.0,1.0
2017-06-22,25.35,26.3,25.2,26.14,26.14,266200,0.0,1.0
2017-06-21,25.62,26.1,24.83,25.17,25.17,198428,0.0,1.0
2017-06-20,26.36,26.76,25.29,25.98,25.98,135307,0.0,1.0
2017-06-19,27.52,27.52,26.88,26.99,26.99,157408,0.0,1.0
2017-06-16,26.97,27.5,26.57,27.47,27.47,246218,0.0,1.0
2017-06-15,26.84,27.35,26.765,27.02,27.02,131195,0.0,1.0
2017-06-14,28.1,28.1,26.805,27.09,27.09,201472,0.0,1.0
2017-06-13,27.68,28.4,27.305,28.26,28.26,156005,0.0,1.0
2017-06-12,28.18,28.31,27.33,27.63,27.63,140778,0.0,1.0
2017-06-09,27.42,28.17,27.21,27.92,27.92,230505,0.0,1.0
2017-06-08,26.65,27.41,26.63,27.28,27.28,206420,0.0,1.0
2017-06-07,27.35,27.86,26.58,26.84,26.84,150469,0.0,1.0
2017-06-06,27.81,27.81,26.7,27.52,27.52,211661,0.0,1.0
2017-06-05,27.76,28.11,27.33,27.87,27.87,171402,0.0,1.0
2017-06-02,28.18,28.34,27.67,27.94,27.94,144858,0.0,1.0
2017-06-01,28.4,28.63,27.97,28.43,28.43,181723,0.0,1.0
2017-05-31,27.47,28.38,27.25,28.2,28.2,224108,0.0,1.0
2017-05-30,28.39,28.41,27.64,27.87,27.87,120190,0.0,1.0
2017-05-26,27.76,28.89,27.3,28.69,28.69,230680,0.0,1.0
2017-05-25,28.73,29.3,27.52,27.55,27.55,284019,0.0,1.0
2017-05-24,29.45,29.945,28.55,28.79,28.79,184563,0.0,1.0
2017-05-23,30.15,30.15,28.78,29.47,29.47,163220,0.0,1.0
2017-05-22,29.52,30.2,29.3,30.07,30.07,403348,0.0,1.0
2017-05-19,29.38,29.84,29.14,29.27,29.27,156126,0.0,1.0
2017-05-18,28.93,29.54,28.93,29.25,29.25,159498,0.0,1.0
2017-05-17,30.0,30.0,29.2,29.23,29.23,195176,0.0,1.0
2017-05-16,29.86,30.09,29.52,30.0,30.0,244018,0.0,1.0
2017-05-15,29.98,30.26,29.259,29.68,29.68,274674,0.0,1.0
2017-05-12,29.76,29.89,29.33,29.48,29.48,249630,0.0,1.0
2017-05-11,30.39,30.76,29.73,29.83,29.83,391884,0.0,1.0
2017-05-10,29.1,30.68,29.1,30.16,30.16,458992,0.0,1.0
2017-05-09,28.59,29.03,28.16,28.85,28.85,202920,0.0,1.0
2017-05-08,28.27,28.59,27.68,28.43,28.43,196089,0.0,1.0
2017-05-05,26.68,28.48,26.66,28.44,28.44,305775,0.0,1.0
2017-05-04,28.25,28.64,26.12,26.35,26.35,581997,0.0,1.0
2017-05-03,27.17,27.69,26.74,27.27,27.27,239009,0.0,1.0
2017-05-02,27.41,27.8,27.11,27.35,27.35,341191,0.0,1.0
2017-05-01,27.42,27.79,27.19,27.4,27.4,223825,0.0,1.0
2017-04-28,29.3,29.3,27.32,27.37,27.37,167811,0.0,1.0
2017-04-27,29.57,29.57,28.59,29.21,29.21,155104,0.0,1.0
2017-04-26,29.45,30.45,29.1,29.86,29.86,219417,0.0,1.0
2017-04-25,28.95,29.9,28.78,29.71,29.71,309089,0.0,1.0
2017-04-24,28.2,28.5,27.67,28.48,28.48,212714,0.0,1.0
2017-04-21,27.74,27.96,27.37,27.63,27.63,157525,0.0,1.0
2017-04-20,27.93,28.19,27.65,28.05,28.05,115446,0.0,1.0
2017-04-19,28.72,28.72,27.53,27.73,27.73,156506,0.0,1.0
2017-04-18,28.52,28.76,28.03,28.55,28.55,114807,0.0,1.0
2017-04-17,28.46,28.83,28.0,28.72,28.72,149774,0.0,1.0
2017-04-13,29.79,29.95,28.31,28.35,28.35,212928,0.0,1.0
2017-04-12,31.33,31.63,29.55,29.76,29.76,181416,0.0,1.0
2017-04-11,31.22,31.93,30.75,31.49,31.49,412709,0.0,1.0
2017-04-10,31.12,31.66,30.79,30.99,30.99,232439,0.0,1.0
2017-04-07,31.15,31.69,30.91,31.05,31.05,359224,0.0,1.0
2017-04-06,29.65,31.24,29.62,31.24,31.24,206490,0.0,1.0
2017-04-05,30.21,30.49,29.37,29.5,29.5,270178,0.0,1.0
2017-04-04,30.13,30.68,29.73,29.8,29.8,260404,0.0,1.0
2017-04-03,31.38,31.85,30.04,30.17,30.17,270763,0.0,1.0
2017-03-31,30.69,31.67,30.69,31.45,31.45,372171,0.0,1.0
2017-03-30,31.43,31.66,30.84,30.93,30.93,199106,0.0,1.0
2017-03-29,30.28,31.25,30.11,31.2,31.2,184242,0.0,1.0
2017-03-28,29.0,30.89,29.0,30.7,30.7,212875,0.0,1.0
2017-03-27,27.7,28.93,27.17,28.88,28.88,232709,0.0,1.0
2017-03-24,28.05,28.54,27.87,28.16,28.16,200478,0.0,1.0
2017-03-23,27.3,27.86,27.17,27.73,27.73,166282,0.0,1.0
2017-03-22,27.13,27.78,26.96,27.53,27.53,260450,0.0,1.0
2017-03-21,27.88,27.93,27.01,27.45,27.45,217672,0.0,1.0
2017-03-20,28.01,28.055,27.27,27.53,27.53,244621,0.0,1.0
2017-03-17,27.21,28.57,27.2,28.23,28.23,624077,0.0,1.0
2017-03-16,27.78,27.78,26.87,27.12,27.12,300184,0.0,1.0
2017-03-15,27.44,27.76,26.89,27.51,27.51,284926,0.0,1.0
2017-03-14,28.11,28.11,26.13,27.19,27.19,438312,0.0,1.0
2017-03-13,28.13,28.78,28.13,28.28,28.28,240319,0.0,1.0
2017-03-10,28.01,28.53,27.19,28.09,28.09,278810,0.0,1.0
2017-03-09,27.1,28.2,26.29,28.03,28.03,376881,0.0,1.0
2017-03-08,29.5,29.725,28.34,28.42,28.42,203489,0.0,1.0
2017-03-07,29.85,30.0,29.35,29.44,29.44,107291,0.0,1.0
2017-03-06,30.27,30.94,29.08,29.85,29.85,330340,0.0,1.0
2017-03-03,30.16,31.01,30.03,30.87,30.87,217168,0.0,1.0
2017-03-02,31.59,31.75,29.88,30.04,30.04,269902,0.0,1.0
2017-03-01,31.06,32.3,31.02,31.79,31.79,228517,0.0,1.0
2017-02-28,30.69,30.96,30.15,30.44,30.44,258616,0.0,1.0
2017-02-27,29.99,31.3,29.9,30.92,30.92,200693,0.0,1.0
2017-02-24,30.91,31.14,30.02,30.15,30.15,178796,0.0,1.0
2017-02-23,31.65,31.7,30.77,31.29,31.29,266275,0.0,1.0
2017-02-22,31.52,31.74,30.96,31.22,31.22,239276,0.0,1.0
2017-02-21,32.68,32.68,31.66,31.79,31.79,278681,0.0,1.0
2017-02-17,32.67,32.93,32.0,32.23,32.23,236083,0.0,1.0
2017-02-16,33.19,33.34,32.63,32.81,32.81,230953,0.0,1.0
2017-02-15,33.8,33.8,32.68,33.48,33.48,205894,0.0,1.0
2017-02-14,32.2,34.05,32.03,33.89,33.89,166259,0.0,1.0
2017-02-13,32.56,32.73,31.8,32.18,32.18,204051,0.0,1.0
2017-02-10,32.01,33.07,32.01,32.49,32.49,273396,0.0,1.0
2017-02-09,31.06,32.11,30.95,31.82,31.82,301938,0.0,1.0
2017-02-08,30.1,31.01,29.34,30.87,30.87,259099,0.0,1.0
2017-02-07,30.99,31.335,30.26,30.26,30.26,192177,0.0,1.0
2017-02-06,31.94,31.94,30.46,30.99,30.99,150960,0.0,1.0
2017-02-03,30.7,31.85,30.3,31.7,31.7,222046,0.0,1.0
2017-02-02,31.05,31.05,30.17,30.49,30.49,204331,0.0,1.0
2017-02-01,31.25,31.765,30.55,30.83,30.83,258818,0.0,1.0
2017-01-31,29.53,31.25,29.25,31.02,31.02,305191,0.0,1.0
2017-01-30,30.12,30.12,28.68,29.53,29.53,193724,0.0,1.0
2017-01-27,30.34,30.79,29.92,30.43,30.43,283991,0.0,1.0
2017-01-26,30.26,30.4,29.58,30.38,30.38,442812,0.0,1.0
2017-01-25,30.49,30.81,29.7,30.13,30.13,227422,0.0,1.0
2017-01-24,30.5,30.65,30.075,30.42,30.42,239691,0.0,1.0
2017-01-23,30.19,30.6,29.7,30.31,30.31,186812,0.0,1.0
2017-01-20,31.11,31.31,30.05,30.26,30.26,185230,0.0,1.0
2017-01-19,31.43,31.73,30.83,30.87,30.87,142181,0.0,1.0
2017-01-18,31.5,32.02,30.88,31.34,31.34,182594,0.0,1.0
2017-01-17,31.27,31.61,30.9,31.29,31.29,150465,0.0,1.0
2017-01-13,30.73,32.13,30.61,31.29,31.29,236331,0.0,1.0
2017-01-12,30.11,31.43,30.05,31.03,31.03,313673,0.0,1.0
2017-01-11,28.99,30.6,28.45,30.11,30.11,335715,0.0,1.0
2017-01-10,29.0,29.48,28.275,29.2,29.2,321746,0.0,1.0
2017-01-09,27.49,28.32,26.88,28.0,28.0,319250,0.0,1.0
2017-01-06,25.23,27.73,24.72,27.55,27.55,327751,0.0,1.0
2017-01-05,26.21,26.21,24.35,24.81,24.81,191091,0.0,1.0
2017-01-04,24.84,26.35,24.54,26.18,26.18,144676,0.0,1.0
2017-01-03,24.13,25.18,24.13,24.76,24.76,170439,0.0,1.0
2016-12-30,23.79,24.21,22.891,23.9,23.9,156749,0.0,1.0
2016-12-29,23.43,23.8,23.305,23.77,23.77,84493,0.0,1.0
2016-12-28,24.26,24.53,23.26,23.37,23.37,99554,0.0,1.0
2016-12-27,24.0,24.38,23.8,24.17,24.17,66599,0.0,1.0
2016-12-23,24.26,24.26,23.391,23.99,23.99,81257,0.0,1.0
2016-12-22,24.35,24.585,24.02,24.15,24.15,97608,0.0,1.0
2016-12-21,24.43,24.72,24.07,24.41,24.41,86339,0.0,1.0
2016-12-20,23.96,24.525,23.85,24.23,24.23,152637,0.0,1.0
2016-12-19,23.37,23.67,22.905,23.62,23.62,125456,0.0,1.0
2016-12-16,23.91,24.05,23.14,23.45,23.45,567236,0.0,1.0
2016-12-15,22.93,23.78,22.34,23.68,23.68,180330,0.0,1.0
2016-12-14,23.96,24.28,23.4,23.55,23.55,125604,0.0,1.0
2016-12-13,24.67,24.737,23.24,23.98,23.98,142210,0.0,1.0
2016-12-12,24.79,24.845,24.09,24.35,24.35,187252,0.0,1.0
2016-12-09,24.41,24.73,23.9,24.5,24.5,141693,0.0,1.0
2016-12-08,23.14,24.13,22.925,24.11,24.11,124289,0.0,1.0
2016-12-07,22.84,23.17,22.5,22.97,22.97,111544,0.0,1.0
2016-12-06,22.05,22.96,21.525,22.8,22.8,166432,0.0,1.0
2016-12-05,20.68,22.09,20.64,22.04,22.04,152754,0.0,1.0
2016-12-02,20.42,20.75,19.95,20.64,20.64,100573,0.0,1.0
2016-12-01,20.09,20.75,19.51,20.39,20.39,141540,0.0,1.0
2016-11-30,19.11,20.295,18.98,20.1,20.1,194077,0.0,1.0
2016-11-29,18.8,18.89,18.07,18.67,18.67,170809,0.0,1.0
2016-11-28,18.91,19.2,18.3,18.79,18.79,117060,0.0,1.0
2016-11-25,18.93,18.98,18.46,18.91,18.91,43246,0.0,1.0
2016-11-23,18.42,18.78,18.3185,18.74,18.74,75920,0.0,1.0
2016-11-22,18.25,18.78,18.05,18.76,18.76,84371,0.0,1.0
2016-11-21,17.4,18.28,17.4,18.27,18.27,79078,0.0,1.0
2016-11-18,17.1,17.35,16.92,17.19,17.19,90806,0.0,1.0
2016-11-17,16.86,17.445,16.85,16.94,16.94,84725,0.0,1.0
2016-11-16,16.62,16.71,16.17,16.69,16.69,107280,0.0,1.0
2016-11-15,16.81,17.78,16.58,16.63,16.63,132548,0.0,1.0
2016-11-14,17.66,17.87,16.45,17.11,17.11,140778,0.0,1.0
2016-11-11,16.57,17.66,16.29,17.41,17.41,193581,0.0,1.0
2016-11-10,16.33,16.93,15.75,16.59,16.59,196700,0.0,1.0
2016-11-09,14.95,16.27,14.95,16.2,16.2,109462,0.0,1.0
2016-11-08,15.07,15.37,14.71,14.96,14.96,119070,0.0,1.0
2016-11-07,15.09,15.31,14.84,15.23,15.23,98435,0.0,1.0
2016-11-04,14.74,14.87,14.51,14.68,14.68,97916,0.0,1.0
2016-11-03,14.74,15.07,14.52,14.78,14.78,84017,0.0,1.0
2016-11-02,15.73,15.73,14.58,14.68,14.68,99789,0.0,1.0
2016-11-01,15.73,15.91,15.525,15.73,15.73,109510,0.0,1.0
2016-10-31,15.88,16.02,15.42,15.81,15.81,126320,0.0,1.0
2016-10-28,15.93,16.295,15.76,15.92,15.92,72048,0.0,1.0
2016-10-27,16.33,16.3575,15.82,15.89,15.89,102364,0.0,1.0
2016-10-26,16.75,17.01,16.27,16.31,16.31,55343,0.0,1.0
2016-10-25,17.27,17.42,16.77,16.94,16.94,79149,0.0,1.0
2016-10-24,17.05,17.75,16.84,17.23,17.23,110411,0.0,1.0
2016-10-21,16.52,17.25,16.52,16.97,16.97,46295,0.0,1.0
2016-10-20,16.92,17.03,16.56,16.84,16.84,95196,0.0,1.0
2016-10-19,16.62,17.36,16.43,17.06,17.06,167084,0.0,1.0
2016-10-18,16.73,16.82,16.23,16.6,16.6,234588,0.0,1.0
2016-10-17,16.21,16.705,16.08,16.43,16.43,69542,0.0,1.0
2016-10-14,16.67,16.795,16.1,16.2,16.2,119205,0.0,1.0
2016-10-13,16.32,16.76,16.05,16.54,16.54,129900,0.0,1.0
2016-10-12,16.52,16.75,16.26,16.46,16.46,78791,0.0,1.0
2016-10-11,16.72,17.0,16.27,16.54,16.54,149745,0.0,1.0
2016-10-10,16.18,16.91,16.18,16.78,16.78,97729,0.0,1.0
2016-10-07,16.18,16.39,15.88,15.98,15.98,73823,0.0,1.0
2016-10-06,16.3,16.46,16.0,16.1,16.1,113948,0.0,1.0
2016-10-05,16.34,16.89,15.781,16.32,16.32,100495,0.0,1.0
2016-10-04,16.12,16.41,15.945,16.15,16.15,155696,0.0,1.0
2016-10-03,15.73,16.18,15.56,16.1,16.1,111661,0.0,1.0
2016-09-30,15.09,15.9,14.74,15.68,15.68,137591,0.0,1.0
2016-09-29,15.2,15.8399,14.93,14.96,14.96,97628,0.0,1.0
2016-09-28,14.13,15.26,14.13,15.18,15.18,127890,0.0,1.0
2016-09-27,14.21,14.26,13.97,14.16,14.16,94508,0.0,1.0
2016-09-26,14.49,14.53,14.2,14.24,14.24,80576,0.0,1.0
2016-09-23,14.8,14.87,14.34,14.48,14.48,137886,0.0,1.0
2016-09-22,14.36,14.9,14.36,14.88,14.88,87040,0.0,1.0
2016-09-21,13.56,14.24,13.56,14.14,14.14,83611,0.0,1.0
2016-09-20,13.7,13.7,13.285,13.4,13.4,73270,0.0,1.0
2016-09-19,13.76,14.13,13.62,13.64,13.64,93990,0.0,1.0
2016-09-16,13.14,13.6,13.13,13.33,13.33,839733,0.0,1.0
2016-09-15,13.07,13.3899,12.73,13.21,13.21,120110,0.0,1.0
2016-09-14,13.34,13.58,12.83,13.03,13.03,157695,0.0,1.0
2016-09-13,13.64,13.82,13.09,13.38,13.38,168970,0.0,1.0
2016-09-12,13.88,14.37,13.69,13.82,13.82,172374,0.0,1.0
2016-09-09,14.97,15.45,14.23,14.25,14.25,141714,0.0,1.0
2016-09-08,15.44,15.57,15.01,15.27,15.27,98465,0.0,1.0
2016-09-07,15.0,15.51,14.845,15.44,15.44,111374,0.0,1.0
2016-09-06,14.72,15.0,14.26,14.98,14.98,90930,0.0,1.0
2016-09-02,14.38,14.7,14.04,14.65,14.65,96855,0.0,1.0
2016-09-01,14.12,14.5,14.0,14.34,14.34,69922,0.0,1.0
2016-08-31,14.12,14.64,13.92,14.13,14.13,148888,0.0,1.0
2016-08-30,14.33,14.659,14.24,14.25,14.25,63972,0.0,1.0
2016-08-29,14.63,14.71,14.29,14.38,14.38,59130,0.0,1.0
2016-08-26,14.66,14.95,14.5,14.62,14.62,58574,0.0,1.0
2016-08-25,14.49,14.8,14.12,14.63,14.63,62729,0.0,1.0
2016-08-24,14.65,14.785,14.285,14.58,14.58,212011,0.0,1.0
2016-08-23,14.54,14.96,14.54,14.78,14.78,43921,0.0,1.0
2016-08-22,14.61,14.61,14.117,14.46,14.46,35748,0.0,1.0
2016-08-19,14.8,14.8,14.2,14.55,14.55,89720,0.0,1.0
2016-08-18,14.6,14.88,14.48,14.82,14.82,70335,0.0,1.0
2016-08-17,13.95,14.56,13.91,14.54,14.54,124634,0.0,1.0
2016-08-16,14.05,14.05,13.571,13.92,13.92,80363,0.0,1.0
2016-08-15,13.71,14.01,13.68,13.98,13.98,56410,0.0,1.0
2016-08-12,13.85,13.92,13.39,13.68,13.68,67099,0.0,1.0
2016-08-11,13.66,14.01,13.5766,13.9,13.9,70037,0.0,1.0
2016-08-10,13.9,14.44,13.46,13.52,13.52,78339,0.0,1.0
2016-08-09,13.62,13.88,13.43,13.87,13.87,109009,0.0,1.0
2016-08-08,12.95,13.56,12.75,13.54,13.54,89135,0.0,1.0
2016-08-05,12.58,12.91,12.3,12.83,12.83,214222,0.0,1.0
2016-08-04,12.5,12.8,12.47,12.55,12.55,99379,0.0,1.0
2016-08-03,12.12,12.57,12.03,12.57,12.57,185710,0.0,1.0
2016-08-02,12.44,12.44,11.87,12.18,12.18,170808,0.0,1.0
2016-08-01,12.64,12.76,12.32,12.37,12.37,113505,0.0,1.0
2016-07-29,12.94,12.96,12.57,12.72,12.72,141158,0.0,1.0
2016-07-28,13.17,13.17,12.89,12.91,12.91,92275,0.0,1.0
2016-07-27,13.14,13.24,12.93,13.18,13.18,111685,0.0,1.0
2016-07-26,13.17,13.485,13.0,13.09,13.09,60859,0.0,1.0
2016-07-25,13.68,13.77,13.12,13.17,13.17,121904,0.0,1.0
2016-07-22,13.25,13.79,13.1,13.71,13.71,130541,0.0,1.0
2016-07-21,13.09,13.46,13.09,13.2,13.2,91894,0.0,1.0
2016-07-20,13.07,13.2299,12.67,13.11,13.11,88860,0.0,1.0
2016-07-19,13.7,13.7,13.11,13.14,13.14,162145,0.0,1.0
2016-07-18,13.95,13.95,13.52,13.8,13.8,65239,0.0,1.0
2016-07-15,14.15,14.15,13.78,13.94,13.94,84840,0.0,1.0
2016-07-14,14.05,14.24,13.91,13.99,13.99,105967,0.0,1.0
2016-07-13,14.29,14.29,13.69,13.9,13.9,185205,0.0,1.0
2016-07-12,13.78,14.54,13.78,14.23,14.23,123486,0.0,1.0
2016-07-11,13.72,13.85,13.49,13.65,13.65,184764,0.0,1.0
2016-07-08,13.24,13.82,13.18,13.58,13.58,162062,0.0,1.0
2016-07-07,12.75,13.12,12.75,13.04,13.04,216796,0.0,1.0
2016-07-06,12.7,12.98,12.41,12.74,12.74,222144,0.0,1.0
2016-07-05,13.23,13.275,12.5,12.84,12.84,187133,0.0,1.0
2016-07-01,12.79,13.54,12.79,13.51,13.51,163088,0.0,1.0
2016-06-30,12.31,12.87,12.21,12.85,12.85,288212,0.0,1.0
2016-06-29,12.16,12.67,12.03,12.23,12.23,291872,0.0,1.0
2016-06-28,11.78,12.06,11.65,11.93,11.93,327392,0.0,1.0
2016-06-27,11.47,11.64,11.35,11.59,11.59,259585,0.0,1.0
2016-06-24,11.33,11.47,10.83,11.47,11.47,483915,0.0,1.0
2016-06-23,11.5,11.81,11.26,11.79,11.79,181266,0.0,1.0
2016-06-22,11.69,11.81,11.0075,11.35,11.35,247655,0.0,1.0
2016-06-21,11.82,12.0,11.38,11.74,11.74,74952,0.0,1.0
2016-06-20,12.27,12.57,11.8,11.85,11.85,187146,0.0,1.0
2016-06-17,11.6,12.17,11.48,12.07,12.07,382839,0.0,1.0
2016-06-16,11.83,11.83,11.38,11.56,11.56,116211,0.0,1.0
2016-06-15,12.11,12.625,11.79,11.98,11.98,170131,0.0,1.0
2016-06-14,12.0,12.27,11.95,12.13,12.13,178731,0.0,1.0
2016-06-13,12.29,12.5,12.05,12.07,12.07,171311,0.0,1.0
2016-06-10,12.55,12.69,12.4,12.48,12.48,129975,0.0,1.0
2016-06-09,12.92,12.9775,12.72,12.79,12.79,87879,0.0,1.0
2016-06-08,13.18,13.6,12.82,13.11,13.11,167849,0.0,1.0
2016-06-07,13.05,13.225,12.95,13.08,13.08,153347,0.0,1.0
2016-06-06,12.68,13.2,12.67,13.02,13.02,252312,0.0,1.0
2016-06-03,12.48,13.065,12.386,12.63,12.63,243566,0.0,1.0
2016-06-02,12.24,12.44,11.66,12.35,12.35,194869,0.0,1.0
2016-06-01,12.41,12.49,11.68,12.33,12.33,259643,0.0,1.0
2016-05-31,12.74,13.15,12.373,12.53,12.53,192713,0.0,1.0
2016-05-27,12.74,12.82,12.46,12.68,12.68,81193,0.0,1.0
2016-05-26,13.26,13.37,12.7,12.75,12.75,96585,0.0,1.0
2016-05-25,12.73,13.25,12.725,13.2,13.2,181171,0.0,1.0
2016-05-24,13.03,13.14,12.55,12.65,12.65,320961,0.0,1.0
2016-05-23,13.02,13.19,12.69,13.01,13.01,184037,0.0,1.0
2016-05-20,12.97,13.38,12.79,13.11,13.11,163634,0.0,1.0
2016-05-19,13.33,13.52,12.835,12.85,12.85,148803,0.0,1.0
2016-05-18,13.86,13.93,13.34,13.48,13.48,116453,0.0,1.0
2016-05-17,13.79,14.51,13.77,13.94,13.94,166523,0.0,1.0
2016-05-16,13.94,14.29,13.78,13.79,13.79,179622,0.0,1.0
2016-05-13,13.82,14.33,13.56,13.76,13.76,161564,0.0,1.0
2016-05-12,13.93,14.06,13.61,13.93,13.93,102224,0.0,1.0
2016-05-11,14.28,14.31,13.74,13.77,13.77,195674,0.0,1.0
2016-05-10,14.12,14.33,13.918,14.28,14.28,85160,0.0,1.0
2016-05-09,14.9,14.9,13.91,13.92,13.92,169068,0.0,1.0
2016-05-06,14.58,15.2,14.58,15.02,15.02,270661,0.0,1.0
2016-05-05,15.32,15.63,14.56,14.62,14.62,131333,0.0,1.0
2016-05-04,15.13,15.58,15.035,15.12,15.12,108387,0.0,1.0
2016-05-03,15.22,15.6,14.86,15.19,15.19,156563,0.0,1.0
2016-05-02,15.3,15.84,15.19,15.38,15.38,296446,0.0,1.0
2016-04-29,14.79,15.69,14.79,15.3,15.3,319471,0.0,1.0
2016-04-28,16.11,16.11,14.3,15.01,15.01,266813,0.0,1.0
2016-04-27,16.43,17.13,16.34,16.36,16.36,126695,0.0,1.0
2016-04-26,16.38,16.67,15.81,16.4,16.4,154263,0.0,1.0
2016-04-25,16.85,16.89,15.94,16.31,16.31,295785,0.0,1.0
2016-04-22,16.17,17.0,16.17,16.96,16.96,147289,0.0,1.0
2016-04-21,16.47,16.47,15.81,16.17,16.17,128308,0.0,1.0
2016-04-20,16.19,16.95,16.11,16.46,16.46,89401,0.0,1.0
2016-04-19,16.21,16.77,16.0,16.33,16.33,141926,0.0,1.0
2016-04-18,14.98,16.39,14.98,16.05,16.05,115668,0.0,1.0
2016-04-15,15.41,15.53,15.06,15.2,15.2,132513,0.0,1.0
2016-04-14,15.66,15.9,15.37,15.43,15.43,95733,0.0,1.0
2016-04-13,15.29,16.09,15.25,15.64,15.64,130674,0.0,1.0
2016-04-12,15.1,15.91,14.79,15.22,15.22,211302,0.0,1.0
2016-04-11,14.39,15.24,14.39,15.12,15.12,147865,0.0,1.0
2016-04-08,14.41,14.82,14.195,14.39,14.39,225667,0.0,1.0
2016-04-07,14.38,14.78,13.96,14.14,14.14,433515,0.0,1.0
2016-04-06,14.57,14.67,13.93,14.44,14.44,163602,0.0,1.0
2016-04-05,15.09,15.19,14.3,14.51,14.51,260204,0.0,1.0
2016-04-04,15.01,15.99,14.91,15.26,15.26,179018,0.0,1.0
2016-04-01,15.22,15.26,14.84,15.08,15.08,169820,0.0,1.0
2016-03-31,15.69,15.93,15.23,15.46,15.46,155271,0.0,1.0
2016-03-30,16.07,16.23,15.5,15.82,15.82,92391,0.0,1.0
2016-03-29,15.46,16.12,15.3,15.98,15.98,162970,0.0,1.0
2016-03-28,15.56,15.93,15.35,15.72,15.72,141976,0.0,1.0
2016-03-24,15.2,15.74,14.45,15.71,15.71,165223,0.0,1.0
2016-03-23,16.27,16.49,15.44,15.48,15.48,157201,0.0,1.0
2016-03-22,16.39,16.585,16.11,16.5,16.5,193911,0.0,1.0
2016-03-21,16.04,16.55,15.98,16.52,16.52,130603,0.0,1.0
2016-03-18,16.69,16.69,16.04,16.22,16.22,636359,0.0,1.0
2016-03-17,16.18,16.73,15.86,16.56,16.56,213101,0.0,1.0
2016-03-16,15.92,16.28,15.82,16.02,16.02,194436,0.0,1.0
2016-03-15,16.47,16.47,15.83,15.95,15.95,161089,0.0,1.0
2016-03-14,16.65,16.9,16.37,16.67,16.67,224057,0.0,1.0
2016-03-11,16.14,16.91,16.14,16.9,16.9,123107,0.0,1.0
2016-03-10,15.97,16.34,15.32,16.01,16.01,299220,0.0,1.0
2016-03-09,15.33,16.47,15.0,16.0,16.0,273475,0.0,1.0
2016-03-08,15.34,15.64,15.07,15.25,15.25,278291,0.0,1.0
2016-03-07,15.52,15.72,14.51,15.5,15.5,813851,0.0,1.0
2016-03-04,15.65,16.45,14.85,15.46,15.46,379059,0.0,1.0
2016-03-03,14.87,16.14,14.7,15.6,15.6,512751,0.0,1.0
2016-03-02,14.2,14.96,14.11,14.94,14.94,284017,0.0,1.0
2016-03-01,13.83,14.82,13.62,14.26,14.26,599164,0.0,1.0
2016-02-29,13.27,13.8,12.7,13.64,13.64,411492,0.0,1.0
2016-02-26,12.9,13.52,12.871,13.21,13.21,157671,0.0,1.0
2016-02-25,14.37,14.37,12.07,13.0,13.0,509130,0.0,1.0
2016-02-24,14.1,14.7,13.62,14.48,14.48,178334,0.0,1.0
2016-02-23,14.85,15.47,14.23,14.45,14.45,370790,0.0,1.0
2016-02-22,14.72,15.655,14.01,14.98,14.98,307949,0.0,1.0
2016-02-19,14.39,14.63,14.14,14.47,14.47,102016,0.0,1.0
2016-02-18,14.8,14.8,14.19,14.58,14.58,73249,0.0,1.0
2016-02-17,14.22,14.85,14.19,14.68,14.68,115819,0.0,1.0
2016-02-16,13.82,14.1,13.21,14.03,14.03,149364,0.0,1.0
2016-02-12,13.38,13.88,13.38,13.59,13.59,96495,0.0,1.0
2016-02-11,13.73,13.73,13.19,13.37,13.37,131064,0.0,1.0
2016-02-10,13.83,14.0775,13.71,13.87,13.87,88474,0.0,1.0
2016-02-09,14.56,14.77,13.02,13.96,13.96,185219,0.0,1.0
2016-02-08,14.52,15.2,14.4,14.91,14.91,129398,0.0,1.0
2016-02-05,14.66,15.44,14.66,14.78,14.78,155674,0.0,1.0
2016-02-04,14.57,15.25,14.49,14.88,14.88,174730,0.0,1.0
2016-02-03,14.92,15.18,14.13,14.49,14.49,341383,0.0,1.0
2016-02-02,15.07,15.27,14.43,14.53,14.53,164639,0.0,1.0
2016-02-01,16.15,16.45,15.38,15.49,15.49,176439,0.0,1.0
2016-01-29,15.08,16.59,15.08,16.52,16.52,261297,0.0,1.0
2016-01-28,15.44,15.87,14.94,15.14,15.14,99644,0.0,1.0
2016-01-27,14.94,15.6975,14.93,15.05,15.05,188128,0.0,1.0
2016-01-26,14.94,15.19,14.71,15.13,15.13,200924,0.0,1.0
2016-01-25,14.97,15.54,14.63,14.8,14.8,270460,0.0,1.0
2016-01-22,14.47,16.1,14.46,15.16,15.16,332755,0.0,1.0
2016-01-21,13.38,14.29,13.36,14.17,14.17,200297,0.0,1.0
2016-01-20,13.6,13.7499,12.61,13.5,13.5,250805,0.0,1.0
2016-01-19,14.27,14.27,13.1,13.86,13.86,226383,0.0,1.0
2016-01-15,14.66,15.01,14.08,14.16,14.16,318101,0.0,1.0
2016-01-14,14.14,15.54,13.9,15.1,15.1,312706,0.0,1.0
2016-01-13,14.88,15.115,14.0,14.07,14.07,271547,0.0,1.0
2016-01-12,15.5,15.87,14.42,14.75,14.75,337019,0.0,1.0
2016-01-11,16.54,16.79,15.22,15.25,15.25,168122,0.0,1.0
2016-01-08,16.51,16.77,16.13,16.37,16.37,589159,0.0,1.0
2016-01-07,15.97,16.99,15.9,16.33,16.33,260556,0.0,1.0
2016-01-06,16.16,16.39,15.85,16.22,16.22,335139,0.0,1.0
2016-01-05,16.46,16.465,15.7,16.37,16.37,283759,0.0,1.0
2016-01-04,15.94,16.48,15.14,16.41,16.41,222351,0.0,1.0
2015-12-31,15.98,16.145,15.58,16.05,16.05,192882,0.0,1.0
2015-12-30,16.05,16.2499,15.83,16.02,16.02,199718,0.0,1.0
2015-12-29,15.76,16.08,15.6601,15.99,15.99,572971,0.0,1.0
2015-12-28,15.77,16.06,15.35,15.64,15.64,319755,0.0,1.0
2015-12-24,15.96,16.0,15.56,15.79,15.79,34112,0.0,1.0
2015-12-23,15.7,16.1,15.49,16.04,16.04,117276,0.0,1.0
2015-12-22,14.5,15.57,14.35,15.54,15.54,147921,0.0,1.0
2015-12-21,14.24,14.8,13.92,14.55,14.55,279589,0.0,1.0
2015-12-18,13.95,14.49,13.42,14.13,14.13,856493,0.0,1.0
2015-12-17,14.52,14.52,13.66,13.97,13.97,383671,0.0,1.0
2015-12-16,13.9,14.82,13.76,14.53,14.53,170302,0.0,1.0
2015-12-15,13.6,14.17,13.6,13.82,13.82,312551,0.0,1.0
2015-12-14,13.98,14.76,13.29,13.48,13.48,297738,0.0,1.0
2015-12-11,14.56,14.94,13.86,13.93,13.93,228345,0.0,1.0
2015-12-10,15.17,15.41,14.75,15.18,15.18,140084,0.0,1.0
2015-12-09,15.47,15.86,14.99,15.25,15.25,131433,0.0,1.0
2015-12-08,15.51,15.72,15.0,15.12,15.12,131560,0.0,1.0
2015-12-07,16.35,16.77,15.18,15.29,15.29,155287,0.0,1.0
2015-12-04,16.16,16.59,16.13,16.51,16.51,110955,0.0,1.0
2015-12-03,16.1,16.52,15.96,16.39,16.39,93529,0.0,1.0
2015-12-02,16.66,16.96,15.77,15.92,15.92,163563,0.0,1.0
2015-12-01,16.48,16.89,16.1,16.44,16.44,258148,0.0,1.0
2015-11-30,16.42,16.63,15.99,16.37,16.37,341700,0.0,1.0
2015-11-27,15.75,16.32,15.75,16.04,16.04,95065,0.0,1.0
2015-11-25,16.35,16.42,15.84,16.01,16.01,222526,0.0,1.0
2015-11-24,16.29,16.57,15.99,16.32,16.32,187811,0.0,1.0
2015-11-23,16.15,16.55,15.96,16.31,16.31,154064,0.0,1.0
2015-11-20,16.48,16.68,15.52,16.25,16.25,492818,0.0,1.0
2015-11-19,16.35,16.99,15.06,16.27,16.27,264963,0.0,1.0
2015-11-18,16.76,16.85,15.84,16.67,16.67,301068,0.0,1.0
2015-11-17,17.31,17.65,16.415,16.57,16.57,268599,0.0,1.0
2015-11-16,17.1,17.53,16.9715,17.4,17.4,204091,0.0,1.0
2015-11-13,17.82,18.899,16.58,17.16,17.16,446036,0.0,1.0
2015-11-12,17.78,18.27,17.65,18.21,18.21,255516,0.0,1.0
2015-11-11,16.81,18.73,16.8,18.14,18.14,648724,0.0,1.0
2015-11-10,16.45,17.82,16.38,16.88,16.88,889873,0.0,1.0
2015-11-09,14.86,16.89,14.6,16.56,16.56,1069819,0.0,1.0
2015-11-06,13.91,14.81,13.9,14.71,14.71,1047675,0.0,1.0
2015-11-05,14.91,15.22,13.69,13.91,13.91,1404452,0.0,1.0
2015-11-04,18.0,18.2,14.65,15.37,15.37,1774928,9.1,1.0
