,GPOR_Open,GPOR_High,GPOR_Low,GPOR_Close,GPOR_Adj Close,GPOR_Volume,GPOR_Dividend Amount,GPOR_Split Coefficient
2024-10-07,150.11,150.62,148.52,149.98,149.98,217770,0.0,1.0
2024-10-04,152.19,153.055,146.5,150.91,150.91,533568,0.0,1.0
2024-10-03,150.36,152.58,149.03,151.59,151.59,179834,0.0,1.0
2024-10-02,152.48,152.64,148.645,149.7,149.7,199024,0.0,1.0
2024-10-01,149.87,152.15,148.96,149.65,149.65,185918,0.0,1.0
2024-09-30,150.64,153.37,148.974,151.35,151.35,211109,0.0,1.0
2024-09-27,146.62,153.68,146.62,151.94,151.94,243176,0.0,1.0
2024-09-26,145.06,147.23,144.33,145.56,145.56,193473,0.0,1.0
2024-09-25,149.63,150.26,146.48,146.93,146.93,178543,0.0,1.0
2024-09-24,151.27,152.9,149.2,149.9,149.9,222623,0.0,1.0
2024-09-23,149.61,153.57,149.61,151.0,151.0,192621,0.0,1.0
2024-09-20,149.27,149.93,147.64,148.93,148.93,606984,0.0,1.0
2024-09-19,150.85,151.4,149.16,149.19,149.19,151396,0.0,1.0
2024-09-18,147.25,149.99,145.8509,147.99,147.99,176971,0.0,1.0
2024-09-17,147.7,149.25,146.635,147.0,147.0,231270,0.0,1.0
2024-09-16,144.15,147.11,142.76,147.01,147.01,234954,0.0,1.0
2024-09-13,144.24,145.015,142.76,143.04,143.04,233158,0.0,1.0
2024-09-12,143.6,144.89,141.23,142.81,142.81,369205,0.0,1.0
2024-09-11,140.06,144.035,138.675,143.75,143.75,191788,0.0,1.0
2024-09-10,138.23,140.47,135.84,139.55,139.55,374465,0.0,1.0
2024-09-09,137.88,140.28,137.76,138.07,138.07,354713,0.0,1.0
2024-09-06,138.75,139.56,136.76,137.76,137.76,283265,0.0,1.0
2024-09-05,139.63,139.7,137.31,139.0,139.0,207446,0.0,1.0
2024-09-04,139.37,141.07,137.85,138.41,138.41,195182,0.0,1.0
2024-09-03,142.65,142.65,136.61,139.55,139.55,206955,0.0,1.0
2024-08-30,143.81,145.54,142.27,145.06,145.06,144309,0.0,1.0
2024-08-29,142.19,145.85,141.82,144.88,144.88,130635,0.0,1.0
2024-08-28,141.12,142.11,139.315,141.85,141.85,130650,0.0,1.0
2024-08-27,141.6,143.835,140.575,142.01,142.01,186734,0.0,1.0
2024-08-26,143.71,145.0,141.21,141.82,141.82,144319,0.0,1.0
2024-08-23,142.5,143.88,141.48,142.27,142.27,205047,0.0,1.0
2024-08-22,142.53,142.53,140.58,140.86,140.86,116028,0.0,1.0
2024-08-21,143.05,144.0,140.98,142.38,142.38,121713,0.0,1.0
2024-08-20,144.65,144.65,139.855,141.6,141.6,157261,0.0,1.0
2024-08-19,143.34,146.1,143.34,144.85,144.85,103472,0.0,1.0
2024-08-16,144.0,144.945,142.35,143.02,143.02,175918,0.0,1.0
2024-08-15,142.0,145.825,141.62,144.77,144.77,198333,0.0,1.0
2024-08-14,140.49,142.38,139.54,141.75,141.75,163877,0.0,1.0
2024-08-13,141.77,141.77,139.25,140.68,140.68,136140,0.0,1.0
2024-08-12,139.52,144.13,139.45,142.43,142.43,257466,0.0,1.0
2024-08-09,137.28,139.48,135.4902,138.14,138.14,278817,0.0,1.0
2024-08-08,135.22,138.85,134.35,137.29,137.29,335725,0.0,1.0
2024-08-07,134.0,147.32,133.14,133.8,133.8,479942,0.0,1.0
2024-08-06,134.37,137.37,134.37,134.92,134.92,285557,0.0,1.0
2024-08-05,134.66,136.785,130.02,134.24,134.24,253808,0.0,1.0
2024-08-02,139.97,139.97,135.5692,135.88,135.88,283313,0.0,1.0
2024-08-01,147.59,148.97,141.52,143.27,143.27,208276,0.0,1.0
2024-07-31,151.03,152.5,146.9,147.21,147.21,208589,0.0,1.0
2024-07-30,148.8,149.73,147.36,148.29,148.29,228781,0.0,1.0
2024-07-29,150.0,150.4,146.77,149.25,149.25,151309,0.0,1.0
2024-07-26,149.4,150.49,148.16,149.26,149.26,186656,0.0,1.0
2024-07-25,153.01,153.23,148.29,148.49,148.49,297114,0.0,1.0
2024-07-24,158.96,159.18,151.97,152.78,152.78,285797,0.0,1.0
2024-07-23,158.26,160.97,157.47,158.8,158.8,245741,0.0,1.0
2024-07-22,157.89,160.31,156.96,158.95,158.95,143020,0.0,1.0
2024-07-19,154.12,158.08,152.04,157.92,157.92,188330,0.0,1.0
2024-07-18,156.0,157.085,152.64,154.65,154.65,217902,0.0,1.0
2024-07-17,162.53,162.535,155.44,155.65,155.65,368608,0.0,1.0
2024-07-16,159.56,162.39,158.495,161.62,161.62,273281,0.0,1.0
2024-07-15,160.65,163.22,158.82,159.15,159.15,249031,0.0,1.0
2024-07-12,157.61,161.19,157.61,160.21,160.21,250379,0.0,1.0
2024-07-11,155.74,157.71,153.84,155.58,155.58,163011,0.0,1.0
2024-07-10,152.66,154.39,152.66,154.03,154.03,98506,0.0,1.0
2024-07-09,153.76,154.8911,152.33,152.4,152.4,111951,0.0,1.0
2024-07-08,153.41,155.755,151.6566,154.54,154.54,146834,0.0,1.0
2024-07-05,156.51,156.84,152.72,152.94,152.94,134776,0.0,1.0
2024-07-03,154.42,157.75,154.34,156.86,156.86,102988,0.0,1.0
2024-07-02,151.73,154.005,151.31,153.64,153.64,196486,0.0,1.0
2024-07-01,152.62,152.62,148.66,150.32,150.32,165891,0.0,1.0
2024-06-28,154.66,155.06,150.59,151.0,151.0,731574,0.0,1.0
2024-06-27,154.13,155.3,152.28,153.35,153.35,111621,0.0,1.0
2024-06-26,154.6,154.8099,152.85,153.69,153.69,124567,0.0,1.0
2024-06-25,155.78,156.545,153.84,155.59,155.59,83807,0.0,1.0
2024-06-24,152.64,158.02,150.8,156.85,156.85,151247,0.0,1.0
2024-06-21,151.85,152.675,150.0,152.06,152.06,288872,0.0,1.0
2024-06-20,150.95,153.285,150.05,152.18,152.18,168465,0.0,1.0
2024-06-18,154.6,154.83,150.74,151.59,151.59,227981,0.0,1.0
2024-06-17,153.95,154.5,151.4001,153.75,153.75,122611,0.0,1.0
2024-06-14,156.0,156.0,152.43,153.43,153.43,184032,0.0,1.0
2024-06-13,160.58,160.58,155.4,157.6,157.6,219059,0.0,1.0
2024-06-12,163.59,163.59,159.99,161.49,161.49,227895,0.0,1.0
2024-06-11,160.99,163.26,158.88,161.73,161.73,152002,0.0,1.0
2024-06-10,159.09,163.55,159.09,161.04,161.04,150127,0.0,1.0
2024-06-07,159.4,160.93,158.1848,158.89,158.89,190981,0.0,1.0
2024-06-06,159.2,161.915,157.36,159.93,159.93,259088,0.0,1.0
2024-06-05,156.43,160.0,154.61,158.38,158.38,150318,0.0,1.0
2024-06-04,159.01,160.09,155.88,156.87,156.87,225998,0.0,1.0
2024-06-03,160.81,162.23,158.18,159.81,159.81,204658,0.0,1.0
2024-05-31,161.58,162.54,158.78,161.81,161.81,267389,0.0,1.0
2024-05-30,158.12,160.94,158.12,160.68,160.68,125093,0.0,1.0
2024-05-29,159.6,160.65,157.63,159.03,159.03,146631,0.0,1.0
2024-05-28,159.5,162.18,157.03,160.97,160.97,226397,0.0,1.0
2024-05-24,156.44,159.58,154.92,158.22,158.22,242737,0.0,1.0
2024-05-23,156.92,158.64,154.265,155.09,155.09,207209,0.0,1.0
2024-05-22,155.71,156.55,153.326,155.68,155.68,168818,0.0,1.0
2024-05-21,159.06,160.8025,156.855,157.05,157.05,170399,0.0,1.0
2024-05-20,159.01,160.705,156.65,160.32,160.32,387300,0.0,1.0
2024-05-17,156.48,158.72,155.195,158.37,158.37,222663,0.0,1.0
2024-05-16,157.44,158.91,155.19,155.25,155.25,216363,0.0,1.0
2024-05-15,151.69,157.64,150.57,157.44,157.44,332257,0.0,1.0
2024-05-14,149.87,151.705,148.6842,151.69,151.69,192360,0.0,1.0
2024-05-13,148.86,150.65,147.075,148.93,148.93,295906,0.0,1.0
2024-05-10,153.21,153.91,147.05,147.71,147.71,287270,0.0,1.0
2024-05-09,155.09,156.13,152.15,152.97,152.97,258140,0.0,1.0
2024-05-08,155.97,156.85,154.12,154.4,154.4,210377,0.0,1.0
2024-05-07,155.16,158.705,154.8,157.63,157.63,202688,0.0,1.0
2024-05-06,153.77,158.58,153.47,156.41,156.41,314305,0.0,1.0
2024-05-03,151.94,153.33,149.0,153.19,153.19,271516,0.0,1.0
2024-05-02,150.75,152.74,149.0,150.59,150.59,206310,0.0,1.0
2024-05-01,154.52,157.015,150.57,150.57,150.57,296489,0.0,1.0
2024-04-30,164.35,165.1908,158.31,158.71,158.71,223260,0.0,1.0
2024-04-29,162.94,165.13,161.11,164.75,164.75,348146,0.0,1.0
2024-04-26,160.99,163.97,159.58,163.28,163.28,205652,0.0,1.0
2024-04-25,158.31,161.87,157.38,161.12,161.12,170183,0.0,1.0
2024-04-24,157.11,159.845,156.45,159.25,159.25,215909,0.0,1.0
2024-04-23,155.09,157.34,152.14,156.75,156.75,159097,0.0,1.0
2024-04-22,154.41,158.7,153.535,155.82,155.82,177725,0.0,1.0
2024-04-19,152.35,155.25,152.35,154.32,154.32,138864,0.0,1.0
2024-04-18,153.85,155.67,152.2,152.8,152.8,152460,0.0,1.0
2024-04-17,153.72,156.28,152.39,153.68,153.68,210026,0.0,1.0
2024-04-16,152.14,155.48,150.0929,153.9,153.9,218945,0.0,1.0
2024-04-15,158.37,158.72,153.43,153.46,153.46,259072,0.0,1.0
2024-04-12,159.39,160.42,155.43,156.91,156.91,155017,0.0,1.0
2024-04-11,160.0,160.87,156.53,157.69,157.69,220686,0.0,1.0
2024-04-10,160.19,161.165,157.54,159.99,159.99,206912,0.0,1.0
2024-04-09,161.58,163.08,157.78,160.67,160.67,267183,0.0,1.0
2024-04-08,160.45,161.815,159.51,160.79,160.79,144448,0.0,1.0
2024-04-05,158.23,160.37,155.3,160.0,160.0,280160,0.0,1.0
2024-04-04,164.91,164.91,159.255,160.81,160.81,301827,0.0,1.0
2024-04-03,159.6,162.72,159.51,162.03,162.03,313203,0.0,1.0
2024-04-02,160.31,161.42,158.52,159.57,159.57,164255,0.0,1.0
2024-04-01,160.94,161.62,158.12,159.83,159.83,236390,0.0,1.0
2024-03-28,159.87,161.74,158.23,160.12,160.12,253811,0.0,1.0
2024-03-27,156.7,160.12,155.01,159.88,159.88,215878,0.0,1.0
2024-03-26,160.04,160.35,157.09,157.39,157.39,229084,0.0,1.0
2024-03-25,159.6,161.64,158.085,159.1,159.1,233737,0.0,1.0
2024-03-22,159.52,161.1,156.14,159.81,159.81,267487,0.0,1.0
2024-03-21,157.98,160.53,156.59,160.25,160.25,401845,0.0,1.0
2024-03-20,155.49,157.5275,154.0,157.34,157.34,212520,0.0,1.0
2024-03-19,154.0,156.76,153.8355,156.39,156.39,216472,0.0,1.0
2024-03-18,153.93,153.93,151.13,153.56,153.56,384303,0.0,1.0
2024-03-15,149.55,154.58,149.55,152.54,152.54,408821,0.0,1.0
2024-03-14,147.26,150.295,146.64,150.14,150.14,426078,0.0,1.0
2024-03-13,145.0,149.1699,144.753,145.87,145.87,249483,0.0,1.0
2024-03-12,145.47,145.95,141.84,144.67,144.67,168470,0.0,1.0
2024-03-11,147.05,147.43,143.735,144.88,144.88,217557,0.0,1.0
2024-03-08,147.63,149.68,145.2,148.12,148.12,327422,0.0,1.0
2024-03-07,145.5,148.47,145.5,147.74,147.74,173313,0.0,1.0
2024-03-06,144.95,146.45,142.885,144.7,144.7,252005,0.0,1.0
2024-03-05,142.48,145.03,141.47,143.64,143.64,146402,0.0,1.0
2024-03-04,143.16,144.38,141.905,142.8,142.8,299161,0.0,1.0
2024-03-01,142.35,144.4191,141.33,142.0,142.0,150415,0.0,1.0
2024-02-29,143.9,145.33,141.03,141.99,141.99,391865,0.0,1.0
2024-02-28,147.14,151.67,142.13,142.26,142.26,336520,0.0,1.0
2024-02-27,141.02,142.22,139.4,141.79,141.79,271376,0.0,1.0
2024-02-26,140.73,141.7,139.03,141.13,141.13,253700,0.0,1.0
2024-02-23,139.7,141.23,137.795,140.55,140.55,121879,0.0,1.0
2024-02-22,141.43,143.604,140.84,141.78,141.78,224593,0.0,1.0
2024-02-21,134.71,142.81,134.71,142.72,142.72,621555,0.0,1.0
2024-02-20,133.19,133.68,130.69,132.78,132.78,180571,0.0,1.0
2024-02-16,135.15,136.185,133.09,134.33,134.33,224082,0.0,1.0
2024-02-15,129.0,136.155,129.0,134.58,134.58,327414,0.0,1.0
2024-02-14,128.11,129.76,126.775,128.5,128.5,264261,0.0,1.0
2024-02-13,127.36,127.53,125.41,126.98,126.98,135782,0.0,1.0
2024-02-12,126.55,130.645,126.55,128.74,128.74,132203,0.0,1.0
2024-02-09,125.43,127.33,124.375,126.74,126.74,176355,0.0,1.0
2024-02-08,123.81,126.13,123.59,125.91,125.91,166648,0.0,1.0
2024-02-07,124.26,125.2,122.84,123.56,123.56,88503,0.0,1.0
2024-02-06,121.3,124.82,121.14,124.02,124.02,120656,0.0,1.0
2024-02-05,123.35,124.29,120.98,121.87,121.87,140658,0.0,1.0
2024-02-02,124.44,125.1,122.79,124.46,124.46,185405,0.0,1.0
2024-02-01,127.88,129.465,123.52,124.71,124.71,220423,0.0,1.0
2024-01-31,132.54,132.885,126.21,126.9,126.9,293093,0.0,1.0
2024-01-30,129.01,132.46,129.01,132.29,132.29,105392,0.0,1.0
2024-01-29,130.81,130.81,128.37,129.65,129.65,89430,0.0,1.0
2024-01-26,132.31,132.31,128.98,131.04,131.04,115316,0.0,1.0
2024-01-25,131.36,132.005,129.095,131.89,131.89,135617,0.0,1.0
2024-01-24,128.56,129.93,127.94,129.92,129.92,145742,0.0,1.0
2024-01-23,127.27,128.84,126.01,127.26,127.26,84133,0.0,1.0
2024-01-22,126.0,128.46,126.0,127.09,127.09,128085,0.0,1.0
2024-01-19,126.64,126.64,124.27,126.45,126.45,118693,0.0,1.0
2024-01-18,124.13,127.125,122.75,126.43,126.43,218468,0.0,1.0
2024-01-17,123.78,124.0009,122.28,122.96,122.96,137988,0.0,1.0
2024-01-16,125.05,126.09,122.45,122.78,122.78,116385,0.0,1.0
2024-01-12,126.85,126.85,124.21,126.01,126.01,159412,0.0,1.0
2024-01-11,123.11,126.41,123.11,124.06,124.06,174031,0.0,1.0
2024-01-10,126.15,126.98,125.29,125.96,125.96,147448,0.0,1.0
2024-01-09,125.0,127.365,122.31,126.82,126.82,234300,0.0,1.0
2024-01-08,124.35,126.01,119.75,125.86,125.86,258644,0.0,1.0
2024-01-05,127.42,127.42,124.13,125.34,125.34,306893,0.0,1.0
2024-01-04,133.38,133.38,127.35,127.89,127.89,203122,0.0,1.0
2024-01-03,131.63,134.47,129.07,132.08,132.08,237798,0.0,1.0
2024-01-02,134.17,136.32,132.81,134.09,134.09,115380,0.0,1.0
2023-12-29,134.09,135.26,132.4,133.2,133.2,149342,0.0,1.0
2023-12-28,136.41,137.4314,133.37,134.13,134.13,153670,0.0,1.0
2023-12-27,138.09,138.7657,134.4,136.41,136.41,78979,0.0,1.0
2023-12-26,136.34,138.225,135.54,137.32,137.32,104729,0.0,1.0
2023-12-22,136.91,137.165,134.21,135.3,135.3,127938,0.0,1.0
2023-12-21,132.35,136.06,130.99,135.97,135.97,133049,0.0,1.0
2023-12-20,133.87,134.747,130.93,131.18,131.18,200609,0.0,1.0
2023-12-19,132.43,133.5,130.84,133.06,133.06,174693,0.0,1.0
2023-12-18,132.27,133.61,131.01,131.96,131.96,181181,0.0,1.0
2023-12-15,131.02,132.5,128.31,129.89,129.89,347237,0.0,1.0
2023-12-14,130.87,132.78,129.6,130.93,130.93,300918,0.0,1.0
2023-12-13,128.82,131.1,127.0,130.9,130.9,298203,0.0,1.0
2023-12-12,128.5,130.0,125.67,128.58,128.58,639650,0.0,1.0
2023-12-11,133.58,134.75,130.08,132.08,132.08,255121,0.0,1.0
2023-12-08,135.08,135.61,133.58,134.85,134.85,159197,0.0,1.0
2023-12-07,133.5,134.46,130.17,133.65,133.65,158066,0.0,1.0
2023-12-06,136.56,137.98,133.8,133.84,133.84,139406,0.0,1.0
2023-12-05,138.52,139.36,137.35,137.92,137.92,137394,0.0,1.0
2023-12-04,136.28,139.34,136.28,138.05,138.05,220671,0.0,1.0
2023-12-01,136.54,140.83,136.54,137.94,137.94,134184,0.0,1.0
2023-11-30,132.95,138.175,132.81,137.04,137.04,210003,0.0,1.0
2023-11-29,133.76,133.93,131.62,131.77,131.77,135476,0.0,1.0
2023-11-28,133.72,135.1647,131.105,131.61,131.61,186510,0.0,1.0
2023-11-27,132.47,134.03,130.98,133.75,133.75,136801,0.0,1.0
2023-11-24,132.13,134.63,132.13,133.13,133.13,60933,0.0,1.0
2023-11-22,130.54,134.05,130.54,132.61,132.61,153524,0.0,1.0
2023-11-21,130.0,132.9841,129.0,132.51,132.51,136651,0.0,1.0
2023-11-20,129.77,131.455,129.47,130.69,130.69,104260,0.0,1.0
2023-11-17,128.51,130.72,126.3901,129.09,129.09,147565,0.0,1.0
2023-11-16,127.56,128.56,124.0515,127.31,127.31,129249,0.0,1.0
2023-11-15,128.05,130.57,127.5,128.74,128.74,86232,0.0,1.0
2023-11-14,127.61,129.15,126.47,128.38,128.38,118931,0.0,1.0
2023-11-13,125.43,128.26,125.015,126.38,126.38,127941,0.0,1.0
2023-11-10,126.08,126.57,123.91,124.17,124.17,92055,0.0,1.0
2023-11-09,127.0,129.45,124.5875,124.91,124.91,140457,0.0,1.0
2023-11-08,125.78,128.14,124.07,126.8,126.8,163992,0.0,1.0
2023-11-07,126.26,127.432,122.0008,126.41,126.41,176550,0.0,1.0
2023-11-06,132.55,133.44,127.15,128.1,128.1,181429,0.0,1.0
2023-11-03,134.33,134.69,130.73,133.17,133.17,207353,0.0,1.0
2023-11-02,132.56,134.84,129.12,133.63,133.63,257559,0.0,1.0
2023-11-01,121.8,131.2134,121.8,129.96,129.96,347453,0.0,1.0
2023-10-31,123.29,126.11,122.51,123.61,123.61,138273,0.0,1.0
2023-10-30,123.42,124.9069,120.54,122.76,122.76,78637,0.0,1.0
2023-10-27,124.96,125.25,121.86,123.93,123.93,76448,0.0,1.0
2023-10-26,123.62,125.42,122.42,124.79,124.79,130699,0.0,1.0
2023-10-25,125.63,126.39,123.83,124.19,124.19,111592,0.0,1.0
2023-10-24,125.07,126.3,124.3644,125.45,125.45,100952,0.0,1.0
2023-10-23,124.7,126.53,123.52,125.27,125.27,146939,0.0,1.0
2023-10-20,126.43,127.15,124.06,126.02,126.02,108341,0.0,1.0
2023-10-19,125.94,129.56,125.94,126.62,126.62,131803,0.0,1.0
2023-10-18,127.16,128.355,125.8,127.51,127.51,149735,0.0,1.0
2023-10-17,122.11,126.345,121.84,126.02,126.02,224816,0.0,1.0
2023-10-16,122.91,123.65,121.4,122.68,122.68,71295,0.0,1.0
2023-10-13,124.91,125.9,122.3,122.35,122.35,103213,0.0,1.0
2023-10-12,125.01,125.01,121.38,122.63,122.63,120426,0.0,1.0
2023-10-11,121.84,123.74,120.38,123.4,123.4,99807,0.0,1.0
2023-10-10,125.55,127.22,123.57,123.6,123.6,118536,0.0,1.0
2023-10-09,123.24,125.74,121.8,125.69,125.69,215492,0.0,1.0
2023-10-06,117.74,122.38,117.74,120.97,120.97,149423,0.0,1.0
2023-10-05,112.9,118.095,112.25,116.99,116.99,181118,0.0,1.0
2023-10-04,115.04,115.69,111.515,113.71,113.71,152933,0.0,1.0
2023-10-03,117.03,117.225,113.92,116.36,116.36,294447,0.0,1.0
2023-10-02,118.86,118.86,113.11,117.21,117.21,267532,0.0,1.0
2023-09-29,120.47,120.865,117.79,118.66,118.66,140680,0.0,1.0
2023-09-28,118.36,121.21,117.85,120.92,120.92,258539,0.0,1.0
2023-09-27,116.47,119.35,115.5,118.58,118.58,203696,0.0,1.0
2023-09-26,112.12,114.76,110.97,113.45,113.45,205237,0.0,1.0
2023-09-25,111.54,114.01,110.42,113.39,113.39,209403,0.0,1.0
2023-09-22,111.29,112.765,110.42,111.54,111.54,148126,0.0,1.0
2023-09-21,114.84,115.74,110.63,111.02,111.02,214216,0.0,1.0
2023-09-20,112.9,115.005,111.54,111.95,111.95,127390,0.0,1.0
2023-09-19,116.36,116.89,112.8,113.56,113.56,116829,0.0,1.0
2023-09-18,115.76,117.2999,113.02,114.96,114.96,152171,0.0,1.0
2023-09-15,119.0,119.9,115.89,115.9,115.9,438168,0.0,1.0
2023-09-14,122.03,123.15,119.82,119.94,119.94,121144,0.0,1.0
2023-09-13,125.28,125.28,119.71,120.05,120.05,200131,0.0,1.0
2023-09-12,119.07,122.65,119.07,121.75,121.75,228065,0.0,1.0
2023-09-11,123.12,123.12,115.63,117.29,117.29,171622,0.0,1.0
2023-09-08,119.31,122.27,118.22,120.59,120.59,99179,0.0,1.0
2023-09-07,120.58,121.92,119.45,119.52,119.52,222444,0.0,1.0
2023-09-06,122.65,124.43,119.02,120.71,120.71,254304,0.0,1.0
2023-09-05,122.27,124.79,122.23,123.1,123.1,189227,0.0,1.0
2023-09-01,119.63,124.58,119.63,123.44,123.44,208148,0.0,1.0
2023-08-31,114.86,118.69,114.01,118.0,118.0,235094,0.0,1.0
2023-08-30,115.77,115.8,113.95,114.45,114.45,128034,0.0,1.0
2023-08-29,114.81,115.28,113.33,114.6,114.6,95441,0.0,1.0
2023-08-28,115.85,116.04,113.39,114.52,114.52,87681,0.0,1.0
2023-08-25,114.08,114.15,112.4301,113.72,113.72,155694,0.0,1.0
2023-08-24,110.8,114.1,110.51,112.5,112.5,230424,0.0,1.0
2023-08-23,110.5,112.64,110.36,111.57,111.57,128450,0.0,1.0
2023-08-22,113.05,113.6,110.02,110.92,110.92,136923,0.0,1.0
2023-08-21,111.9,111.9,108.84,111.28,111.28,116323,0.0,1.0
2023-08-18,110.4,112.12,110.4,110.79,110.79,96126,0.0,1.0
2023-08-17,111.87,113.96,109.3,111.61,111.61,156653,0.0,1.0
2023-08-16,114.01,114.41,111.06,111.3,111.3,133413,0.0,1.0
2023-08-15,112.33,112.61,110.0,112.23,112.23,94541,0.0,1.0
2023-08-14,113.41,114.28,111.69,113.1,113.1,218415,0.0,1.0
2023-08-11,112.52,114.08,111.49,113.99,113.99,197072,0.0,1.0
2023-08-10,113.12,114.88,111.65,112.88,112.88,253823,0.0,1.0
2023-08-09,110.0,112.6,107.8,112.59,112.59,321855,0.0,1.0
2023-08-08,103.75,108.49,103.46,108.02,108.02,191137,0.0,1.0
2023-08-07,106.83,107.485,103.87,105.39,105.39,160825,0.0,1.0
2023-08-04,104.02,108.54,103.6,107.0,107.0,236163,0.0,1.0
2023-08-03,103.83,106.045,102.75,103.69,103.69,233611,0.0,1.0
2023-08-02,101.31,105.345,101.31,102.75,102.75,325339,0.0,1.0
2023-08-01,101.87,104.41,101.085,103.74,103.74,181837,0.0,1.0
2023-07-31,103.87,104.23,101.2,102.45,102.45,131454,0.0,1.0
2023-07-28,99.63,102.99,98.75,102.98,102.98,177316,0.0,1.0
2023-07-27,103.34,103.49,98.69,99.19,99.19,85500,0.0,1.0
2023-07-26,102.07,103.49,102.07,102.52,102.52,77111,0.0,1.0
2023-07-25,103.57,104.6754,102.19,102.26,102.26,102851,0.0,1.0
2023-07-24,105.97,106.74,102.84,103.45,103.45,143510,0.0,1.0
2023-07-21,104.91,106.53,104.25,106.41,106.41,75743,0.0,1.0
2023-07-20,103.36,104.795,102.42,104.41,104.41,116751,0.0,1.0
2023-07-19,104.13,104.4,100.92,101.96,101.96,149962,0.0,1.0
2023-07-18,105.34,106.99,104.31,104.4,104.4,146811,0.0,1.0
2023-07-17,104.71,106.02,103.67,104.94,104.94,143457,0.0,1.0
2023-07-14,106.55,106.55,103.0,104.01,104.01,153945,0.0,1.0
2023-07-13,106.46,110.02,104.93,106.7,106.7,318191,0.0,1.0
2023-07-12,106.39,106.65,104.04,105.75,105.75,138909,0.0,1.0
2023-07-11,104.6,107.62,104.6,105.59,105.59,104872,0.0,1.0
2023-07-10,104.37,104.795,102.095,104.11,104.11,149206,0.0,1.0
2023-07-07,103.27,105.975,102.32,104.05,104.05,161215,0.0,1.0
2023-07-06,104.7,105.46,99.8,103.48,103.48,164906,0.0,1.0
2023-07-05,105.03,105.45,103.835,105.08,105.08,147721,0.0,1.0
2023-07-03,104.65,105.43,103.76,104.04,104.04,60114,0.0,1.0
2023-06-30,104.03,106.68,102.61,105.07,105.07,154356,0.0,1.0
2023-06-29,100.41,104.37,100.35,103.46,103.46,296538,0.0,1.0
2023-06-28,97.99,100.635,97.42,100.39,100.39,286459,0.0,1.0
2023-06-27,96.1,98.76,94.57,98.22,98.22,204349,0.0,1.0
2023-06-26,97.97,99.37,96.07,96.32,96.32,227442,0.0,1.0
2023-06-23,93.79,97.49,93.665,97.27,97.27,676313,0.0,1.0
2023-06-22,100.68,101.56,94.83,95.95,95.95,1522005,0.0,1.0
2023-06-21,104.59,109.94,104.59,107.88,107.88,168869,0.0,1.0
2023-06-20,104.46,104.46,102.58,104.46,104.46,92893,0.0,1.0
2023-06-16,103.44,105.12,101.19,104.37,104.37,208888,0.0,1.0
2023-06-15,100.25,101.58,99.71,101.56,101.56,155799,0.0,1.0
2023-06-14,99.57,100.87,98.37,100.0,100.0,101269,0.0,1.0
2023-06-13,99.74,101.37,98.91,99.06,99.06,69570,0.0,1.0
2023-06-12,99.38,100.17,98.0,98.61,98.61,68574,0.0,1.0
2023-06-09,101.41,102.96,100.71,101.04,101.04,64365,0.0,1.0
2023-06-08,102.55,103.2,99.83,101.92,101.92,131680,0.0,1.0
2023-06-07,99.34,103.28,99.34,102.75,102.75,195783,0.0,1.0
2023-06-06,96.37,98.98,96.37,98.91,98.91,101666,0.0,1.0
2023-06-05,99.79,99.79,97.105,97.39,97.39,59600,0.0,1.0
2023-06-02,97.95,99.8,97.715,98.63,98.63,119959,0.0,1.0
2023-06-01,97.42,99.16,96.13,96.36,96.36,70398,0.0,1.0
2023-05-31,97.02,99.73,96.355,97.02,97.02,196596,0.0,1.0
2023-05-30,99.35,99.35,95.83,97.65,97.65,97885,0.0,1.0
2023-05-26,100.53,100.71,98.57,99.37,99.37,105659,0.0,1.0
2023-05-25,100.7,101.72,99.24,99.88,99.88,98006,0.0,1.0
2023-05-24,100.68,103.2,98.1744,102.42,102.42,114227,0.0,1.0
2023-05-23,100.37,101.53,99.55,99.8,99.8,105709,0.0,1.0
2023-05-22,102.81,103.78,99.25,99.79,99.79,120147,0.0,1.0
2023-05-19,104.84,104.98,101.13,102.71,102.71,191361,0.0,1.0
2023-05-18,97.3,101.89,96.55,101.55,101.55,181651,0.0,1.0
2023-05-17,97.27,98.425,95.62,97.42,97.42,91134,0.0,1.0
2023-05-16,97.24,98.165,95.31,96.0,96.0,111193,0.0,1.0
2023-05-15,96.91,98.72,96.02,96.94,96.94,198446,0.0,1.0
2023-05-12,92.57,95.87,91.71,95.82,95.82,118202,0.0,1.0
2023-05-11,91.36,92.91,91.12,91.9,91.9,72903,0.0,1.0
2023-05-10,92.93,93.45,91.54,92.36,92.36,129753,0.0,1.0
2023-05-09,91.23,95.06,91.23,92.45,92.45,155076,0.0,1.0
2023-05-08,92.23,92.9,90.4,91.18,91.18,127068,0.0,1.0
2023-05-05,88.71,91.64,88.71,90.53,90.53,152092,0.0,1.0
2023-05-04,90.36,92.15,85.79,86.56,86.56,179109,0.0,1.0
2023-05-03,83.38,89.72,83.38,88.41,88.41,232957,0.0,1.0
2023-05-02,83.67,83.67,81.32,81.59,81.59,87042,0.0,1.0
2023-05-01,88.99,90.615,83.05,84.53,84.53,215380,0.0,1.0
2023-04-28,85.74,91.65,85.74,90.46,90.46,156592,0.0,1.0
2023-04-27,82.81,85.605,82.66,85.43,85.43,71765,0.0,1.0
2023-04-26,82.62,84.125,81.2901,82.63,82.63,136653,0.0,1.0
2023-04-25,83.75,83.98,81.84,83.62,83.62,105676,0.0,1.0
2023-04-24,82.56,85.175,82.56,84.74,84.74,133271,0.0,1.0
2023-04-21,82.02,83.2,81.28,83.1,83.1,100079,0.0,1.0
2023-04-20,80.1,81.67,79.63,81.54,81.54,68834,0.0,1.0
2023-04-19,79.19,81.31,79.19,81.22,81.22,80197,0.0,1.0
2023-04-18,79.88,80.87,79.14,80.86,80.86,61303,0.0,1.0
2023-04-17,82.4,82.81,79.85,80.15,80.15,65207,0.0,1.0
2023-04-14,81.32,81.815,80.21,81.48,81.48,58630,0.0,1.0
2023-04-13,80.75,82.53,80.06,81.38,81.38,94865,0.0,1.0
2023-04-12,81.44,82.37,79.68,80.74,80.74,130725,0.0,1.0
2023-04-11,81.05,82.2,79.34,81.63,81.63,126311,0.0,1.0
2023-04-10,76.6,80.75,76.185,80.0,80.0,210488,0.0,1.0
2023-04-06,78.33,78.64,75.69,75.81,75.81,89274,0.0,1.0
2023-04-05,79.23,80.7,76.84,78.45,78.45,106469,0.0,1.0
2023-04-04,79.99,80.37,77.26,79.44,79.44,107017,0.0,1.0
2023-04-03,82.15,83.5,78.65,79.5,79.5,335589,0.0,1.0
2023-03-31,79.99,80.3,79.17,80.0,80.0,122218,0.0,1.0
2023-03-30,79.81,80.4,78.3,79.21,79.21,76960,0.0,1.0
2023-03-29,79.73,80.155,79.05,79.43,79.43,101942,0.0,1.0
2023-03-28,79.04,81.515,78.98,79.2,79.2,122372,0.0,1.0
2023-03-27,78.15,79.83,75.785,79.42,79.42,98219,0.0,1.0
2023-03-24,74.37,78.43,74.37,77.66,77.66,112332,0.0,1.0
2023-03-23,75.74,78.29,75.55,75.9,75.9,116887,0.0,1.0
2023-03-22,77.94,77.94,75.05,75.24,75.24,114617,0.0,1.0
2023-03-21,77.03,79.04,76.05,78.34,78.34,136959,0.0,1.0
2023-03-20,74.54,77.4,74.065,75.95,75.95,129934,0.0,1.0
2023-03-17,74.27,75.825,72.64,74.22,74.22,208057,0.0,1.0
2023-03-16,69.99,74.81,69.18,74.81,74.81,145156,0.0,1.0
2023-03-15,71.85,73.6025,69.0,71.53,71.53,122080,0.0,1.0
2023-03-14,74.41,78.66,74.25,75.5,75.5,136307,0.0,1.0
2023-03-13,72.66,77.005,72.585,73.69,73.69,141063,0.0,1.0
2023-03-10,76.83,79.24,74.385,75.26,75.26,126997,0.0,1.0
2023-03-09,78.78,80.3,77.25,77.25,77.25,108433,0.0,1.0
2023-03-08,77.71,79.85,76.75,78.61,78.61,91536,0.0,1.0
2023-03-07,78.38,79.31,77.365,77.83,77.83,92348,0.0,1.0
2023-03-06,81.11,81.845,77.19,78.75,78.75,178949,0.0,1.0
2023-03-03,77.97,82.89,77.97,82.2,82.2,358651,0.0,1.0
2023-03-02,76.03,79.18,76.03,78.17,78.17,302143,0.0,1.0
2023-03-01,72.38,78.81,71.465,76.01,76.01,531609,0.0,1.0
2023-02-28,66.89,68.2,66.12,66.12,66.12,134747,0.0,1.0
2023-02-27,68.39,70.05,66.13,66.82,66.82,112015,0.0,1.0
2023-02-24,65.91,69.32,65.27,68.15,68.15,183915,0.0,1.0
2023-02-23,65.58,67.0,64.97,66.53,66.53,125025,0.0,1.0
2023-02-22,62.34,64.37,61.88,64.26,64.26,143759,0.0,1.0
2023-02-21,61.46,63.05,61.055,62.34,62.34,154075,0.0,1.0
2023-02-17,62.74,62.74,60.8,62.11,62.11,133511,0.0,1.0
2023-02-16,64.52,65.7,63.68,63.7,63.7,62384,0.0,1.0
2023-02-15,64.08,65.41,62.49,65.28,65.28,89827,0.0,1.0
2023-02-14,63.35,65.34,62.63,64.41,64.41,115528,0.0,1.0
2023-02-13,65.38,65.38,63.215,64.0,64.0,170665,0.0,1.0
2023-02-10,64.47,66.38,63.82,66.22,66.22,72958,0.0,1.0
2023-02-09,62.15,65.63,62.13,63.45,63.45,123674,0.0,1.0
2023-02-08,64.1,64.81,60.15,62.19,62.19,159893,0.0,1.0
2023-02-07,60.69,64.43,60.69,64.43,64.43,113936,0.0,1.0
2023-02-06,62.57,63.0,60.385,60.8,60.8,159084,0.0,1.0
2023-02-03,62.1,64.37,62.0,63.04,63.04,117931,0.0,1.0
2023-02-02,64.5,64.5,61.46,62.17,62.17,208544,0.0,1.0
2023-02-01,67.93,67.93,62.66,64.43,64.43,179184,0.0,1.0
2023-01-31,68.29,69.48,67.71,68.15,68.15,104133,0.0,1.0
2023-01-30,69.86,70.77,68.24,68.44,68.44,98635,0.0,1.0
2023-01-27,69.8,70.535,68.6,70.4,70.4,307424,0.0,1.0
2023-01-26,71.47,72.23,69.85,70.43,70.43,79631,0.0,1.0
2023-01-25,71.86,72.24,69.99,71.46,71.46,87483,0.0,1.0
2023-01-24,78.87,79.48,72.85,72.99,72.99,119872,0.0,1.0
2023-01-23,79.95,81.61,78.66,79.82,79.82,121112,0.0,1.0
2023-01-20,83.69,83.7,79.06,79.54,79.54,122655,0.0,1.0
2023-01-19,78.47,83.0,78.05,82.74,82.74,64069,0.0,1.0
2023-01-18,80.42,84.13,78.32,78.84,78.84,100945,0.0,1.0
2023-01-17,80.82,81.52,79.6,80.09,80.09,39981,0.0,1.0
2023-01-13,78.76,80.84,76.295,80.41,80.41,75513,0.0,1.0
2023-01-12,73.9,79.68,73.9,79.14,79.14,81767,0.0,1.0
2023-01-11,76.81,77.01,72.33,73.27,73.27,97618,0.0,1.0
2023-01-10,77.72,77.72,73.56,76.08,76.08,134483,0.0,1.0
2023-01-09,76.61,79.53,76.0,78.63,78.63,94006,0.0,1.0
2023-01-06,72.4,75.71,72.4,75.63,75.63,75599,0.0,1.0
2023-01-05,71.05,71.69,69.75,71.38,71.38,74951,0.0,1.0
2023-01-04,69.5,71.26,69.5,70.62,70.62,132594,0.0,1.0
2023-01-03,72.86,74.45,68.96,70.66,70.66,182669,0.0,1.0
2022-12-30,73.31,74.31,72.73,73.64,73.64,53562,0.0,1.0
2022-12-29,72.71,73.88,72.3,73.75,73.75,97700,0.0,1.0
2022-12-28,73.58,73.815,72.2575,72.94,72.94,98308,0.0,1.0
2022-12-27,74.44,74.555,72.76,74.31,74.31,62979,0.0,1.0
2022-12-23,71.61,73.75,71.26,73.72,73.72,42113,0.0,1.0
2022-12-22,73.9,73.9,69.93,71.26,71.26,93318,0.0,1.0
2022-12-21,73.04,75.12,71.2,74.6,74.6,84392,0.0,1.0
2022-12-20,69.56,71.369,69.12,71.14,71.14,207728,0.0,1.0
2022-12-19,72.94,72.94,69.28,70.22,70.22,144758,0.0,1.0
2022-12-16,70.71,73.58,69.82,72.78,72.78,407634,0.0,1.0
2022-12-15,69.57,72.74,69.51,72.74,72.74,74564,0.0,1.0
2022-12-14,70.98,71.32,69.51,70.18,70.18,163226,0.0,1.0
2022-12-13,72.01,72.09,70.345,70.98,70.98,271555,0.0,1.0
2022-12-12,68.13,70.525,66.535,69.88,69.88,114029,0.0,1.0
2022-12-09,68.49,68.49,67.17,67.59,67.59,67540,0.0,1.0
2022-12-08,71.76,71.76,68.0,68.63,68.63,93200,0.0,1.0
2022-12-07,70.98,72.5,69.155,70.65,70.65,92736,0.0,1.0
2022-12-06,75.05,75.05,69.805,70.69,70.69,126461,0.0,1.0
2022-12-05,78.38,79.385,74.615,74.81,74.81,102086,0.0,1.0
2022-12-02,77.48,78.98,76.4101,78.01,78.01,119712,0.0,1.0
2022-12-01,81.35,82.15,76.41,77.15,77.15,246351,0.0,1.0
2022-11-30,80.24,81.66,79.07,81.09,81.09,96495,0.0,1.0
2022-11-29,79.35,81.15,79.0,79.55,79.55,43460,0.0,1.0
2022-11-28,80.2,80.72,78.69,78.7,78.7,64396,0.0,1.0
2022-11-25,82.06,84.32,81.78,81.98,81.98,10025,0.0,1.0
2022-11-23,82.94,83.3,81.33,81.51,81.51,68280,0.0,1.0
2022-11-22,82.94,84.53,81.93,82.95,82.95,61259,0.0,1.0
2022-11-21,81.71,82.8,78.89,82.57,82.57,73281,0.0,1.0
2022-11-18,83.15,84.67,82.71,83.04,83.04,72762,0.0,1.0
2022-11-17,81.99,84.11,81.72,84.06,84.06,41413,0.0,1.0
2022-11-16,84.51,84.51,82.4,82.52,82.52,57154,0.0,1.0
2022-11-15,85.76,86.56,83.01,85.83,85.83,69677,0.0,1.0
2022-11-14,87.19,89.16,85.26,85.26,85.26,70474,0.0,1.0
2022-11-11,87.45,89.055,85.78,87.59,87.59,54037,0.0,1.0
2022-11-10,83.64,86.31,83.34,86.31,86.31,68717,0.0,1.0
2022-11-09,86.32,86.32,81.3412,81.38,81.38,94519,0.0,1.0
2022-11-08,90.02,90.02,86.96,88.24,88.24,63157,0.0,1.0
2022-11-07,87.65,90.57,87.65,90.1,90.1,80125,0.0,1.0
2022-11-04,85.58,87.51,83.62,87.14,87.14,143856,0.0,1.0
2022-11-03,84.83,86.28,81.6,83.22,83.22,151261,0.0,1.0
2022-11-02,90.07,92.07,86.23,86.26,86.26,103947,0.0,1.0
2022-11-01,91.23,92.98,89.98,91.78,91.78,240188,0.0,1.0
2022-10-31,88.58,89.77,87.0793,89.51,89.51,103280,0.0,1.0
2022-10-28,87.18,88.32,85.97,87.62,87.62,83116,0.0,1.0
2022-10-27,88.8,89.365,85.9,86.28,86.28,108200,0.0,1.0
2022-10-26,88.93,90.07,87.345,87.82,87.82,116966,0.0,1.0
2022-10-25,86.12,89.465,85.41,88.92,88.92,88857,0.0,1.0
2022-10-24,85.34,88.62,85.34,86.64,86.64,88237,0.0,1.0
2022-10-21,88.11,88.11,84.65,85.93,85.93,82322,0.0,1.0
2022-10-20,92.28,92.43,87.73,87.89,87.89,102486,0.0,1.0
2022-10-19,92.14,93.0,91.42,92.11,92.11,164925,0.0,1.0
2022-10-18,91.58,92.855,90.28,92.0,92.0,55241,0.0,1.0
2022-10-17,91.7,93.31,90.74,91.79,91.79,81899,0.0,1.0
2022-10-14,94.59,96.57,91.38,91.55,91.55,56722,0.0,1.0
2022-10-13,92.21,96.68,92.21,96.02,96.02,94203,0.0,1.0
2022-10-12,92.7,93.78,91.165,93.23,93.23,79140,0.0,1.0
2022-10-11,92.54,94.79,90.965,93.1,93.1,97154,0.0,1.0
2022-10-10,96.35,96.59,93.15,94.06,94.06,84234,0.0,1.0
2022-10-07,96.75,98.56,94.69,95.22,95.22,140767,0.0,1.0
2022-10-06,96.8,98.145,96.42,96.94,96.94,75561,0.0,1.0
2022-10-05,97.3,98.05,95.94,97.38,97.38,118559,0.0,1.0
2022-10-04,96.08,97.75,95.0101,97.3,97.3,130982,0.0,1.0
2022-10-03,91.2,93.94,90.36,93.23,93.23,104038,0.0,1.0
2022-09-30,86.58,90.03,85.76,88.29,88.29,82034,0.0,1.0
2022-09-29,88.08,88.87,84.49,87.97,87.97,89800,0.0,1.0
2022-09-28,85.15,90.03,85.15,89.44,89.44,84882,0.0,1.0
2022-09-27,83.17,85.74,82.18,84.49,84.49,106689,0.0,1.0
2022-09-26,82.6,85.1864,82.16,82.27,82.27,138833,0.0,1.0
2022-09-23,85.62,85.62,82.45,83.78,83.78,173833,0.0,1.0
2022-09-22,93.33,93.33,89.55,89.62,89.62,76498,0.0,1.0
2022-09-21,94.33,94.37,91.7,91.86,91.86,100111,0.0,1.0
2022-09-20,94.55,94.55,89.0,92.48,92.48,127664,0.0,1.0
2022-09-19,90.74,95.97,90.74,95.64,95.64,107329,0.0,1.0
2022-09-16,97.48,97.83,91.52,93.27,93.27,700553,0.0,1.0
2022-09-15,98.57,99.59,96.5,97.96,97.96,117623,0.0,1.0
2022-09-14,97.23,101.6324,97.23,100.11,100.11,167659,0.0,1.0
2022-09-13,96.2,97.47,95.78,96.59,96.59,84280,0.0,1.0
2022-09-12,97.37,97.37,95.8,96.93,96.93,70204,0.0,1.0
2022-09-09,95.0,96.43,94.75,96.15,96.15,56925,0.0,1.0
2022-09-08,93.02,94.23,92.58,93.88,93.88,72804,0.0,1.0
2022-09-07,93.7,94.61,90.81,92.58,92.58,89288,0.0,1.0
2022-09-06,99.01,99.01,94.11,95.71,95.71,112117,0.0,1.0
2022-09-02,98.58,99.42,97.82,99.25,99.25,66211,0.0,1.0
2022-09-01,96.4,97.57,94.57,96.35,96.35,152068,0.0,1.0
2022-08-31,93.0,98.555,93.0,97.76,97.76,66731,0.0,1.0
2022-08-30,99.12,100.18,94.31,95.15,95.15,96974,0.0,1.0
2022-08-29,99.26,102.53,98.8401,101.03,101.03,126821,0.0,1.0
2022-08-26,100.59,102.58,99.51,100.02,100.02,106684,0.0,1.0
2022-08-25,100.25,100.55,97.63,100.09,100.09,63094,0.0,1.0
2022-08-24,96.04,100.105,95.68,100.0,100.0,83379,0.0,1.0
2022-08-23,99.1,100.03,95.01,95.09,95.09,105645,0.0,1.0
2022-08-22,96.38,98.3,94.98,97.46,97.46,108820,0.0,1.0
2022-08-19,99.63,100.495,96.72,96.96,96.96,116314,0.0,1.0
2022-08-18,98.41,101.1,98.03,99.99,99.99,236306,0.0,1.0
2022-08-17,91.13,97.56,91.13,97.16,97.16,130006,0.0,1.0
2022-08-16,89.8,91.6122,89.05,91.03,91.03,67202,0.0,1.0
2022-08-15,86.81,88.71,85.53,88.57,88.57,87240,0.0,1.0
2022-08-12,87.22,90.05,87.22,89.75,89.75,100168,0.0,1.0
2022-08-11,86.07,88.86,86.07,87.63,87.63,156366,0.0,1.0
2022-08-10,85.14,85.655,83.61,84.68,84.68,50842,0.0,1.0
2022-08-09,85.83,86.98,85.04,85.45,85.45,56000,0.0,1.0
2022-08-08,87.08,88.03,84.79,85.06,85.06,88730,0.0,1.0
2022-08-05,85.11,90.1728,85.11,87.8,87.8,88462,0.0,1.0
2022-08-04,87.72,89.0,86.11,86.29,86.29,119412,0.0,1.0
2022-08-03,91.65,93.75,84.7101,88.37,88.37,189467,0.0,1.0
2022-08-02,84.93,88.92,84.51,88.84,88.84,129354,0.0,1.0
2022-08-01,89.67,89.84,84.425,86.29,86.29,165417,0.0,1.0
2022-07-29,93.77,95.88,91.95,92.04,92.04,292186,0.0,1.0
2022-07-28,92.42,92.65,90.08,91.55,91.55,114401,0.0,1.0
2022-07-27,90.55,92.345,89.6,91.75,91.75,166270,0.0,1.0
2022-07-26,89.45,91.59,88.45,89.15,89.15,77182,0.0,1.0
2022-07-25,84.54,88.19,84.4,87.99,87.99,159088,0.0,1.0
2022-07-22,84.47,86.9,83.16,83.58,83.58,79231,0.0,1.0
2022-07-21,85.48,85.48,81.97,84.89,84.89,115680,0.0,1.0
2022-07-20,82.95,87.52,82.41,87.31,87.31,150209,0.0,1.0
2022-07-19,80.99,83.61,80.84,83.51,83.51,73391,0.0,1.0
2022-07-18,80.94,81.86,79.65,80.11,80.11,165096,0.0,1.0
2022-07-15,78.97,79.15,76.84,78.73,78.73,88202,0.0,1.0
2022-07-14,74.88,77.05,73.17,76.98,76.98,87581,0.0,1.0
2022-07-13,74.7,78.67,74.7,77.24,77.24,76266,0.0,1.0
2022-07-12,76.56,77.38,74.63,75.01,75.01,102865,0.0,1.0
2022-07-11,77.79,79.7,76.84,78.71,78.71,103663,0.0,1.0
2022-07-08,78.0,79.655,76.68,78.2,78.2,184766,0.0,1.0
2022-07-07,74.51,78.0,74.51,77.84,77.84,166772,0.0,1.0
2022-07-06,73.24,75.46,69.36,72.71,72.71,257616,0.0,1.0
2022-07-05,78.35,78.88,73.45,74.01,74.01,303226,0.0,1.0
2022-07-01,80.2,81.04,76.88,80.5,80.5,211127,0.0,1.0
2022-06-30,81.47,83.7299,78.77,79.51,79.51,295992,0.0,1.0
2022-06-29,87.16,87.385,83.255,83.44,83.44,220648,0.0,1.0
2022-06-28,87.15,88.09,85.15,86.21,86.21,266767,0.0,1.0
2022-06-27,77.64,86.31,77.64,85.58,85.58,397322,0.0,1.0
2022-06-24,80.41,82.385,76.83,77.14,77.14,1859744,0.0,1.0
2022-06-23,86.55,86.76,78.11,79.26,79.26,355944,0.0,1.0
2022-06-22,86.97,89.2699,84.9801,85.74,85.74,370167,0.0,1.0
2022-06-21,90.79,93.06,89.49,90.84,90.84,275458,0.0,1.0
2022-06-17,95.59,97.5,88.92,89.61,89.61,775082,0.0,1.0
2022-06-16,97.09,100.0,95.83,96.45,96.45,341786,0.0,1.0
2022-06-15,96.92,101.09,96.92,100.09,100.09,197841,0.0,1.0
2022-06-14,100.1,100.1,96.38,96.58,96.58,255220,0.0,1.0
2022-06-13,102.02,102.77,98.26,98.4,98.4,246210,0.0,1.0
2022-06-10,103.39,105.26,101.61,104.37,104.37,130040,0.0,1.0
2022-06-09,104.9,105.75,102.32,103.95,103.95,108572,0.0,1.0
2022-06-08,108.1,108.1,104.6339,105.85,105.85,126124,0.0,1.0
2022-06-07,104.79,107.885,104.14,107.08,107.08,184082,0.0,1.0
2022-06-06,103.36,107.0,102.62,105.0,105.0,223847,0.0,1.0
2022-06-03,100.62,103.85,99.84,101.74,101.74,182875,0.0,1.0
2022-06-02,101.88,102.68,100.49,101.18,101.18,244800,0.0,1.0
2022-06-01,97.08,102.31,96.55,101.58,101.58,181104,0.0,1.0
2022-05-31,99.54,100.15,95.315,96.75,96.75,162722,0.0,1.0
2022-05-27,100.88,102.129,98.13,98.28,98.28,119915,0.0,1.0
2022-05-26,99.65,102.22,99.6,101.06,101.06,248515,0.0,1.0
2022-05-25,95.59,99.64,95.59,99.51,99.51,170986,0.0,1.0
2022-05-24,94.73,96.69,94.16,95.74,95.74,130605,0.0,1.0
2022-05-23,91.19,97.285,90.2311,96.06,96.06,159986,0.0,1.0
2022-05-20,90.17,91.35,89.01,91.07,91.07,164777,0.0,1.0
2022-05-19,88.31,91.13,88.22,89.98,89.98,133870,0.0,1.0
2022-05-18,92.1,92.1,88.42,89.5,89.5,165860,0.0,1.0
2022-05-17,89.97,92.87,89.02,91.3,91.3,488158,0.0,1.0
2022-05-16,86.69,90.8,85.98,88.87,88.87,202278,0.0,1.0
2022-05-13,87.37,89.69,86.61,86.74,86.74,447335,0.0,1.0
2022-05-12,89.06,90.84,85.25,85.83,85.83,596412,0.0,1.0
2022-05-11,86.35,92.103,86.35,90.17,90.17,129376,0.0,1.0
2022-05-10,87.32,90.81,83.67,85.25,85.25,302804,0.0,1.0
2022-05-09,92.99,93.82,86.39,86.53,86.53,294293,0.0,1.0
2022-05-06,97.0,98.3,94.27,95.45,95.45,123139,0.0,1.0
2022-05-05,101.89,101.89,93.74,97.19,97.19,190475,0.0,1.0
2022-05-04,101.14,101.39,98.02,101.0,101.0,241101,0.0,1.0
2022-05-03,96.63,98.94,95.0,98.22,98.22,216127,0.0,1.0
2022-05-02,93.35,95.95,91.62,94.96,94.96,125661,0.0,1.0
2022-04-29,97.36,98.675,93.78,93.98,93.98,161338,0.0,1.0
2022-04-28,94.16,96.89,92.94,96.75,96.75,186741,0.0,1.0
2022-04-27,89.35,93.54,87.695,93.54,93.54,176405,0.0,1.0
2022-04-26,87.82,89.64,86.21,89.18,89.18,228531,0.0,1.0
2022-04-25,87.61,88.5,85.63,87.87,87.87,235919,0.0,1.0
2022-04-22,89.58,91.41,88.86,88.9,88.9,85228,0.0,1.0
2022-04-21,93.44,93.44,89.63,90.41,90.41,106041,0.0,1.0
2022-04-20,91.22,93.47,90.13,92.48,92.48,339459,0.0,1.0
2022-04-19,91.78,92.65,89.99,90.0,90.0,131242,0.0,1.0
2022-04-18,92.81,94.57,92.175,92.72,92.72,231635,0.0,1.0
2022-04-14,91.5,93.23,90.98,92.1,92.1,403526,0.0,1.0
2022-04-13,91.34,92.0,89.59,91.65,91.65,99618,0.0,1.0
2022-04-12,90.39,92.84,89.28,90.15,90.15,153983,0.0,1.0
2022-04-11,89.32,89.855,88.44,89.17,89.17,170930,0.0,1.0
2022-04-08,87.32,90.41,86.84,90.37,90.37,303684,0.0,1.0
2022-04-07,86.88,88.65,86.05,87.0,87.0,244773,0.0,1.0
2022-04-06,89.17,90.36,86.88,86.88,86.88,264075,0.0,1.0
2022-04-05,90.13,91.2888,88.31,88.35,88.35,194798,0.0,1.0
2022-04-04,91.0,91.805,88.57,89.82,89.82,102415,0.0,1.0
2022-04-01,89.3,91.22,89.3,90.5,90.5,151001,0.0,1.0
2022-03-31,87.18,90.75,85.99,89.82,89.82,147812,0.0,1.0
2022-03-30,87.39,89.53,87.39,88.98,88.98,205389,0.0,1.0
2022-03-29,87.15,88.4,85.2,86.57,86.57,163275,0.0,1.0
2022-03-28,87.55,89.66,86.13,87.47,87.47,277588,0.0,1.0
2022-03-25,82.75,87.5,82.75,87.08,87.08,178747,0.0,1.0
2022-03-24,80.08,84.29,79.88,83.7,83.7,182870,0.0,1.0
2022-03-23,80.17,81.36,79.51,79.85,79.85,106456,0.0,1.0
2022-03-22,77.65,80.53,77.65,79.27,79.27,105383,0.0,1.0
2022-03-21,77.58,79.095,77.39,77.9,77.9,134973,0.0,1.0
2022-03-18,76.99,78.36,76.35,76.48,76.48,110548,0.0,1.0
2022-03-17,73.5,77.65,73.5,77.0,77.0,162428,0.0,1.0
2022-03-16,72.61,77.15,72.21,72.5,72.5,165376,0.0,1.0
2022-03-15,72.54,74.245,71.41,71.95,71.95,181069,0.0,1.0
2022-03-14,75.6,76.48,73.84,74.02,74.02,113477,0.0,1.0
2022-03-11,76.58,77.85,76.49,76.79,76.79,80757,0.0,1.0
2022-03-10,77.7,77.7,76.12,76.72,76.72,114137,0.0,1.0
2022-03-09,75.61,78.42,74.96,77.0,77.0,88385,0.0,1.0
2022-03-08,80.05,80.15,75.91,77.73,77.73,108232,0.0,1.0
2022-03-07,77.0,81.2,76.13,78.91,78.91,108723,0.0,1.0
2022-03-04,71.91,76.43,71.91,75.95,75.95,81922,0.0,1.0
2022-03-03,73.79,74.785,71.09,72.26,72.26,43113,0.0,1.0
2022-03-02,75.49,77.21,73.61,74.56,74.56,78384,0.0,1.0
2022-03-01,69.75,75.5,69.75,73.83,73.83,119319,0.0,1.0
2022-02-28,67.0,69.8,66.97,68.98,68.98,95175,0.0,1.0
2022-02-25,66.07,66.99,64.61,66.1,66.1,68003,0.0,1.0
2022-02-24,64.99,67.4,63.225,65.58,65.58,119652,0.0,1.0
2022-02-23,62.87,64.435,62.3698,64.07,64.07,40129,0.0,1.0
2022-02-22,62.25,63.19,60.46,62.68,62.68,58908,0.0,1.0
2022-02-18,61.98,62.37,60.74,61.36,61.36,94681,0.0,1.0
2022-02-17,63.39,64.64,61.75,61.99,61.99,127051,0.0,1.0
2022-02-16,64.92,65.485,63.57,63.7,63.7,49231,0.0,1.0
2022-02-15,62.37,64.81,61.73,64.62,64.62,38320,0.0,1.0
2022-02-14,63.74,63.92,61.41,62.97,62.97,70409,0.0,1.0
2022-02-11,64.11,66.2,63.77,64.0,64.0,99137,0.0,1.0
2022-02-10,64.47,66.8099,63.35,63.88,63.88,62845,0.0,1.0
2022-02-09,65.1,65.68,64.26,65.45,65.45,18988,0.0,1.0
2022-02-08,66.55,66.55,64.31,64.7,64.7,42802,0.0,1.0
2022-02-07,66.35,67.1,65.29,66.74,66.74,28065,0.0,1.0
2022-02-04,67.66,67.995,66.35,66.95,66.95,44598,0.0,1.0
2022-02-03,68.06,69.015,66.37,66.96,66.96,47020,0.0,1.0
2022-02-02,69.96,69.96,67.29,68.79,68.79,32183,0.0,1.0
2022-02-01,65.45,68.92,65.15,68.37,68.37,218771,0.0,1.0
2022-01-31,64.55,67.4305,64.26,65.45,65.45,87420,0.0,1.0
2022-01-28,63.61,65.7525,62.28,64.44,64.44,64970,0.0,1.0
2022-01-27,64.78,65.31,62.735,63.91,63.91,70356,0.0,1.0
2022-01-26,65.06,67.53,63.52,63.69,63.69,79667,0.0,1.0
2022-01-25,63.94,66.4006,62.06,65.11,65.11,177125,0.0,1.0
2022-01-24,65.03,66.13,62.7267,64.96,64.96,182205,0.0,1.0
2022-01-21,68.72,70.12,66.18,66.57,66.57,65447,0.0,1.0
2022-01-20,73.82,74.88,69.69,69.7,69.7,56867,0.0,1.0
2022-01-19,74.51,75.67,73.6793,74.21,74.21,71604,0.0,1.0
2022-01-18,77.22,77.22,74.0,74.51,74.51,44114,0.0,1.0
2022-01-14,75.36,76.89,74.665,76.75,76.75,55598,0.0,1.0
2022-01-13,77.02,77.6468,75.24,75.43,75.43,54447,0.0,1.0
2022-01-12,77.37,78.49,76.79,77.1,77.1,61934,0.0,1.0
2022-01-11,75.7589,78.2,75.34,77.48,77.48,55845,0.0,1.0
2022-01-10,75.45,76.55,75.055,76.0,76.0,60428,0.0,1.0
2022-01-07,76.71,77.0904,75.7,76.29,76.29,31153,0.0,1.0
2022-01-06,77.05,79.01,75.89,77.18,77.18,49537,0.0,1.0
2022-01-05,78.79,79.35,75.54,76.01,76.01,76005,0.0,1.0
2022-01-04,75.95,78.695,75.95,78.66,78.66,108812,0.0,1.0
2022-01-03,73.0,75.87,73.0,75.58,75.58,34158,0.0,1.0
2021-12-31,73.47,73.47,71.26,72.03,72.03,41651,0.0,1.0
2021-12-30,76.94,76.995,72.97,73.19,73.19,36296,0.0,1.0
2021-12-29,76.76,78.0053,76.1,76.1,76.1,46867,0.0,1.0
2021-12-28,75.78,77.025,75.135,76.4,76.4,30388,0.0,1.0
2021-12-27,71.97,76.0,71.29,75.99,75.99,44033,0.0,1.0
2021-12-23,73.63,74.645,71.245,71.77,71.77,35436,0.0,1.0
2021-12-22,72.41,74.535,72.41,73.75,73.75,34173,0.0,1.0
2021-12-21,69.65,73.3055,69.65,72.46,72.46,47712,0.0,1.0
2021-12-20,68.95,69.45,67.21,68.48,68.48,90866,0.0,1.0
2021-12-17,68.84,70.62,67.04,70.16,70.16,366282,0.0,1.0
2021-12-16,67.02,71.49,67.02,68.93,68.93,130869,0.0,1.0
2021-12-15,66.55,67.22,64.7225,66.7,66.7,80181,0.0,1.0
2021-12-14,65.75,67.42,65.68,66.89,66.89,43837,0.0,1.0
2021-12-13,67.01,67.9,65.725,66.55,66.55,75705,0.0,1.0
2021-12-10,67.81,68.5,65.57,67.18,67.18,45754,0.0,1.0
2021-12-09,70.0,70.99,67.31,67.37,67.37,49170,0.0,1.0
2021-12-08,67.955,70.89,67.23,70.39,70.39,45775,0.0,1.0
2021-12-07,65.77,69.59,65.77,68.31,68.31,112585,0.0,1.0
2021-12-06,66.59,66.59,64.81,65.01,65.01,68128,0.0,1.0
2021-12-03,67.17,68.87,65.86,66.01,66.01,97805,0.0,1.0
2021-12-02,66.43,67.55,65.0,66.51,66.51,141389,0.0,1.0
2021-12-01,73.95,74.41,66.4,67.12,67.12,138131,0.0,1.0
2021-11-30,77.81,78.48,72.29,72.99,72.99,357247,0.0,1.0
2021-11-29,80.62,81.98,78.63,78.64,78.64,44740,0.0,1.0
2021-11-26,79.79,81.26,79.04,79.5,79.5,148171,0.0,1.0
2021-11-24,79.25,81.6,79.25,81.6,81.6,80093,0.0,1.0
2021-11-23,78.5,80.05,78.5,79.8,79.8,46773,0.0,1.0
2021-11-22,77.27,80.04,77.27,78.14,78.14,54193,0.0,1.0
2021-11-19,78.08,78.7,76.48,77.26,77.26,46410,0.0,1.0
2021-11-18,80.86,82.75,79.02,79.07,79.07,66325,0.0,1.0
2021-11-17,80.18,83.6,79.9,80.6,80.6,63743,0.0,1.0
2021-11-16,80.76,81.75,79.64,80.8,80.8,110494,0.0,1.0
2021-11-15,79.76,81.01,78.86,80.22,80.22,148412,0.0,1.0
2021-11-12,80.1,81.35,79.28,79.5,79.5,197557,0.0,1.0
2021-11-11,79.06,82.09,78.9,79.46,79.46,39091,0.0,1.0
2021-11-10,81.73,82.155,79.17,79.27,79.27,90901,0.0,1.0
2021-11-09,82.06,82.72,80.29,82.16,82.16,64334,0.0,1.0
2021-11-08,81.59,83.64,81.19,82.49,82.49,31134,0.0,1.0
2021-11-05,81.32,82.01,79.6,81.84,81.84,24541,0.0,1.0
2021-11-04,81.94,83.8025,80.47,81.37,81.37,41482,0.0,1.0
2021-11-03,83.26,83.63,79.7,81.66,81.66,96903,0.0,1.0
2021-11-02,82.34,83.26,81.2011,82.5,82.5,66401,0.0,1.0
2021-11-01,82.7,83.85,81.74,82.35,82.35,28615,0.0,1.0
2021-10-29,83.71,83.83,81.84,82.04,82.04,109686,0.0,1.0
2021-10-28,84.4,85.9899,83.84,83.97,83.97,24933,0.0,1.0
2021-10-27,84.0,85.6,83.2045,84.0,84.0,56432,0.0,1.0
2021-10-26,84.51,86.21,84.18,84.74,84.74,45232,0.0,1.0
2021-10-25,83.23,84.805,83.23,84.19,84.19,56769,0.0,1.0
2021-10-22,83.38,84.5812,82.69,83.0,83.0,18606,0.0,1.0
2021-10-21,84.25,86.15,82.62,83.14,83.14,22170,0.0,1.0
2021-10-20,82.7,84.63,82.7,84.0,84.0,85323,0.0,1.0
2021-10-19,83.52,83.84,82.11,82.94,82.94,17650,0.0,1.0
2021-10-18,84.42,85.058,82.37,83.47,83.47,56430,0.0,1.0
2021-10-15,86.7,87.36,84.17,84.42,84.42,24746,0.0,1.0
2021-10-14,87.11,87.275,86.09,86.73,86.73,32285,0.0,1.0
2021-10-13,86.96,87.44,86.35,86.96,86.96,56549,0.0,1.0
2021-10-12,88.14,88.855,86.6754,87.72,87.72,57467,0.0,1.0
2021-10-11,85.67,88.8,85.67,87.86,87.86,59688,0.0,1.0
2021-10-08,83.37,85.88,82.75,85.8,85.8,49382,0.0,1.0
2021-10-07,82.59,83.71,82.0,82.72,82.72,84397,0.0,1.0
2021-10-06,82.74,82.975,81.04,81.93,81.93,36978,0.0,1.0
2021-10-05,83.5,83.85,82.1,83.5,83.5,83729,0.0,1.0
2021-10-04,81.98,83.53,81.845,83.14,83.14,63568,0.0,1.0
2021-10-01,82.06,83.25,81.44,82.02,82.02,32981,0.0,1.0
2021-09-30,81.65,82.95,81.0001,82.21,82.21,38850,0.0,1.0
2021-09-29,82.4,82.46,81.8,82.22,82.22,35959,0.0,1.0
2021-09-28,84.28,84.28,81.55,82.79,82.79,55345,0.0,1.0
2021-09-27,81.87,83.75,81.87,82.99,82.99,77678,0.0,1.0
2021-09-24,80.26,81.86,78.52,81.0,81.0,57214,0.0,1.0
2021-09-23,77.0203,87.26,77.0203,79.98,79.98,182917,0.0,1.0
2021-09-22,79.29,79.84,77.215,78.0,78.0,32685,0.0,1.0
2021-09-21,79.2,80.75,78.56,78.59,78.59,128067,0.0,1.0
2021-09-20,77.94,79.74,76.3222,78.27,78.27,130194,0.0,1.0
2021-09-17,80.0,81.935,78.57,78.57,78.57,923769,0.0,1.0
2021-09-16,76.9,79.98,76.6772,79.97,79.97,311826,0.0,1.0
2021-09-15,74.41,78.14,74.35,76.72,76.72,306688,0.0,1.0
2021-09-14,72.5,73.56,71.52,73.04,73.04,105060,0.0,1.0
2021-09-13,71.09,73.02,71.09,72.17,72.17,102869,0.0,1.0
2021-09-10,72.0,72.0,70.5284,71.27,71.27,54228,0.0,1.0
2021-09-09,71.62,72.5,71.1701,71.76,71.76,55132,0.0,1.0
2021-09-08,72.04,72.8599,70.83,71.74,71.74,72456,0.0,1.0
2021-09-07,70.39,72.38,70.38,71.71,71.71,181921,0.0,1.0
2021-09-03,69.38,70.2,69.27,69.92,69.92,38597,0.0,1.0
2021-09-02,68.12,70.13,68.05,69.0,69.0,49561,0.0,1.0
2021-09-01,66.65,67.95,66.215,67.94,67.94,44507,0.0,1.0
2021-08-31,66.28,68.01,66.0,66.86,66.86,42396,0.0,1.0
2021-08-30,67.0,67.475,66.1,66.15,66.15,18003,0.0,1.0
2021-08-27,65.24,67.5,65.24,67.31,67.31,73136,0.0,1.0
2021-08-26,64.81,65.47,64.43,64.99,64.99,15930,0.0,1.0
2021-08-25,64.98,66.65,64.75,65.25,65.25,22636,0.0,1.0
2021-08-24,65.26,65.655,64.2,65.21,65.21,12718,0.0,1.0
2021-08-23,65.16,65.295,64.3,64.85,64.85,18758,0.0,1.0
2021-08-20,64.24,65.55,64.24,64.42,64.42,19607,0.0,1.0
2021-08-19,64.0,65.84,64.0,64.76,64.76,23699,0.0,1.0
2021-08-18,64.0001,65.44,64.0001,64.64,64.64,36992,0.0,1.0
2021-08-17,64.35,65.595,64.025,64.81,64.81,48611,0.0,1.0
2021-08-16,66.04,66.04,64.35,65.01,65.01,22775,0.0,1.0
2021-08-13,66.8,67.25,66.52,66.52,66.52,22018,0.0,1.0
2021-08-12,66.63,67.105,65.29,66.89,66.89,16681,0.0,1.0
2021-08-11,66.94,67.285,65.35,66.44,66.44,27695,0.0,1.0
2021-08-10,67.0,67.39,65.81,67.25,67.25,31524,0.0,1.0
2021-08-09,68.0,68.0,65.5,66.76,66.76,47627,0.0,1.0
2021-08-06,69.88,70.355,66.9725,68.55,68.55,25942,0.0,1.0
2021-08-05,69.71,70.315,69.02,69.4,69.4,71357,0.0,1.0
2021-08-04,70.0,71.12,69.29,69.36,69.36,144385,0.0,1.0
2021-08-03,67.35,71.18,66.0,70.76,70.76,33138,0.0,1.0
2021-08-02,68.8,68.989,67.59,68.18,68.18,36431,0.0,1.0
2021-07-30,68.75,68.75,67.28,68.3,68.3,11530,0.0,1.0
2021-07-29,67.35,68.9799,66.96,68.71,68.71,24968,0.0,1.0
2021-07-28,66.74,67.31,66.74,66.88,66.88,14571,0.0,1.0
2021-07-27,67.13,69.1225,65.78,66.88,66.88,29929,0.0,1.0
2021-07-26,65.58,69.05,65.44,67.49,67.49,57791,0.0,1.0
2021-07-23,65.91,66.8925,64.81,65.0,65.0,28070,0.0,1.0
2021-07-22,65.88,66.475,65.0,65.64,65.64,11350,0.0,1.0
2021-07-21,62.59,66.415,62.59,65.75,65.75,17332,0.0,1.0
2021-07-20,63.6,64.47,60.43,61.62,61.62,142523,0.0,1.0
2021-07-19,66.13,66.13,63.0,63.02,63.02,18633,0.0,1.0
2021-07-16,68.61,68.61,66.5,67.7,67.7,26795,0.0,1.0
2021-07-15,68.22,69.22,68.05,68.24,68.24,43569,0.0,1.0
2021-07-14,68.79,69.69,67.0834,68.5,68.5,33511,0.0,1.0
2021-07-13,67.89,69.57,67.42,69.33,69.33,36006,0.0,1.0
2021-07-12,65.9,70.24,65.9,68.79,68.79,35229,0.0,1.0
2021-07-09,65.31,66.46,65.2,66.31,66.31,55661,0.0,1.0
2021-07-08,64.08,65.3,63.59,65.3,65.3,12109,0.0,1.0
2021-07-07,63.52,65.11,63.52,63.86,63.86,19278,0.0,1.0
2021-07-06,64.46,64.59,62.4683,63.09,63.09,8073,0.0,1.0
2021-07-02,65.15,66.0,64.49,64.49,64.49,17717,0.0,1.0
2021-07-01,62.04,66.0,62.04,65.82,65.82,41782,0.0,1.0
2021-06-30,62.4,65.33,62.4,64.7,64.7,48503,0.0,1.0
2021-06-29,62.75,63.4258,61.1864,62.59,62.59,27630,0.0,1.0
2021-06-28,64.75,65.3499,62.24,62.52,62.52,26487,0.0,1.0
2021-06-25,64.8,65.7443,64.75,64.75,64.75,27732,0.0,1.0
2021-06-24,65.105,65.105,64.1944,64.61,64.61,20541,0.0,1.0
2021-06-23,63.89,64.95,63.89,64.48,64.48,33597,0.0,1.0
2021-06-22,64.24,64.7799,63.02,64.19,64.19,15945,0.0,1.0
2021-06-21,62.74,65.5,62.74,64.0,64.0,51732,0.0,1.0
2021-06-18,63.72,63.79,62.82,62.82,62.82,17583,0.0,1.0
2021-06-17,65.09,65.09,64.27,64.27,64.27,3187,0.0,1.0
2021-06-16,66.27,66.27,65.0,65.1,65.1,20569,0.0,1.0
2021-06-15,65.8,67.0,65.8,66.7,66.7,204209,0.0,1.0
2021-06-14,65.48,66.51,65.21,65.73,65.73,15817,0.0,1.0
2021-06-11,64.88,66.6299,64.88,65.75,65.75,95497,0.0,1.0
2021-06-10,63.0,63.99,63.0,63.6,63.6,39571,0.0,1.0
2021-06-09,61.79,63.2,60.01,62.97,62.97,41190,0.0,1.0
2021-06-08,61.225,63.165,61.01,61.79,61.79,108411,0.0,1.0
2021-06-07,63.12,64.09,61.0,62.17,62.17,31134,0.0,1.0
2021-06-04,63.705,64.4999,62.0,63.55,63.55,41131,0.0,1.0
2021-06-03,62.63,64.27,62.33,63.6,63.6,65119,0.0,1.0
2021-06-02,63.0,63.87,62.95,63.5,63.5,17561,0.0,1.0
2021-06-01,62.5,63.81,61.605,63.53,63.53,109590,0.0,1.0
2021-05-28,61.6,64.76,61.6,62.5,62.5,4709,0.0,1.0
2021-05-27,63.34,65.7,62.228,62.23,62.23,18660,0.0,1.0
2021-05-26,60.8,62.17,60.8,61.21,61.21,11352,0.0,1.0
2021-05-25,58.75,62.55,58.71,61.8,61.8,12738,0.0,1.0
2021-05-24,59.9,63.95,59.9,63.0,63.0,32283,0.0,1.0
2021-05-21,64.51,65.125,63.0,63.59,63.59,54500,0.0,1.0
2021-05-20,64.0,70.0,64.0,66.05,66.05,48020,0.0,1.0
2021-05-19,67.0,82.16,64.953,68.01,68.01,100920,0.0,1.0
