,IIVI_Open,IIVI_High,IIVI_Low,IIVI_Close,IIVI_Adj Close,IIVI_Volume,IIVI_Dividend Amount,IIVI_Split Coefficient
2023-06-30,220.96,228.18,220.96,227.08,227.08,247144,0.0,1.0
2023-06-29,210.91,216.92,203.94,215.26,215.26,73303,0.0,1.0
2023-06-28,208.97,213.91,206.74,211.33,211.33,7005,0.0,1.0
2023-06-27,203.66,214.94,202.89,214.1,214.1,22442,0.0,1.0
2023-06-26,206.79,210.41,203.41,205.94,205.94,8157,0.0,1.0
2023-06-23,210.05,210.05,205.34,207.77,207.77,85397,0.0,1.0
2023-06-22,206.1,216.59,206.1,214.22,214.22,61367,0.0,1.0
2023-06-21,224.96,224.96,208.3,208.99,208.99,96130,0.0,1.0
2023-06-20,235.0,242.945,228.59,231.03,231.03,87491,0.0,1.0
2023-06-16,236.07,236.07,228.56,230.24,230.24,93149,0.0,1.0
2023-06-15,214.2,226.0465,213.285,223.01,223.01,314375,0.0,1.0
2023-06-14,203.57,233.86,203.57,216.8,216.8,839510,3.0,1.0
2023-06-13,195.95,207.0,195.95,200.265,197.531628753412,60877,0.0,1.0
2023-06-12,187.17,193.47,187.17,193.44,190.799781619654,10082,0.0,1.0
2023-06-09,187.04,188.2,181.98,182.05,179.565241128298,8612,0.0,1.0
2023-06-08,181.8,185.14,181.49,183.59,181.084222020018,102923,0.0,1.0
2023-06-07,178.5,185.13,178.5,183.53,181.025040946315,53400,0.0,1.0
2023-06-06,175.76,184.08,175.76,178.6,176.162329390355,79039,0.0,1.0
2023-06-05,174.9,174.9,174.9,174.9,172.512829845314,62203,0.0,1.0
2023-06-02,179.87,182.67,179.87,182.0,179.515923566879,55751,0.0,1.0
2023-06-01,175.07,179.7,173.49,179.19,176.744276615105,55288,0.0,1.0
2023-05-31,176.3,178.1525,174.35,175.47,173.075050045496,18400,0.0,1.0
2023-05-30,186.04,193.67,176.0,177.45,175.028025477707,19413,0.0,1.0
2023-05-26,165.8,175.01,165.42,174.18,171.802656960874,8197,0.0,1.0
2023-05-25,148.03,151.5,148.03,151.5,149.432211101001,1421,0.0,1.0
2023-05-24,148.035,148.035,146.85,146.85,144.84567788899,1320,0.0,1.0
2023-05-23,154.02,154.86,150.884,152.04,149.964840764331,1186,0.0,1.0
2023-05-22,151.8,152.1851,151.8,152.1851,150.107960327571,1531,0.0,1.0
2023-05-19,145.15,147.43,145.09,147.43,145.417761601456,1768,0.0,1.0
2023-05-18,144.43,144.43,142.88,142.88,140.929863512284,1100,0.0,1.0
2023-05-17,131.69,134.5,131.69,134.5,132.66424021838,1834,0.0,1.0
2023-05-16,131.07,131.07,131.06,131.06,129.271191992721,662,0.0,1.0
2023-05-15,133.48,133.48,133.01,133.1,131.283348498635,78853,0.0,1.0
2023-05-12,137.85,137.85,130.51,135.15,133.305368516833,20138,0.0,1.0
2023-05-11,140.59,140.59,140.19,140.19,138.276578707916,30178,0.0,1.0
2023-05-10,122.99,142.9575,122.99,142.9575,141.006305732484,7594,0.0,1.0
2023-05-09,150.77,150.77,150.2,150.2,148.149954504095,1444,0.0,1.0
2023-05-08,150.82,150.82,150.82,150.82,148.761492265696,1103,0.0,1.0
2023-05-05,151.2,151.2,151.2,151.2,149.136305732484,676,0.0,1.0
2023-05-04,154.43,154.43,147.57,148.0,145.979981801638,7716,0.0,1.0
2023-05-03,157.64,160.69,157.21,160.69,158.4967788899,2553,0.0,1.0
2023-05-02,157.5901,157.5901,157.5901,157.5901,155.439188717015,672,0.0,1.0
2023-05-01,160.0,161.8,160.0,161.8,159.591628753412,733,0.0,1.0
2023-04-28,151.94,163.0,151.94,159.42,157.244112829845,13041,0.0,1.0
2023-04-27,152.8,153.49,152.39,152.39,150.310063694267,1719,0.0,1.0
2023-04-26,155.86,155.86,155.86,155.86,153.732702456779,25266,0.0,1.0
2023-04-25,158.14,158.14,154.69,155.86,153.732702456779,31099,0.0,1.0
2023-04-24,159.745,159.745,159.745,159.745,157.564676979072,313,0.0,1.0
2023-04-21,159.745,159.745,159.745,159.745,157.564676979072,182,0.0,1.0
2023-04-20,157.58,159.745,156.76,159.745,157.564676979072,1636,0.0,1.0
2023-04-19,156.425,157.15,156.425,157.15,155.005095541401,427,0.0,1.0
2023-04-18,159.5,159.5,159.5,159.5,157.323020928116,787,0.0,1.0
2023-04-17,158.48,159.6,158.46,159.6,157.421656050955,11313,0.0,1.0
2023-04-14,160.0,160.0,158.5,158.5,156.336669699727,1294,0.0,1.0
2023-04-13,159.01,159.3911,159.01,159.3911,157.215607279345,1929,0.0,1.0
2023-04-12,161.91,161.91,160.98,160.98,158.782820746133,10671,0.0,1.0
2023-04-11,160.18,163.05,160.18,161.07,158.871592356688,1858,0.0,1.0
2023-04-10,155.35,155.35,155.35,155.35,153.2296633303,1524,0.0,1.0
2023-04-06,163.96,164.0,149.83,153.71,151.612047315742,12876,0.0,1.0
2023-04-05,171.55,171.55,168.95,168.95,166.644040036397,1702,0.0,1.0
2023-04-04,171.52,171.52,170.3501,170.3501,168.025030391265,12155,0.0,1.0
2023-04-03,173.99,174.24,171.37,171.37,169.031010009099,10119,0.0,1.0
2023-03-31,172.83,177.855,172.2682,174.99,172.601601455869,86471,0.0,1.0
2023-03-30,171.86,172.13,171.86,172.13,169.780636942675,1874,0.0,1.0
2023-03-29,165.37,165.6,165.37,165.6,163.339763421292,993,0.0,1.0
2023-03-28,160.5,161.85,160.2323,161.85,159.640946314832,80154,0.0,1.0
2023-03-27,162.39,162.423,162.39,162.423,160.206125568699,7938,0.0,1.0
2023-03-24,162.89,162.89,157.4661,160.83,158.634868061874,8789,0.0,1.0
2023-03-23,163.67,166.05,162.0,162.0,159.78889899909,61889,0.0,1.0
2023-03-22,163.83,163.83,160.36,160.36,158.171282984531,5331,0.0,1.0
2023-03-21,165.0,165.0,161.5,162.0,159.78889899909,2886,0.0,1.0
2023-03-20,160.0,162.291,160.0,161.33,159.128043676069,2746,0.0,1.0
2023-03-17,160.98,161.28,159.37,160.0,157.816196542311,2949,0.0,1.0
2023-03-16,164.0,165.8,164.0,165.8,163.53703366697,2106,0.0,1.0
2023-03-15,169.07,169.07,162.1038,164.42,162.175868971793,3054,0.0,1.0
2023-03-14,171.88,171.88,167.75,170.13,167.807934485896,18924,3.0,1.0
2023-03-13,174.81,176.22,170.99,170.99,165.733718695451,9403,0.0,1.0
2023-03-10,180.0,180.0,175.09,177.9587,172.488198872496,4316,0.0,1.0
2023-03-09,184.54,184.54,182.29,182.29,176.686353476775,2187,0.0,1.0
2023-03-08,184.53,186.13,184.0,186.07,180.350155200085,2064,0.0,1.0
2023-03-07,189.1,189.1,185.2,185.2,179.506899247895,3498,0.0,1.0
2023-03-06,195.88,195.88,190.0,190.03,184.188423672124,2640,0.0,1.0
2023-03-03,191.46,193.24,191.45,193.24,187.299747357792,1924,0.0,1.0
2023-03-02,188.24,190.23,181.99,190.23,184.382275615156,8454,0.0,1.0
2023-03-01,191.08,191.08,189.63,190.68,184.818442486979,5469,0.0,1.0
2023-02-28,190.0,192.95,187.9,191.62,185.729546619231,43254,0.0,1.0
2023-02-27,194.01,194.01,187.36,187.84,182.065744895921,27116,0.0,1.0
2023-02-24,195.0,195.0,186.23,189.2476,183.430074870982,34685,0.0,1.0
2023-02-23,195.98,195.98,193.41,195.01,189.015337053628,402955,0.0,1.0
2023-02-22,193.63,193.63,185.67,187.51,181.745889189917,29054,0.0,1.0
2023-02-21,193.04,195.0,187.8,187.93,182.152978270285,15131,0.0,1.0
2023-02-17,198.0,198.0,198.0,198.0,191.913423601961,287,0.0,1.0
2023-02-16,198.0,198.0,198.0,198.0,191.913423601961,1223,0.0,1.0
2023-02-15,193.5,198.29,193.5,198.2,192.107275544993,5555,0.0,1.0
2023-02-14,191.88,193.54,191.88,193.52,187.571140078038,5887,0.0,1.0
2023-02-13,187.88,187.88,187.88,187.88,182.104515284527,50028,0.0,1.0
2023-02-10,183.95,186.25,183.17,186.25,180.524621948814,2709,0.0,1.0
2023-02-09,188.15,190.77,188.15,188.38,182.589145142108,2826,0.0,1.0
2023-02-08,188.0,188.21,187.12,188.08,182.298367227559,14767,0.0,1.0
2023-02-07,187.49,189.23,187.49,189.23,183.413015899995,2889,0.0,1.0
2023-02-06,189.16,189.16,186.77,188.48,182.686071113624,51135,0.0,1.0
2023-02-03,196.01,196.01,196.01,196.01,189.984596768789,10317,0.0,1.0
2023-02-02,196.28,200.76,196.25,200.19,194.036102378164,12825,0.0,1.0
2023-02-01,189.47,189.47,189.47,189.47,183.645638231634,2347,0.0,1.0
2023-01-31,188.13,189.47,188.13,189.47,183.645638231634,4504,0.0,1.0
2023-01-30,194.92,194.92,194.92,194.92,188.928103679264,2342,0.0,1.0
2023-01-27,193.51,195.19,192.82,194.92,188.928103679264,5731,0.0,1.0
2023-01-26,193.17,194.32,192.49,194.32,188.346547850167,6493,0.0,1.0
2023-01-25,192.0,192.0,192.0,192.0,186.097865310992,276,0.0,1.0
2023-01-24,192.79,192.79,191.94,192.02,186.117250505295,12440,0.0,1.0
2023-01-23,192.32,193.59,192.32,193.59,187.638988258099,3014,0.0,1.0
2023-01-20,189.82,189.82,189.82,189.82,183.98487913194,403,0.0,1.0
2023-01-19,189.82,189.82,189.82,189.82,183.98487913194,70,0.0,1.0
2023-01-18,190.42,191.21,189.82,189.82,183.98487913194,1943,0.0,1.0
2023-01-17,182.94,185.83,182.94,185.83,180.117532868446,8587,0.0,1.0
2023-01-13,180.0844,181.62,180.0844,181.12,175.552319610036,1225,0.0,1.0
2023-01-12,174.04,174.04,174.04,174.04,168.689960826693,30663,0.0,1.0
2023-01-11,174.45,174.45,174.04,174.04,168.689960826693,493,0.0,1.0
2023-01-10,173.49,173.49,172.205,173.06,167.740086305835,1534,0.0,1.0
2023-01-09,167.85,174.7,167.85,174.03,168.680268229542,1529,0.0,1.0
2023-01-06,164.4,165.62,164.39,164.81,159.743693655753,4139,0.0,1.0
2023-01-05,160.85,162.02,160.85,162.02,157.039459050453,2376,0.0,1.0
2023-01-04,161.0,163.41,161.0,162.54,157.543474102337,2167,0.0,1.0
2023-01-03,162.37,162.37,162.37,162.37,157.378699950759,4910,0.0,1.0
2022-12-30,159.72,159.91,159.72,159.9,154.984628454311,1440,0.0,1.0
2022-12-29,153.29,158.32,153.29,158.25,153.385349924294,1051,0.0,1.0
2022-12-28,152.05,152.05,152.05,152.05,147.375939690294,907,0.0,1.0
2022-12-27,150.93,152.05,150.754,152.05,147.375939690294,2234,0.0,1.0
2022-12-23,151.89,151.89,151.066,151.066,146.422188130575,1426,0.0,1.0
2022-12-22,150.28,150.28,150.28,150.28,145.660349994458,4363,0.0,1.0
2022-12-21,156.5,156.5,154.31,154.31,149.566466646558,3676,0.0,1.0
2022-12-20,154.31,155.02,154.1,154.6,149.847551963955,1409,0.0,1.0
2022-12-19,159.91,159.91,159.91,159.91,154.994321051462,528,0.0,1.0
2022-12-16,160.0,160.0,157.83,159.91,154.994321051462,4361,0.0,1.0
2022-12-15,160.0,160.0,157.75,158.33,153.462890701507,62966,0.0,1.0
2022-12-14,172.57,172.78,167.12,167.12,161.982683597776,26817,3.0,1.0
2022-12-13,174.97,174.97,173.88,174.7,166.343609361224,118252,0.0,1.0
2022-12-12,161.57,162.95,161.57,162.95,155.155644793426,2392,0.0,1.0
2022-12-09,165.18,165.18,164.23,164.23,156.374418805918,613,0.0,1.0
2022-12-08,168.69,168.69,168.69,168.69,160.621084505695,660,0.0,1.0
2022-12-07,163.36,163.36,163.36,163.36,155.546033344302,560,0.0,1.0
2022-12-06,163.17,163.36,163.17,163.36,155.546033344302,1182,0.0,1.0
2022-12-05,169.68,169.68,168.71,168.73,160.659171193586,3250,0.0,1.0
2022-12-02,169.0,170.765,169.0,170.765,162.596831440008,570,0.0,1.0
2022-12-01,169.29,170.62,169.11,169.55,161.439948295338,1335,0.0,1.0
2022-11-30,161.05,167.15,159.67,167.1,159.107138662053,2698,0.0,1.0
2022-11-29,162.27,162.27,162.27,162.27,154.50817109929,3102,0.0,1.0
2022-11-28,173.1,173.1,164.74,164.74,156.86002407652,2073,0.0,1.0
2022-11-25,169.0,169.0,169.0,169.0,160.916256336846,181,0.0,1.0
2022-11-23,169.0,169.0,169.0,169.0,160.916256336846,471,0.0,1.0
2022-11-22,162.82,165.09,162.82,165.09,157.193282595561,811,0.0,1.0
2022-11-21,163.12,163.12,162.4,162.4,154.631952834933,612,0.0,1.0
2022-11-18,166.78,166.78,166.76,166.76,158.783401814984,548,0.0,1.0
2022-11-17,165.15,169.01,165.14,166.61,158.640576735396,2183,0.0,1.0
2022-11-16,174.9,174.9,170.99,170.99,162.811069059392,779,0.0,1.0
2022-11-15,184.25,185.76,184.25,185.72,176.836491875023,3338,0.0,1.0
2022-11-14,172.54,175.53,172.54,173.3113,165.02133477439,22930,0.0,1.0
2022-11-11,169.72,175.625,169.72,175.625,167.224364018689,22853,0.0,1.0
2022-11-10,156.8,160.41,156.8,160.41,152.737140112387,21437,0.0,1.0
2022-11-09,147.01,155.96,147.01,151.97,144.700848967517,2451,0.0,1.0
2022-11-08,145.96,145.96,141.47,142.56,135.740955641306,1408,0.0,1.0
2022-11-07,146.9,148.31,146.9,148.31,141.215917025548,1770,0.0,1.0
2022-11-04,154.67,154.67,149.16,149.4629,142.313670587268,1315,0.0,1.0
2022-11-03,148.6,148.6,148.6,148.6,141.492045512753,741,0.0,1.0
2022-11-02,156.66,156.66,155.315,156.535,149.047492223007,806,0.0,1.0
2022-11-01,157.2,158.01,157.2,157.65,150.109158647951,835,0.0,1.0
2022-10-31,156.14,156.14,155.16,155.16,147.738262326775,35856,0.0,1.0
2022-10-28,156.86,156.86,156.86,156.86,149.356946562116,362,0.0,1.0
2022-10-27,155.78,155.78,154.29,154.29,146.909876865159,668,0.0,1.0
2022-10-26,153.84,157.19,153.84,156.98,149.471206625787,813,0.0,1.0
2022-10-25,148.28,148.28,148.28,148.28,141.18735200963,390,0.0,1.0
2022-10-24,148.28,148.28,148.28,148.28,141.18735200963,258,0.0,1.0
2022-10-21,148.28,148.28,148.28,148.28,141.18735200963,307,0.0,1.0
2022-10-20,148.28,148.28,148.28,148.28,141.18735200963,109,0.0,1.0
2022-10-19,148.28,148.28,148.28,148.28,141.18735200963,197,0.0,1.0
2022-10-18,151.05,151.05,147.7,148.28,141.18735200963,31599,0.0,1.0
2022-10-17,143.13,147.75,143.13,147.41,140.358966548014,3023,0.0,1.0
2022-10-14,146.54,146.54,146.54,146.54,139.530581086399,10327,0.0,1.0
2022-10-13,154.21,154.21,154.21,154.21,146.833703489378,21145,0.0,1.0
2022-10-12,154.21,154.21,154.21,154.21,146.833703489378,431,0.0,1.0
2022-10-11,156.0881,156.0881,154.21,154.21,146.833703489378,10530,0.0,1.0
2022-10-10,160.58,160.58,160.58,160.58,152.899008535921,35417,0.0,1.0
2022-10-07,166.17,166.17,164.09,164.09,156.241115398302,597,0.0,1.0
2022-10-06,171.3,172.6461,168.86,168.86,160.782952929229,1938,0.0,1.0
2022-10-05,167.66,168.24,167.06,167.06,159.069051974162,13032,0.0,1.0
2022-10-04,169.71,169.71,169.71,169.71,161.5922950469,672,0.0,1.0
2022-10-03,159.4,162.75,159.4,162.75,154.965211353974,877,0.0,1.0
2022-09-30,162.45,162.45,156.4,156.46,148.976079683212,122889,0.0,1.0
2022-09-29,158.97,160.04,158.42,159.56,151.927797994716,5017,0.0,1.0
2022-09-28,164.89,164.89,164.22,164.22,156.364897133945,1746,0.0,1.0
2022-09-27,164.69,165.22,162.2,163.6,155.774553471645,2074,0.0,1.0
2022-09-26,167.39,167.41,165.02,165.02,157.126630891753,4252,0.0,1.0
2022-09-23,169.77,169.77,161.61,166.93,158.945270238519,21119,0.0,1.0
2022-09-22,175.24,177.29,170.8,171.28,163.087197546597,13169,0.0,1.0
2022-09-21,181.535,183.04,178.68,178.88,170.323668245769,9545,0.0,1.0
2022-09-20,179.13,180.68,177.89,178.44,169.904714678975,4377,0.0,1.0
2022-09-19,180.0,181.71,178.56,179.24,170.666448436782,13475,0.0,1.0
2022-09-16,181.35,182.51,179.91,182.42,173.694340124067,68140,0.0,1.0
2022-09-15,184.48,189.38,181.69,183.47,174.69411568119,33706,0.0,1.0
2022-09-14,186.9,188.26,182.77,183.65,174.865505776696,6119,3.0,1.0
2022-09-13,192.66,193.21,190.51,191.27,179.193813500716,26326,0.0,1.0
2022-09-12,196.46,196.5001,196.46,196.5001,184.093701428724,20991,0.0,1.0
2022-09-09,189.82,192.5,189.5799,192.5,180.346155167501,1203,0.0,1.0
2022-09-08,187.26,187.37,186.44,187.37,175.54004724018,840,0.0,1.0
2022-09-07,183.1,185.3053,181.3,184.52,172.869987280557,5952,0.0,1.0
2022-09-06,191.94,191.94,181.0,183.62,172.026810451203,5993,0.0,1.0
2022-09-02,194.03,196.32,188.68,189.17,177.226400898889,36444,0.0,1.0
2022-09-01,205.96,205.96,192.34,192.38,180.233731590254,3463,0.0,1.0
2022-08-31,203.06,204.77,202.45,202.45,189.667943447587,7808,0.0,1.0
2022-08-30,213.0,213.0,206.61,206.72,193.668349071303,3183,0.0,1.0
2022-08-29,218.89,218.89,214.0,214.0,200.488712757637,1126,0.0,1.0
2022-08-26,221.83,221.86,221.81,221.86,207.852457067334,6998,0.0,1.0
2022-08-25,227.77,228.48,227.55,228.48,214.054491078808,3428,0.0,1.0
2022-08-24,242.41,242.41,232.63,234.37,219.572614995362,18092,0.0,1.0
2022-08-23,233.56,233.56,231.63,232.33,217.661414182158,13858,0.0,1.0
2022-08-22,230.01,231.52,230.01,230.78,216.209276309381,64625,0.0,1.0
2022-08-19,234.09,236.02,234.09,236.02,221.118439182512,921,0.0,1.0
2022-08-18,234.88,235.0,233.16,234.13,219.347767840868,18361,0.0,1.0
2022-08-17,228.0,228.0,228.0,228.0,213.604796769819,382,0.0,1.0
2022-08-16,228.0,228.0,228.0,228.0,213.604796769819,438,0.0,1.0
2022-08-15,221.97,221.97,221.97,221.97,207.955512013144,114,0.0,1.0
2022-08-12,221.16,221.97,221.16,221.97,207.955512013144,454,0.0,1.0
2022-08-11,218.63,218.63,218.63,218.63,204.826389113095,187,0.0,1.0
2022-08-10,218.63,218.63,218.63,218.63,204.826389113095,285,0.0,1.0
2022-08-09,224.54,224.54,224.54,224.54,210.363250292523,305,0.0,1.0
2022-08-08,224.54,224.54,224.54,224.54,210.363250292523,289,0.0,1.0
2022-08-05,221.9404,221.9404,221.9404,221.9404,207.92778086409,113,0.0,1.0
2022-08-04,224.0,225.09,224.0,225.0,210.794207338638,683,0.0,1.0
2022-08-03,222.99,224.47,222.99,224.47,210.297669872462,1125,0.0,1.0
2022-08-02,220.41,230.395,219.73,222.63,208.573841688004,5637,0.0,1.0
2022-08-01,221.1,224.78,220.46,222.05,208.030461064642,1545,0.0,1.0
2022-07-29,221.41,225.85,221.39,224.73,210.541254289831,4401,0.0,1.0
2022-07-28,218.04,219.96,218.04,219.96,206.072417094252,811,0.0,1.0
2022-07-27,220.0,220.02,220.0,220.0,206.109891620001,751,0.0,1.0
2022-07-26,215.88,215.88,215.88,215.88,202.250015467845,332,0.0,1.0
2022-07-25,220.07,220.07,220.07,220.07,206.175472040062,10409,0.0,1.0
2022-07-22,220.07,220.07,220.07,220.07,206.175472040062,389,0.0,1.0
2022-07-21,219.98,219.98,219.98,219.98,206.091154357127,551,0.0,1.0
2022-07-20,210.18,210.18,210.18,210.18,196.909895548599,427,0.0,1.0
2022-07-19,210.18,210.18,210.18,210.18,196.909895548599,19513,0.0,1.0
2022-07-18,212.85,212.85,210.18,210.18,196.909895548599,394,0.0,1.0
2022-07-15,204.23,210.32,204.23,210.32,197.041056388721,2045,0.0,1.0
2022-07-14,201.5,201.5,198.71,200.825,188.145540839031,2076,0.0,1.0
2022-07-13,200.0,202.07,197.73,202.07,189.311935452971,1666,0.0,1.0
2022-07-12,207.39,207.39,201.44,201.44,188.721711672423,1776,0.0,1.0
2022-07-11,202.47,204.99,202.47,204.99,192.047575832655,2678,0.0,1.0
2022-07-08,205.41,208.12,205.14,208.12,194.979957472521,1924,0.0,1.0
2022-07-07,204.75,207.0,204.23,207.0,193.930670751547,3062,0.0,1.0
2022-07-06,205.0,205.0,202.71,202.71,189.911527864956,22529,0.0,1.0
2022-07-05,203.5,207.07,203.5,207.0,193.930670751547,1480,0.0,1.0
2022-07-01,210.0,211.23,210.0,210.735,197.429854593368,852,0.0,1.0
2022-06-30,215.02,215.02,215.02,215.02,201.444313164239,506,0.0,1.0
2022-06-29,223.22,223.22,223.22,223.22,209.126590942803,5789,0.0,1.0
2022-06-28,230.72,230.72,223.22,223.22,209.126590942803,4853,0.0,1.0
2022-06-27,235.44,235.44,234.86,234.88,220.050415198663,2905,0.0,1.0
2022-06-24,223.57,228.72,223.57,228.72,214.279338233303,804,0.0,1.0
2022-06-23,220.0,220.0,220.0,220.0,206.109891620001,505,0.0,1.0
2022-06-22,217.7,220.45,216.38,220.45,206.531480034678,3227,0.0,1.0
2022-06-21,223.12,223.12,223.12,223.12,209.03290462843,10561,0.0,1.0
2022-06-17,221.41,221.41,219.17,219.24,205.397875630768,1046,0.0,1.0
2022-06-16,221.89,221.91,221.89,221.89,207.880562961646,1308,0.0,1.0
2022-06-15,238.65,238.65,233.74,233.74,218.982391214814,87914,0.0,1.0
2022-06-14,232.63,232.63,232.63,232.63,217.942473125277,5842,3.0,1.0
2022-06-13,237.63,237.63,236.77,236.77,218.996899214327,5625,0.0,1.0
2022-06-10,247.4,247.51,245.475,246.2083,227.72671479001,1788,0.0,1.0
2022-06-09,251.4,251.4,251.4,251.4,232.528700690466,689,0.0,1.0
2022-06-08,263.16,263.16,263.16,263.16,243.405938240665,139,0.0,1.0
2022-06-07,263.33,263.33,263.16,263.16,243.405938240665,724,0.0,1.0
2022-06-06,258.5,258.5,258.5,258.5,239.095740367882,358,0.0,1.0
2022-06-03,258.5,258.5,258.5,258.5,239.095740367882,254,0.0,1.0
2022-06-02,261.26,261.26,261.26,261.26,241.648561425582,514,0.0,1.0
2022-06-01,259.97,259.97,255.26,257.25,237.93957141059,900,0.0,1.0
2022-05-31,260.32,260.54,259.14,259.72,240.224161270198,8241,0.0,1.0
2022-05-27,247.5,257.35,247.5,257.3,237.985818168882,2553,0.0,1.0
2022-05-26,242.88,246.63,242.88,244.47,226.118899991242,3154,0.0,1.0
2022-05-25,240.0,240.0,236.02,238.12,220.245561688201,5610,0.0,1.0
2022-05-24,249.19,255.645,249.19,255.645,236.455050469428,870,0.0,1.0
2022-05-23,245.86,245.86,245.86,245.86,227.40455987175,393,0.0,1.0
2022-05-20,247.02,247.02,241.0,241.19,223.085112647309,1401,0.0,1.0
2022-05-19,250.21,250.21,247.0,247.0,228.4589859608,1777,0.0,1.0
2022-05-18,268.46,268.46,268.46,268.46,248.308094619581,40324,0.0,1.0
2022-05-17,261.08,261.08,261.08,261.08,241.482073095732,506,0.0,1.0
2022-05-16,261.08,261.08,261.08,261.08,241.482073095732,294,0.0,1.0
2022-05-13,261.08,261.08,261.08,261.08,241.482073095732,220,0.0,1.0
2022-05-12,262.76,262.7601,262.76,262.7601,243.036056667848,1090,0.0,1.0
2022-05-11,254.57,254.57,254.57,254.57,235.460745166157,402,0.0,1.0
2022-05-10,254.6,256.17,254.57,254.57,235.460745166157,1533,0.0,1.0
2022-05-09,252.5,252.5,250.38,250.38,231.585266821316,2105,0.0,1.0
2022-05-06,258.82,258.82,258.82,258.82,239.391719620949,30256,0.0,1.0
2022-05-05,270.95,270.95,260.12,260.12,240.594135336532,863,0.0,1.0
2022-05-04,261.99,273.71,261.99,272.0,251.58236510663,3470,0.0,1.0
2022-05-03,258.25,260.48,257.82,257.83,238.476033806774,3805,0.0,1.0
2022-05-02,249.5578,249.5578,249.5578,249.5578,230.824785127968,593,0.0,1.0
2022-04-29,259.28,259.28,254.05,254.56,235.451495814499,8711,0.0,1.0
2022-04-28,252.1,252.1,252.1,252.1,233.176155306549,831,0.0,1.0
2022-04-27,251.36,251.36,250.43,251.03,232.186474679108,1361,0.0,1.0
2022-04-26,255.87,255.87,255.87,255.87,236.663160881741,67,0.0,1.0
2022-04-25,255.87,255.87,255.87,255.87,236.663160881741,145,0.0,1.0
2022-04-22,260.26,260.26,255.87,255.87,236.663160881741,586,0.0,1.0
2022-04-21,259.84,259.84,259.84,259.84,240.335153490098,574,0.0,1.0
2022-04-20,265.83,265.83,265.83,265.83,245.875515133439,432,0.0,1.0
2022-04-19,258.37,263.5,258.11,263.44,243.664920087098,4681,0.0,1.0
2022-04-18,257.05,259.77,257.05,259.48,240.002176830398,2441,0.0,1.0
2022-04-14,258.27,258.27,257.37,258.02,238.651771488282,9163,0.0,1.0
2022-04-13,262.93,263.87,262.93,263.87,244.062642208406,1352,0.0,1.0
2022-04-12,266.78,266.81,261.83,261.83,242.175774470106,1782,0.0,1.0
2022-04-11,267.1,267.1,265.22,265.25,245.339052737256,2321,0.0,1.0
2022-04-08,271.64,273.57,270.4,270.4,250.102468841297,1671,0.0,1.0
2022-04-07,274.44,274.44,274.35,274.35,253.755962746338,1130,0.0,1.0
2022-04-06,275.07,280.35,275.07,280.35,259.305573741337,1179,0.0,1.0
2022-04-05,286.11,286.11,286.11,286.11,264.633200296537,673,0.0,1.0
2022-04-04,293.32,293.32,293.32,293.32,271.301982842194,331,0.0,1.0
2022-04-01,295.13,295.13,295.13,295.13,272.976115492352,119,0.0,1.0
2022-03-31,297.3755,297.94,295.13,295.13,272.976115492352,4733,0.0,1.0
2022-03-30,303.4,303.4,303.4,303.4,280.625329313793,116,0.0,1.0
2022-03-29,304.48,304.5,303.4,303.4,280.625329313793,687,0.0,1.0
2022-03-28,289.74,289.74,289.74,289.74,267.990714948511,111,0.0,1.0
2022-03-25,289.74,289.74,289.74,289.74,267.990714948511,25476,0.0,1.0
2022-03-24,289.74,289.74,289.74,289.74,267.990714948511,23879,0.0,1.0
2022-03-23,289.74,289.74,289.74,289.74,267.990714948511,439,0.0,1.0
2022-03-22,281.8,281.8,281.8,281.8,260.646729731795,322,0.0,1.0
2022-03-21,284.69,284.69,281.8,281.8,260.646729731795,732,0.0,1.0
2022-03-18,289.92,289.92,289.92,289.92,268.157203278361,10635,0.0,1.0
2022-03-17,279.0,281.33,279.0,281.33,260.212010203854,634,0.0,1.0
2022-03-16,275.86,275.86,273.33,273.33,252.812528877188,501,0.0,1.0
2022-03-15,263.21,267.83,262.305,267.83,247.725385465106,2481,0.0,1.0
2022-03-14,263.74,263.74,263.74,263.74,243.942400636848,1250,3.0,1.0
2022-03-11,260.31,260.31,260.31,260.31,238.061956623596,97813,0.0,1.0
2022-03-10,260.31,260.31,260.31,260.31,238.061956623596,505,0.0,1.0
2022-03-09,260.31,260.31,260.31,260.31,238.061956623596,233,0.0,1.0
2022-03-08,260.31,260.31,260.31,260.31,238.061956623596,680,0.0,1.0
2022-03-07,259.4,260.31,259.38,260.31,238.061956623596,898,0.0,1.0
2022-03-04,272.34,272.36,271.43,271.43,248.231558089749,1594,0.0,1.0
2022-03-03,280.18,280.18,280.18,280.18,256.233717516803,493,0.0,1.0
2022-03-02,280.18,280.18,280.18,280.18,256.233717516803,388,0.0,1.0
2022-03-01,280.18,280.18,280.18,280.18,256.233717516803,15699,0.0,1.0
2022-02-28,289.22,289.22,289.22,289.22,264.501091370582,143,0.0,1.0
2022-02-25,289.39,289.39,289.0,289.22,264.501091370582,2558,0.0,1.0
2022-02-24,283.66,283.66,283.66,283.66,259.416290637506,11133,0.0,1.0
2022-02-23,289.41,289.41,289.41,289.41,264.674852546713,470,0.0,1.0
2022-02-22,289.41,289.41,289.41,289.41,264.674852546713,834,0.0,1.0
2022-02-18,296.0,296.0,296.0,296.0,270.701621760917,168,0.0,1.0
2022-02-17,302.0,302.0,300.21,300.86,275.146249739829,11318,0.0,1.0
2022-02-16,301.76,302.7,301.05,301.9,276.097363546016,2658,0.0,1.0
2022-02-15,288.22,295.17,288.22,295.17,269.942559780979,3558,0.0,1.0
2022-02-14,276.64,276.64,276.64,276.64,252.996272445743,922,0.0,1.0
2022-02-11,286.35,286.35,276.64,276.64,252.996272445743,2073,0.0,1.0
2022-02-10,281.0,292.0,281.0,285.062,260.698465210846,8030,0.0,1.0
2022-02-09,285.0,285.0,280.55,282.5394,258.391465511339,17599,0.0,1.0
2022-02-08,265.165,270.36,265.165,270.36,247.253008308383,3220,0.0,1.0
2022-02-07,260.05,260.05,260.05,260.05,237.824178172049,3683,0.0,1.0
2022-02-04,259.88,259.88,254.54,254.54,232.78510406427,2368,0.0,1.0
2022-02-03,256.33,258.19,256.33,258.18,236.114002385924,22595,0.0,1.0
2022-02-02,265.0,265.0,264.5,264.5,241.893847823522,1346,0.0,1.0
2022-02-01,263.51,263.51,260.58,260.58,238.308880400202,7581,0.0,1.0
2022-01-31,259.14,264.69,259.01,263.6,241.070768568168,48697,0.0,1.0
2022-01-28,245.7499,251.69,245.7499,251.69,230.178686422315,12025,0.0,1.0
2022-01-27,256.0,256.46,251.4,252.93,231.312706729692,7522,0.0,1.0
2022-01-26,260.9,263.91,255.17,255.17,233.361259543017,22859,0.0,1.0
2022-01-25,261.89,262.07,258.03,261.76,239.388028757222,35468,0.0,1.0
2022-01-24,258.17,265.63,253.0,265.63,242.927269555244,1728,0.0,1.0
2022-01-21,267.47,267.47,267.47,267.47,244.610009366191,10717,0.0,1.0
2022-01-20,273.93,276.0,267.47,267.47,244.610009366191,1184,0.0,1.0
2022-01-19,283.0,283.0,272.39,273.95,250.53618000474,1278,0.0,1.0
2022-01-18,287.0,287.0,284.7,284.7,260.367404443693,37483,0.0,1.0
2022-01-14,286.0,288.0,285.58,285.6,261.190483699047,1267,0.0,1.0
2022-01-13,295.05,295.05,290.05,290.05,265.26015335052,2752,0.0,1.0
2022-01-12,299.47,299.47,294.44,294.51,269.338968327053,2642,0.0,1.0
2022-01-11,285.81,285.81,285.81,285.81,261.382535525296,509,0.0,1.0
2022-01-10,285.81,285.81,285.81,285.81,261.382535525296,15601,0.0,1.0
2022-01-07,293.53,293.53,293.53,293.53,268.442726471223,548,0.0,1.0
2022-01-06,297.16,297.49,294.89,294.89,269.686490679313,1515,0.0,1.0
2022-01-05,301.14,304.19,297.93,297.93,272.466669497399,7331,0.0,1.0
2022-01-04,294.38,305.3014,294.38,303.92,277.944719208033,6723,0.0,1.0
2022-01-03,287.52,296.88,287.52,292.12,267.153235637835,1003,0.0,1.0
2021-12-31,282.59,283.91,282.59,283.02,258.830989833698,32166,0.0,1.0
2021-12-30,284.0,284.0,282.88,283.14,258.940733734412,14375,0.0,1.0
2021-12-29,284.48,284.76,282.49,283.68,259.434581287625,1765,0.0,1.0
2021-12-28,283.26,283.33,283.04,283.11,258.913297759234,708,0.0,1.0
2021-12-27,286.67,286.67,286.67,286.67,262.169033480412,629,0.0,1.0
2021-12-23,279.0,281.2,279.0,281.2,257.166540672871,839,0.0,1.0
2021-12-22,281.01,281.01,281.01,281.01,256.992779496741,832,0.0,1.0
2021-12-21,283.7,283.7,283.7,283.7,259.452871937744,325,0.0,1.0
2021-12-20,283.7,283.7,283.7,283.7,259.452871937744,280689,0.0,1.0
2021-12-17,283.7,283.7,283.7,283.7,259.452871937744,798,0.0,1.0
2021-12-16,289.36,289.36,287.48,287.48,262.909804810231,3287,0.0,1.0
2021-12-15,273.81,288.25,273.81,288.25,263.613994839812,5951,0.0,1.0
2021-12-14,272.94,274.43,266.3579,268.4,245.460524596723,48894,3.0,1.0
2021-12-13,276.98,279.55,276.98,279.33,252.632602563017,7424,0.0,1.0
2021-12-10,281.05,282.7,279.53,279.53,252.813487253213,861,0.0,1.0
2021-12-09,281.31,281.49,279.22,279.22,252.533115983409,908,0.0,1.0
2021-12-08,281.67,281.67,281.67,281.67,254.748953438316,807,0.0,1.0
2021-12-07,276.67,281.14,276.67,281.14,254.269609009295,3914,0.0,1.0
2021-12-06,256.0601,256.0601,256.0601,256.0601,231.586759300993,278,0.0,1.0
2021-12-03,256.0601,256.0601,256.0601,256.0601,231.586759300993,304,0.0,1.0
2021-12-02,254.95,256.0601,253.76,256.0601,231.586759300993,7499,0.0,1.0
2021-12-01,268.1,268.1,245.78,245.78,222.289195782545,32978,0.0,1.0
2021-11-30,261.96,264.89,261.96,263.78,238.568817900235,7475,0.0,1.0
2021-11-29,260.14,261.81,260.12,261.81,236.787103701799,861,0.0,1.0
2021-11-26,266.56,266.56,266.56,266.56,241.083115093967,403,0.0,1.0
2021-11-24,272.32,272.32,272.32,272.32,246.292594171627,426,0.0,1.0
2021-11-23,272.32,272.32,272.32,272.32,246.292594171627,420,0.0,1.0
2021-11-22,272.32,272.32,272.32,272.32,246.292594171627,545,0.0,1.0
2021-11-19,270.5,272.31,269.15,270.0,244.194331765347,4803,0.0,1.0
2021-11-18,274.0,274.0,267.82,269.0,243.289908314365,3638,0.0,1.0
2021-11-17,272.36,272.8,271.99,272.8,246.726717428099,805,0.0,1.0
2021-11-16,273.45,273.45,273.4,273.4,247.269371498689,608,0.0,1.0
2021-11-15,273.65,275.54,273.65,275.54,249.204837683792,641,0.0,1.0
2021-11-12,273.4,273.4,272.58,272.58,246.527744268883,561,0.0,1.0
2021-11-11,272.0,277.51,272.0,277.51,250.986551882228,1247,0.0,1.0
2021-11-10,270.89,275.82,268.42,268.951,243.245591565266,32804,0.0,1.0
2021-11-09,268.77,277.4,267.54,270.24,244.411393393583,8364,0.0,1.0
2021-11-08,268.3,268.3,268.2,268.2,242.566369553578,914,0.0,1.0
2021-11-05,271.43,271.59,270.76,271.24,245.315816844566,1758,0.0,1.0
2021-11-04,270.5,271.0,268.98,268.98,243.271819845345,8841,0.0,1.0
2021-11-03,269.76,273.68,268.98,268.98,243.271819845345,5983,0.0,1.0
2021-11-02,268.47,268.47,266.74,267.6,242.023715482989,1485,0.0,1.0
2021-11-01,266.1,267.44,266.1,266.37,240.91127463828,52291,0.0,1.0
2021-10-29,259.39,260.75,257.0,257.5,232.889038628063,1641,0.0,1.0
2021-10-28,255.8573,260.41,255.8573,260.2,235.330981945716,22715,0.0,1.0
2021-10-27,247.77,247.87,246.5678,247.26,223.627742489999,1249,0.0,1.0
2021-10-26,251.5,251.8,251.5,251.75,227.688603784912,2542,0.0,1.0
2021-10-25,251.5,253.0,251.15,251.15,227.145949714322,11172,0.0,1.0
2021-10-22,250.4,252.05,249.5,249.87,225.988287697064,5666,0.0,1.0
2021-10-21,249.48,251.55,249.44,251.55,227.507719094715,3188,0.0,1.0
2021-10-20,249.77,250.18,249.77,250.18,226.268658966869,14982,0.0,1.0
2021-10-19,250.55,251.21,250.55,251.21,227.200215121381,1558,0.0,1.0
2021-10-18,247.21,247.21,247.16,247.2,223.57347708294,798,0.0,1.0
2021-10-15,246.55,249.16,245.66,249.09,225.282837405298,12169,0.0,1.0
2021-10-14,244.37,246.87,244.32,245.93,222.424859300192,11978,0.0,1.0
2021-10-13,236.74,239.86,235.94,238.92,216.084850908803,19256,0.0,1.0
2021-10-12,234.005,237.45,234.005,236.66,214.040853909582,26919,0.0,1.0
2021-10-11,247.07,247.07,247.07,247.07,223.455902034313,62,0.0,1.0
2021-10-08,247.07,247.07,247.07,247.07,223.455902034313,521,0.0,1.0
2021-10-07,241.0,247.15,241.0,247.07,223.455902034313,16684,0.0,1.0
2021-10-06,238.12,238.12,234.27,234.58,212.159653131538,3941,0.0,1.0
2021-10-05,240.13,240.13,239.92,239.92,216.989274359786,23226,0.0,1.0
2021-10-04,249.9,249.9,239.11,239.79,216.871699311158,10892,0.0,1.0
2021-10-01,252.0,254.9233,252.0,254.9233,230.558610721915,1288,0.0,1.0
2021-09-30,256.68,256.68,252.03,252.06,227.968975054717,14594,0.0,1.0
2021-09-29,253.74,254.0,252.48,252.48,228.348832904129,9150,0.0,1.0
2021-09-28,252.11,255.5,251.3,254.51,230.184812509624,46748,0.0,1.0
2021-09-27,257.22,258.82,255.68,255.68,231.242987947274,9611,0.0,1.0
2021-09-24,256.88,259.68,256.75,259.23,234.453691198263,18361,0.0,1.0
2021-09-23,258.82,259.7,258.29,258.31,233.621621623359,4634,0.0,1.0
2021-09-22,250.72,258.38,250.72,257.2463,232.659586398548,11520,0.0,1.0
2021-09-21,249.2,253.26,249.2,251.26,227.24543629393,29397,0.0,1.0
2021-09-20,249.0,249.0,245.42,247.25,223.618698255489,15244,0.0,1.0
2021-09-17,264.78,264.78,255.0,255.25,230.854085863352,16336,0.0,1.0
2021-09-16,256.81,260.79,256.81,260.0,235.15009725552,7133,0.0,1.0
2021-09-15,254.62,254.99,253.94,254.84,230.483272248449,8144,0.0,1.0
2021-09-14,257.28,257.28,257.28,257.28,232.690065468847,574,3.0,1.0
2021-09-13,261.5304,262.33,260.77,262.33,234.522763464125,34860,0.0,1.0
2021-09-10,263.42,263.42,263.42,263.42,235.4972223982,7162,0.0,1.0
2021-09-09,263.5,263.5,263.5,263.5,235.568742319967,508,0.0,1.0
2021-09-08,261.3,261.3,261.3,261.3,233.601944471375,18673,0.0,1.0
2021-09-07,261.3,261.3,261.3,261.3,233.601944471375,7075,0.0,1.0
2021-09-03,261.75,261.75,261.57,261.65,233.914844129106,2374,0.0,1.0
2021-09-02,262.45,265.93,262.45,265.93,237.741159943639,1817,0.0,1.0
2021-09-01,266.81,267.7825,266.81,267.7825,239.397293132056,5449,0.0,1.0
2021-08-31,264.86,268.21,264.67,266.81,238.527879083076,19884,0.0,1.0
2021-08-30,264.857,264.857,264.857,264.857,236.78189899294,43972,0.0,1.0
2021-08-27,263.16,263.16,263.16,263.16,235.264782652458,800,0.0,1.0
2021-08-26,263.23,263.23,263.23,263.23,235.327362584004,879,0.0,1.0
2021-08-25,264.83,264.83,264.83,264.83,236.757761019343,2118,0.0,1.0
2021-08-24,261.47,264.83,261.31,264.83,236.757761019343,1753,0.0,1.0
2021-08-23,254.96,254.96,254.96,254.96,227.933990671343,52856,0.0,1.0
2021-08-20,253.8,254.96,253.8,254.96,227.933990671343,12176,0.0,1.0
2021-08-19,258.53,258.65,254.67,254.69,227.692610935379,59884,0.0,1.0
2021-08-18,260.7,262.75,258.8,262.75,234.898243053402,2077,0.0,1.0
2021-08-17,262.28,262.28,258.39,258.39,231.000407317102,1994,0.0,1.0
2021-08-16,268.25,268.25,265.19,265.19,237.079600667295,1998,0.0,1.0
2021-08-13,267.74,269.96,267.74,269.96,241.34397600265,1287,0.0,1.0
2021-08-12,268.98,268.98,268.98,268.98,240.467856961005,671,0.0,1.0
2021-08-11,270.43,271.03,265.8,269.11,240.584076833876,26610,0.0,1.0
2021-08-10,279.91,279.91,270.22,275.0,245.84973107397,7314,0.0,1.0
2021-08-09,285.56,286.34,285.46,285.64,255.361880668977,2193,0.0,1.0
2021-08-06,286.26,286.26,286.2,286.2,255.862520121346,2234,0.0,1.0
2021-08-05,287.46,292.27,287.46,292.27,261.289094185415,2112,0.0,1.0
2021-08-04,282.15,291.2,282.15,289.68,258.973636718209,3102,0.0,1.0
2021-08-03,280.25,281.74,276.3,276.77,247.432109343064,78233,0.0,1.0
2021-08-02,293.87,293.87,291.47,291.59,260.681174850396,1796,0.0,1.0
2021-07-30,290.58,291.82,290.53,291.82,260.886794625476,5160,0.0,1.0
2021-07-29,285.86,285.86,285.86,285.86,255.558560453836,622,0.0,1.0
2021-07-28,277.75,277.75,277.75,277.75,248.308228384709,397,0.0,1.0
2021-07-27,288.48,288.48,271.66,277.75,248.308228384709,107964,0.0,1.0
2021-07-26,296.13,296.13,296.13,296.13,264.739930410671,856,0.0,1.0
2021-07-23,296.13,296.13,296.13,296.13,264.739930410671,145,0.0,1.0
2021-07-22,296.13,296.13,296.13,296.13,264.739930410671,434,0.0,1.0
2021-07-21,294.13,302.59,293.93,302.59,270.515164093354,1328,0.0,1.0
2021-07-20,287.0,296.02,287.0,296.02,264.641590518242,955,0.0,1.0
2021-07-19,284.3,288.64,281.81,286.47,256.103899857309,2639,0.0,1.0
2021-07-16,295.53,295.53,295.53,295.53,264.203530997419,45718,0.0,1.0
2021-07-15,298.39,298.39,295.53,295.53,264.203530997419,50790,0.0,1.0
2021-07-14,300.57,303.3,300.57,302.19,270.15756448452,1945,0.0,1.0
2021-07-13,298.83,298.83,296.95,297.16,265.660749403421,3846,0.0,1.0
2021-07-12,298.21,298.21,298.21,298.21,266.599448376613,10501,0.0,1.0
2021-07-09,297.13,297.13,297.13,297.13,265.633929432758,303,0.0,1.0
2021-07-08,297.13,297.13,297.13,297.13,265.633929432758,1044,0.0,1.0
2021-07-07,308.5,308.5,299.85,299.85,268.065606772836,1580,0.0,1.0
2021-07-06,305.0,306.47,305.0,306.47,273.983880299053,1345,0.0,1.0
2021-07-02,303.38,303.38,303.38,303.38,271.221423320803,805,0.0,1.0
2021-07-01,300.82,301.81,300.82,301.81,269.817844856126,842,0.0,1.0
2021-06-30,301.78,301.99,301.15,301.15,269.227805501549,9653,0.0,1.0
2021-06-29,302.73,304.09,302.73,303.735,271.538792973644,1229,0.0,1.0
2021-06-28,296.14,301.03,296.14,299.11,267.404047496491,1107,0.0,1.0
2021-06-25,297.09,297.09,296.83,296.83,265.365729726132,584,0.0,1.0
2021-06-24,289.8,297.95,289.8,297.95,266.36700863087,788,0.0,1.0
2021-06-23,282.99,282.99,282.99,282.99,252.992783260446,1152,0.0,1.0
2021-06-22,286.3,286.3,282.99,282.99,252.992783260446,1384,0.0,1.0
2021-06-21,282.32,282.32,282.32,282.32,252.393803915648,10841,0.0,1.0
2021-06-18,288.48,288.48,288.48,288.48,257.900837891705,720,0.0,1.0
2021-06-17,288.08,288.48,284.66,288.48,257.900837891705,1900,0.0,1.0
2021-06-16,291.06,291.11,289.74,290.06,259.313356346602,6796,0.0,1.0
2021-06-15,301.26,302.0,297.12,297.12,265.624989442538,1236,0.0,1.0
2021-06-14,294.55,301.85,294.55,301.85,269.85360481701,5058,3.0,1.0
2021-06-11,295.0,295.0,293.47,294.86,261.010444206474,21122,0.0,1.0
2021-06-10,290.21,294.4,290.21,294.4,260.603251625808,1625,0.0,1.0
2021-06-09,298.65,300.7,297.47,297.47,263.320819501118,1710,0.0,1.0
2021-06-08,297.05,297.71,296.36,297.6,263.435895665219,1031,0.0,1.0
2021-06-07,291.99,295.0,290.16,290.16,256.849998273589,5509,0.0,1.0
2021-06-04,292.0,292.37,292.0,292.37,258.806293063307,774,0.0,1.0
2021-06-03,284.17,284.94,280.41,280.42,248.228137978632,111270,0.0,1.0
2021-06-02,283.565,285.63,283.565,285.63,252.840036555298,4798,0.0,1.0
2021-06-01,286.155,286.155,283.01,285.255,252.508086081929,4194,0.0,1.0
2021-05-28,286.02,286.02,280.74,280.74,248.511402382573,9236,0.0,1.0
2021-05-27,289.6,290.84,288.39,288.39,255.28319203929,56088,0.0,1.0
2021-05-26,286.04,286.04,282.82,285.34,252.583328189226,3288,0.0,1.0
2021-05-25,281.74,281.74,279.02,279.02,246.98885621139,2803,0.0,1.0
2021-05-24,279.58,280.75,279.58,280.75,248.520254395196,2161,0.0,1.0
2021-05-21,281.69,282.72,280.24,280.24,248.068801751415,1320,0.0,1.0
2021-05-20,277.85,278.83,277.02,278.0,246.085950923827,1671,0.0,1.0
2021-05-19,272.78,274.8,270.01,274.8,243.253306884416,2009,0.0,1.0
2021-05-18,269.3,270.05,268.71,270.05,239.048600888416,1966,0.0,1.0
2021-05-17,271.55,271.55,269.95,269.95,238.960080762184,768,0.0,1.0
2021-05-14,261.99,261.99,261.99,261.99,231.913878714149,493,0.0,1.0
2021-05-13,259.78,261.99,255.3661,261.99,231.913878714149,3343,0.0,1.0
2021-05-12,262.42,262.42,257.71,258.08,228.452741778494,4041,0.0,1.0
2021-05-11,260.03,272.15,260.03,271.43,240.270178630412,15324,0.0,1.0
2021-05-10,269.7,269.7,269.7,269.7,238.738780446605,13367,0.0,1.0
2021-05-07,262.16,270.55,262.16,269.7,238.738780446605,2625,0.0,1.0
2021-05-06,261.52,261.91,251.83,251.83,222.92023388902,18091,0.0,1.0
2021-05-05,276.54,276.89,275.95,275.95,244.27128833608,4507,0.0,1.0
2021-05-04,271.61,272.3,269.94,271.36,240.20821454205,4203,0.0,1.0
2021-05-03,281.13,281.925,281.13,281.925,249.560365878417,14488,0.0,1.0
2021-04-30,293.48,293.48,279.0,279.0,246.971152186143,15084,0.0,1.0
2021-04-29,307.33,307.33,295.62,299.93,265.498414606416,3699,0.0,1.0
2021-04-28,310.05,310.05,310.05,310.05,274.456651381053,1298,0.0,1.0
2021-04-27,316.91,316.91,315.12,315.12,278.944621780994,834,0.0,1.0
2021-04-26,322.81,322.85,322.81,322.85,285.787227538697,952,0.0,1.0
2021-04-23,323.0,325.25,321.43,321.43,284.530241746208,1180,0.0,1.0
2021-04-22,317.5,322.17,315.22,315.22,279.033141907226,1493,0.0,1.0
2021-04-21,316.384,316.384,315.6,315.6,279.369518386906,2486,0.0,1.0
2021-04-20,323.0,323.0,315.0,315.0,278.838397629517,1703,0.0,1.0
2021-04-19,333.57,333.57,317.39,317.39,280.954028646452,2196,0.0,1.0
2021-04-16,333.02,337.6199,331.42,331.42,293.373402356744,23771,0.0,1.0
2021-04-15,335.53,335.73,334.62,334.62,296.206046396155,22646,0.0,1.0
2021-04-14,334.44,334.44,334.44,334.44,296.046710168938,627,0.0,1.0
2021-04-13,329.25,329.25,324.07,325.61,288.230383022689,12005,0.0,1.0
2021-04-12,330.0,337.26,330.0,337.26,298.542977728669,11715,0.0,1.0
2021-04-09,314.86,314.86,312.63,312.63,276.740470637828,1198,0.0,1.0
2021-04-08,313.62,315.02,313.62,315.02,278.856101654763,137501,0.0,1.0
2021-04-07,314.68,314.68,307.65,307.65,272.332168351494,1256,0.0,1.0
2021-04-06,312.06,316.04,312.06,313.8,277.776156114737,4753,0.0,1.0
2021-04-05,302.36,313.29,301.81,313.29,277.324703470956,6671,0.0,1.0
2021-04-01,294.74,298.81,294.74,298.81,264.506989192622,2160,0.0,1.0
2021-03-31,285.99,288.44,285.99,288.44,255.327452102406,2096,0.0,1.0
2021-03-30,277.8128,277.8128,277.8128,277.8128,245.920241247522,1012,0.0,1.0
2021-03-29,287.21,287.21,287.21,287.21,254.238654549757,784,0.0,1.0
2021-03-26,289.315,290.05,286.525,286.525,253.632291685071,1157,0.0,1.0
2021-03-25,271.16,281.1,271.16,281.1,248.830074837007,3819,0.0,1.0
2021-03-24,282.86,298.11,282.1,288.955,255.783330752498,7460,0.0,1.0
2021-03-23,276.38,276.89,271.58,271.58,240.402958819759,1625,0.0,1.0
2021-03-22,283.0,283.0,283.0,283.0,250.511957235407,1015,0.0,1.0
2021-03-19,286.44,289.37,280.43,289.37,256.150689276359,1937,0.0,1.0
2021-03-18,298.01,298.01,286.2,286.43,253.548197565151,48358,0.0,1.0
2021-03-17,301.85,304.92,301.85,304.49,269.534932362576,4301,0.0,1.0
2021-03-16,296.03,296.03,296.03,296.03,262.046129683383,1911,0.0,1.0
2021-03-15,292.2,296.03,292.2,296.03,262.046129683383,62834,0.0,1.0
2021-03-12,320.485,320.485,320.485,320.485,283.693726553319,567,3.0,1.0
2021-03-11,314.55,320.51,314.55,320.485,281.062750836795,22668,0.0,1.0
2021-03-10,312.77,316.41,308.0,310.0964,271.952032727232,6842,0.0,1.0
2021-03-09,309.46,309.46,309.07,309.07,271.051888235419,1280,0.0,1.0
2021-03-08,316.52,316.52,301.02,302.04,264.886635139696,2485,0.0,1.0
2021-03-05,323.32,323.32,296.01,313.18,274.656324967057,28811,0.0,1.0
2021-03-04,332.41,332.41,330.34,330.34,289.705506065578,1390,0.0,1.0
2021-03-03,349.19,349.19,342.76,342.76,300.59774553199,6143,0.0,1.0
2021-03-02,357.05,357.05,357.05,357.05,313.129959861702,553,0.0,1.0
2021-03-01,357.12,357.12,357.12,357.12,313.191349295088,6968,0.0,1.0
2021-02-26,342.69,352.16,341.31,349.64,306.631449841886,4976,0.0,1.0
2021-02-25,357.63,357.65,343.49,343.49,301.237949623011,6344,0.0,1.0
2021-02-24,351.72,351.72,351.72,351.72,308.455593005343,978,0.0,1.0
2021-02-23,339.96,351.72,339.04,351.72,308.455593005343,20895,0.0,1.0
2021-02-22,361.12,361.12,361.12,361.12,316.69931691712,1208,0.0,1.0
2021-02-19,372.8,373.41,372.8,373.41,327.477547435816,2030,0.0,1.0
2021-02-18,358.67,363.05,358.24,359.71,315.462758330354,16391,0.0,1.0
2021-02-17,370.68,372.42,370.19,372.42,326.609325449363,3780,0.0,1.0
2021-02-16,377.67,378.09,376.74,376.74,330.397930481158,2553,0.0,1.0
2021-02-12,387.0,397.03,371.5,371.5,325.802492896296,3634,0.0,1.0
2021-02-11,395.65,407.35,395.65,404.51,354.751995697121,17951,0.0,1.0
2021-02-10,398.45,401.0,384.62,389.5,341.588347195443,4417,0.0,1.0
2021-02-09,375.28,394.18,366.11,387.07,339.457256865058,23906,0.0,1.0
2021-02-08,371.54,371.54,363.26,363.26,318.576079594908,1171,0.0,1.0
2021-02-05,366.52,366.52,366.52,366.52,321.435073206865,629,0.0,1.0
2021-02-04,358.91,367.04,358.91,366.52,321.435073206865,1254,0.0,1.0
2021-02-03,364.68,364.68,353.7,357.1,313.173809456977,2279,0.0,1.0
2021-02-02,364.12,364.12,359.34,364.0,319.225053604984,6003,0.0,1.0
2021-02-01,349.64,358.94,349.64,358.94,314.787474563113,7050,0.0,1.0
2021-01-29,360.69,360.69,348.27,348.92,306.00001566992,8146,0.0,1.0
2021-01-28,364.11,364.11,354.8,361.19,316.760706350506,2584,0.0,1.0
2021-01-27,369.49,369.51,357.14,359.38,315.173351001536,15353,0.0,1.0
2021-01-26,375.16,375.16,375.16,375.16,329.012283270456,1158,0.0,1.0
2021-01-25,389.14,389.37,373.0,375.16,329.012283270456,5170,0.0,1.0
2021-01-22,382.67,384.97,382.281,382.41,335.37047458539,6110,0.0,1.0
2021-01-21,381.68,381.99,380.22,381.99,335.002137985077,9172,0.0,1.0
2021-01-20,377.87,377.87,377.42,377.42,330.994284976904,5988,0.0,1.0
2021-01-19,374.12,382.17,374.12,379.93,333.19553465973,5208,0.0,1.0
2021-01-15,355.06,364.17,353.14,363.08,318.418221051916,2873,0.0,1.0
2021-01-14,361.77,368.5,361.77,365.45,320.496691867971,128811,0.0,1.0
2021-01-13,364.0,364.0,361.15,361.15,316.725626674286,1408,0.0,1.0
2021-01-12,353.99,372.65,353.99,360.04,315.752165659172,14901,0.0,1.0
2021-01-11,335.71,352.08,335.71,352.03,308.727460496051,6782,0.0,1.0
2021-01-08,345.49,347.08,340.19,340.19,298.343876334834,22594,0.0,1.0
2021-01-07,340.91,346.0,340.91,344.81,302.395578938282,1208,0.0,1.0
2021-01-06,332.78,333.0,328.18,328.205,287.833128347318,13751,0.0,1.0
2021-01-05,318.0,330.01,318.0,330.01,289.41609873676,1433,0.0,1.0
2021-01-04,322.46,322.46,316.67,319.03,279.78672761428,5674,0.0,1.0
2020-12-31,319.22,320.61,317.58,320.61,281.172374824983,23475,0.0,1.0
2020-12-30,312.16,312.16,312.16,312.16,273.761793223439,278,0.0,1.0
2020-12-29,312.2,312.2,312.16,312.16,273.761793223439,6640,0.0,1.0
2020-12-28,326.14,326.14,326.03,326.03,285.925670952838,1631,0.0,1.0
2020-12-24,328.32,329.86,328.32,329.01,288.539106831252,1194,0.0,1.0
2020-12-23,322.9,324.7,322.9,324.7,284.759271718512,1277,0.0,1.0
2020-12-22,320.58,325.91,318.545,325.91,285.820431924177,2617,0.0,1.0
2020-12-21,308.91,312.0,308.91,312.0,273.621474518558,11115,0.0,1.0
2020-12-18,315.05,321.74,314.89,314.89,276.155981125476,33575,0.0,1.0
2020-12-17,306.63,312.05,306.63,306.96,269.201435314796,8576,0.0,1.0
2020-12-16,301.65,303.29,299.99,300.95,263.930713962692,2929,0.0,1.0
2020-12-15,301.19,304.83,301.19,304.83,267.333442556064,1136,0.0,1.0
2020-12-14,316.64,316.64,299.22,301.59,264.491988782217,1721,3.0,1.0
2020-12-11,291.56,299.44,291.56,299.44,260.019964939582,67448,0.0,1.0
2020-12-10,297.89,297.89,297.89,297.89,258.67401601607,343,0.0,1.0
2020-12-09,312.23,312.23,298.02,301.19,261.539584691934,7014,0.0,1.0
2020-12-08,312.27,313.34,307.71,307.71,267.201253712125,6791,0.0,1.0
2020-12-07,300.89,306.52,300.89,306.52,266.167912280526,96761,0.0,1.0
2020-12-04,298.18,298.18,298.18,298.18,258.925838717888,191,0.0,1.0
2020-12-03,298.18,298.18,298.18,298.18,258.925838717888,67078,0.0,1.0
2020-12-02,299.48,300.32,295.58,297.82,258.613231225976,7637,0.0,1.0
2020-12-01,292.96,292.96,291.43,291.43,253.064448244531,20379,0.0,1.0
2020-11-30,289.93,289.98,286.81,288.71,250.702524972304,4307,0.0,1.0
2020-11-27,286.65,286.65,286.65,286.65,248.913715435249,1662,0.0,1.0
2020-11-25,287.55,287.55,287.55,287.55,249.69523416503,845,0.0,1.0
2020-11-24,287.55,287.55,287.55,287.55,249.69523416503,854,0.0,1.0
2020-11-23,281.15,285.28,281.15,285.28,247.724070257694,18133,0.0,1.0
2020-11-20,278.17,278.17,277.7,277.7,241.141945844649,7980,0.0,1.0
2020-11-19,267.72,271.89,267.72,271.89,236.096808266841,6173,0.0,1.0
2020-11-18,266.11,266.11,265.85,265.85,230.851949235866,21465,0.0,1.0
2020-11-17,264.03,264.03,261.585,261.585,227.148418810848,950,0.0,1.0
2020-11-16,260.13,261.34,260.13,261.34,226.935672045519,8093,0.0,1.0
2020-11-13,260.0,260.0,260.0,260.0,225.77207749229,5725,0.0,1.0
2020-11-12,256.23,256.23,253.67,253.67,220.275395759497,916,0.0,1.0
2020-11-11,256.12,259.99,255.0,255.0,221.430306771284,11062,0.0,1.0
2020-11-10,249.31,255.905,239.226,249.71,216.83671334846,7139,0.0,1.0
2020-11-09,257.56,262.458,250.33,250.33,217.375092917865,4089,0.0,1.0
2020-11-06,252.495,255.27,250.14,250.32,217.366409376423,3692,0.0,1.0
2020-11-05,229.05,245.36,229.05,245.36,213.059372821185,63484,0.0,1.0
2020-11-04,217.19,217.19,216.66,216.66,188.137608882613,5910,0.0,1.0
2020-11-03,212.45,212.45,211.3533,211.3533,183.529513945581,3344,0.0,1.0
2020-11-02,206.538,206.538,206.538,206.538,179.34812823501,2435,0.0,1.0
2020-10-30,206.74,208.08,202.59,208.08,180.687130325368,5715,0.0,1.0
2020-10-29,206.25,206.25,206.25,206.25,179.09804224148,1923,0.0,1.0
2020-10-28,207.18,207.29,205.71,205.71,178.629131003611,63143,0.0,1.0
2020-10-27,211.97,212.06,211.19,211.53,183.682952122862,1517,0.0,1.0
2020-10-26,208.164,210.22,208.164,210.22,182.545408193958,15434,0.0,1.0
2020-10-23,214.9,214.9,214.9,214.9,186.609305588819,5422,0.0,1.0
2020-10-22,211.49,213.93,211.3696,213.93,185.767002068944,716,0.0,1.0
2020-10-21,210.0,211.5899,210.0,211.5899,183.734966536099,19060,0.0,1.0
2020-10-20,211.97,211.97,211.97,211.97,184.06502794631,518,0.0,1.0
2020-10-19,208.68,213.45,208.68,213.45,185.350192079728,954,0.0,1.0
2020-10-16,213.81,213.81,208.01,209.8,182.180699453394,18556,0.0,1.0
2020-10-15,208.03,212.73,207.495,211.8,183.917407741796,6677,0.0,1.0
2020-10-14,205.27,206.15,205.08,206.15,179.01120682706,3056,0.0,1.0
2020-10-13,208.09,208.09,207.52,207.52,180.200852004615,825,0.0,1.0
2020-10-12,206.56,206.71,204.82,206.37,179.202244738784,1817,0.0,1.0
2020-10-09,206.83,207.27,206.83,207.27,179.983763468565,1221,0.0,1.0
2020-10-08,203.12,203.82,202.0,203.78,176.953207505303,2182,0.0,1.0
2020-10-07,202.46,202.7,202.46,202.62,175.94591669803,12390,0.0,1.0
2020-10-06,199.75,201.0,195.81,195.86,170.07584268323,9417,0.0,1.0
2020-10-05,196.28,196.28,196.28,196.28,170.440551423795,5063,0.0,1.0
2020-10-02,190.48,193.65,190.21,193.65,168.156780024546,1918,0.0,1.0
2020-10-01,190.78,192.59,189.8,190.56,165.473565718964,9038,0.0,1.0
2020-09-30,189.01,191.78,188.06,188.07,163.311363899904,72073,0.0,1.0
2020-09-29,191.12,191.12,191.12,191.12,165.959844039717,595,0.0,1.0
2020-09-28,191.24,191.34,191.2,191.34,166.150881951441,2730,0.0,1.0
2020-09-25,185.0,185.0,185.0,185.0,160.645516677206,546,0.0,1.0
2020-09-24,183.87,184.75,182.66,183.63,159.455871499651,5041,0.0,1.0
2020-09-23,186.78,186.78,182.0,182.0,158.040454244603,4987,0.0,1.0
2020-09-22,184.34,189.96,184.33,189.12,164.223135751315,2777,0.0,1.0
2020-09-21,175.55,181.57,175.55,181.57,157.667061962596,1588,0.0,1.0
2020-09-18,188.31,188.31,178.48,178.48,154.983847657015,1141,0.0,1.0
2020-09-17,179.47,179.77,175.67,179.77,156.104024503034,50940,0.0,1.0
2020-09-16,185.95,185.96,183.4,183.4,159.256150046484,3071,0.0,1.0
2020-09-15,184.96,185.38,184.45,184.7,160.385010433946,11292,0.0,1.0
2020-09-14,176.8,181.23,176.8,181.23,157.371821553568,19169,2.8,1.0
2020-09-11,179.6,179.6,176.015,176.015,150.517856712228,12328,0.0,1.0
2020-09-10,179.9099,180.465,174.38,176.76,151.154937661298,161057,0.0,1.0
2020-09-09,185.0,185.0,181.94,182.07,155.695742815074,3465,0.0,1.0
2020-09-08,184.97,185.46,182.14,182.14,155.75560277002,50351,0.0,1.0
2020-09-04,184.63,187.89,184.63,185.81,158.893974693629,30292,0.0,1.0
2020-09-03,200.0,200.0,184.95,188.0,160.766736141231,69901,0.0,1.0
2020-09-02,204.4551,205.71,202.39,205.14,175.423873680916,220849,0.0,1.0
2020-09-01,205.0,206.57,201.37,201.52,172.328258867984,179946,0.0,1.0
2020-08-31,209.52,209.58,206.44,207.51,177.450560726951,391174,0.0,1.0
2020-08-28,208.88,208.88,200.84,207.64,177.561729214709,49177,0.0,1.0
2020-08-27,207.85,210.01,197.94,200.15,171.156714035465,107163,0.0,1.0
2020-08-26,200.64,206.84,200.64,205.99,176.150744562405,114133,0.0,1.0
2020-08-25,200.0,206.595,196.5602,199.59,170.677834395895,103970,0.0,1.0
2020-08-24,204.4899,204.4899,200.53,202.21,172.91830699531,51525,0.0,1.0
2020-08-21,203.7,203.7,199.14,201.02,171.900687761225,75389,0.0,1.0
2020-08-20,203.9,205.32,203.05,205.32,175.577799279349,8109,0.0,1.0
2020-08-19,209.25,209.25,205.3,205.3,175.560696435079,19205,0.0,1.0
2020-08-18,208.5,210.34,208.14,208.14,177.989300321467,48699,0.0,1.0
2020-08-17,217.37,217.37,214.37,214.37,183.316836311679,5981,0.0,1.0
2020-08-14,213.4,215.7,213.4,215.7,184.454175455657,15659,0.0,1.0
2020-08-13,235.37,235.37,223.71,227.93,194.912564726972,2397,0.0,1.0
2020-08-12,236.55,237.04,236.55,236.98,202.651601759303,15335,0.0,1.0
2020-08-11,234.37,234.37,230.6,230.62,197.212897281334,1359,0.0,1.0
2020-08-10,230.87,231.22,230.73,230.805,197.371098590834,1367,0.0,1.0
2020-08-07,237.99,239.5289,232.2199,232.2199,198.58103930874,13770,0.0,1.0
2020-08-06,230.0,230.0,230.0,230.0,196.682709108953,25150,0.0,1.0
2020-08-05,230.25,230.25,230.25,230.25,196.896494662332,10000,0.0,1.0
2020-08-04,231.0,231.0,230.0,230.25,196.896494662332,11205,0.0,1.0
2020-08-03,226.0289,226.0289,226.0289,226.0289,193.286853864855,10000,0.0,1.0
2020-07-31,223.88,226.0289,215.0,226.0289,193.286853864855,43350,0.0,1.0
2020-07-30,224.0698,224.0698,215.0,215.0,183.855575906195,27700,0.0,1.0
2020-07-29,209.0,224.835,209.0,210.55,180.050193056044,148149,0.0,1.0
2020-07-28,210.9395,210.9395,210.9395,210.9395,180.383270948209,10000,0.0,1.0
2020-07-27,210.9395,210.9395,210.9395,210.9395,180.383270948209,5000,0.0,1.0
2020-07-24,210.9395,210.9395,210.9395,210.9395,180.383270948209,5000,0.0,1.0
2020-07-23,211.7245,211.7245,211.7245,211.7245,181.05455758582,20,0.0,1.0
2020-07-22,210.0,211.7245,210.0,211.7245,181.05455758582,25150,0.0,1.0
2020-07-21,215.0,215.0,215.0,215.0,183.855575906195,211,0.0,1.0
2020-07-20,208.0,215.532,208.0,212.25,181.503934819023,69094,0.0,1.0
2020-07-17,209.043,209.124,205.3,206.0,176.159295984541,67600,0.0,1.0
2020-07-16,210.625,210.625,210.625,210.625,180.114328722058,0,0.0,1.0
2020-07-15,205.05,210.625,205.05,210.625,180.114328722058,4370,0.0,1.0
2020-07-14,204.65,205.5,204.65,205.281,175.544448733022,60626,0.0,1.0
2020-07-13,202.15,202.15,202.15,202.15,172.866998462499,1020,0.0,1.0
2020-07-10,200.0,205.324,200.0,205.324,175.581219848203,26496,0.0,1.0
2020-07-09,203.61,203.61,200.551,200.551,171.499626063085,223520,0.0,1.0
2020-07-08,208.0,208.0,200.516,202.218,172.925148133019,67308,0.0,1.0
2020-07-07,210.0,211.05,207.5,208.01,177.87813183371,178298,0.0,1.0
2020-07-06,208.0,214.5,208.0,213.25,182.35907703254,265141,0.0,1.0
2020-07-02,209.0,211.25,204.15,206.6032,176.675117767734,475954,0.0,1.0
