,KLXI_Open,KLXI_High,KLXI_Low,KLXI_Close,KLXI_Adj Close,KLXI_Volume,KLXI_Dividend Amount,KLXI_Split Coefficient
2018-10-09,62.99,62.99,62.99,62.99,62.99,0,0.0,1.0
2018-10-08,62.96,63.0,62.96,62.99,62.99,823982,0.0,1.0
2018-10-05,62.95,62.97,62.95,62.97,62.97,911547,0.0,1.0
2018-10-04,62.95,62.97,62.95,62.96,62.96,1820283,0.0,1.0
2018-10-03,62.97,62.97,62.95,62.97,62.97,1865902,0.0,1.0
2018-10-02,62.81,62.97,62.76,62.95,62.95,1719814,0.0,1.0
2018-10-01,62.8,62.8707,62.71,62.77,62.77,1351731,0.0,1.0
2018-09-28,62.7,62.78,62.66,62.78,62.78,765101,0.0,1.0
2018-09-27,62.71,62.72,62.64,62.7,62.7,448750,0.0,1.0
2018-09-26,62.7,62.74,62.61,62.61,62.61,1067488,0.0,1.0
2018-09-25,62.7,62.76,62.6,62.6,62.6,2030406,0.0,1.0
2018-09-24,62.8,62.8,62.65,62.65,62.65,564796,0.0,1.0
2018-09-21,62.7,62.8,62.66,62.75,62.75,680931,0.0,1.0
2018-09-20,62.65,62.68,62.6,62.68,62.68,3720008,0.0,1.0
2018-09-19,62.59,62.67,62.59,62.61,62.61,968495,0.0,1.0
2018-09-18,62.55,62.68,62.55,62.61,62.61,2280657,0.0,1.0
2018-09-17,62.55,62.75,62.41,62.42,62.42,11252200,0.0,1.186
2018-09-14,73.25,73.78,73.24,73.6,62.0573355817875,947385,0.0,1.0
2018-09-13,73.57,73.57,73.19,73.38,61.8718381112985,531418,0.0,1.0
2018-09-12,73.23,73.68,73.18,73.4,61.8887015177066,526484,0.0,1.0
2018-09-11,73.34,73.636,73.01,73.23,61.7453625632378,821623,0.0,1.0
2018-09-10,74.08,74.41,73.5,73.6,62.0573355817875,660335,0.0,1.0
2018-09-07,73.69,74.09,73.69,73.97,62.3693086003373,184680,0.0,1.0
2018-09-06,74.0,74.26,73.72,73.83,62.2512647554806,553446,0.0,1.0
2018-09-05,73.93,74.14,73.55,74.01,62.4030354131535,295607,0.0,1.0
2018-09-04,73.83,74.05,73.73,73.92,62.327150084317,451571,0.0,1.0
2018-08-31,73.66,74.27,73.55,73.84,62.2596964586847,1027650,0.0,1.0
2018-08-30,73.12,74.06,72.85,73.79,62.2175379426644,2609196,0.0,1.0
2018-08-29,73.0,73.47,72.05,73.18,61.7032040472175,2617400,0.0,1.0
2018-08-28,73.12,73.25,72.33,72.38,61.0286677908938,787061,0.0,1.0
2018-08-27,73.15,73.56,72.67,72.77,61.3575042158516,289217,0.0,1.0
2018-08-24,73.12,73.28,73.01,73.24,61.7537942664418,314878,0.0,1.0
2018-08-23,72.93,73.09,72.79,72.79,61.3743676222597,189154,0.0,1.0
2018-08-22,72.75,73.145,72.7,73.0,61.5514333895447,372192,0.0,1.0
2018-08-21,72.65,73.295,72.45,72.84,61.4165261382799,175545,0.0,1.0
2018-08-20,72.52,72.81,72.52,72.65,61.256323777403,196777,0.0,1.0
2018-08-17,72.46,72.56,72.43,72.49,61.1214165261383,306950,0.0,1.0
2018-08-16,72.46,72.7,72.36,72.57,61.1888701517707,181263,0.0,1.0
2018-08-15,72.56,72.65,72.1,72.26,60.9274873524452,353135,0.0,1.0
2018-08-14,72.65,72.79,72.63,72.69,61.2900505902192,258145,0.0,1.0
2018-08-13,72.78,72.92,72.57,72.64,61.247892074199,201712,0.0,1.0
2018-08-10,72.65,72.92,72.65,72.74,61.3322091062395,180916,0.0,1.0
2018-08-09,72.74,72.92,72.66,72.88,61.4502529510961,122192,0.0,1.0
2018-08-08,72.73,72.92,72.65,72.75,61.3406408094435,162415,0.0,1.0
2018-08-07,72.91,72.92,72.73,72.78,61.3659359190557,191352,0.0,1.0
2018-08-06,72.75,72.9484,72.69,72.85,61.424957841484,142863,0.0,1.0
2018-08-03,72.89,73.1,72.64,72.73,61.3237774030354,96330,0.0,1.0
2018-08-02,73.0,73.25,72.64,72.84,61.4165261382799,254850,0.0,1.0
2018-08-01,72.93,73.26,72.88,72.97,61.5261382799325,193228,0.0,1.0
2018-07-31,73.25,73.62,72.97,73.05,61.5935919055649,285279,0.0,1.0
2018-07-30,73.09,73.47,73.01,73.25,61.7622259696459,392841,0.0,1.0
2018-07-27,73.2,73.25,72.99,73.18,61.7032040472175,237449,0.0,1.0
2018-07-26,73.23,73.59,72.78,73.21,61.7284991568297,240886,0.0,1.0
2018-07-25,72.79,73.22,72.5,73.16,61.6863406408094,201234,0.0,1.0
2018-07-24,72.87,73.48,72.5,72.85,61.424957841484,160986,0.0,1.0
2018-07-23,72.5,72.99,72.5,72.6,61.2141652613828,126632,0.0,1.0
2018-07-20,72.45,72.67,72.38,72.52,61.1467116357504,562892,0.0,1.0
2018-07-19,72.35,72.72,72.33,72.52,61.1467116357504,164629,0.0,1.0
2018-07-18,72.5,72.76,72.28,72.6,61.2141652613828,264940,0.0,1.0
2018-07-17,72.75,72.79,72.18,72.54,61.1635750421585,395141,0.0,1.0
2018-07-16,72.84,72.84,72.36,72.75,61.3406408094435,310132,0.0,1.0
2018-07-13,73.01,73.67,72.65,72.86,61.433389544688,129063,0.0,1.0
2018-07-12,72.79,72.8,72.15,72.41,61.0539629005059,149024,0.0,1.0
2018-07-11,72.14,72.88,72.08,72.4,61.0455311973019,298960,0.0,1.0
2018-07-10,72.24,72.4,71.55,72.37,61.0202360876897,387922,0.0,1.0
2018-07-09,72.06,72.305,71.7567,72.15,60.8347386172007,255349,0.0,1.0
2018-07-06,71.96,72.24,71.72,71.88,60.6070826306914,208979,0.0,1.0
2018-07-05,71.5,72.0,71.5,72.0,60.70826306914,157701,0.0,1.0
2018-07-03,71.73,72.0,71.355,71.4,60.2023608768971,246836,0.0,1.0
2018-07-02,71.41,71.77,71.05,71.46,60.2529510961214,150573,0.0,1.0
2018-06-29,72.75,72.78,71.88,71.9,60.6239460370995,477124,0.0,1.0
2018-06-28,72.54,73.0,72.08,72.69,61.2900505902192,187799,0.0,1.0
2018-06-27,73.04,73.43,72.33,72.55,61.1720067453626,702637,0.0,1.0
2018-06-26,72.15,73.105,71.96,73.04,61.5851602023609,423061,0.0,1.0
2018-06-25,72.15,72.15,71.24,72.06,60.7588532883643,257719,0.0,1.0
2018-06-22,72.01,72.34,71.74,72.15,60.8347386172007,602255,0.0,1.0
2018-06-21,71.7,71.865,71.51,71.67,60.4300168634064,475799,0.0,1.0
2018-06-20,71.95,72.2599,71.77,71.98,60.6913996627319,293587,0.0,1.0
2018-06-19,71.57,72.18,71.54,71.76,60.5059021922428,329558,0.0,1.0
2018-06-18,71.72,72.065,71.585,71.9,60.6239460370995,227608,0.0,1.0
2018-06-15,71.34,72.03,71.28,71.9,60.6239460370995,606239,0.0,1.0
2018-06-14,72.28,72.28,71.61,71.92,60.6408094435076,438986,0.0,1.0
2018-06-13,72.52,72.88,71.889,71.95,60.6661045531197,583006,0.0,1.0
2018-06-12,72.62,72.9,72.01,72.33,60.9865092748735,406167,0.0,1.0
2018-06-11,72.53,73.06,72.51,72.63,61.2394603709949,392344,0.0,1.0
2018-06-08,73.02,73.71,72.68,72.95,61.5092748735245,534134,0.0,1.0
2018-06-07,72.89,73.37,72.89,73.11,61.6441821247892,819715,0.0,1.0
2018-06-06,72.54,73.15,72.45,72.82,61.3996627318718,355847,0.0,1.0
2018-06-05,72.27,73.17,72.21,72.65,61.256323777403,479892,0.0,1.0
2018-06-04,73.0,73.9399,72.45,72.52,61.1467116357504,293623,0.0,1.0
2018-06-01,74.15,74.45,72.76,72.77,61.3575042158516,338177,0.0,1.0
2018-05-31,74.5,74.5,73.76,73.83,62.2512647554806,443371,0.0,1.0
2018-05-30,73.14,74.64,73.14,74.49,62.8077571669477,688082,0.0,1.0
2018-05-29,71.94,73.07,71.61,73.02,61.5682967959528,706312,0.0,1.0
2018-05-25,73.6,73.6,72.02,72.3,60.9612141652614,455676,0.0,1.0
2018-05-24,74.49,74.6,73.7,73.84,62.2596964586847,203314,0.0,1.0
2018-05-23,74.25,74.78,74.09,74.76,63.035413153457,247611,0.0,1.0
2018-05-22,74.11,75.2259,74.11,74.4,62.7318718381113,638824,0.0,1.0
2018-05-21,73.47,74.4,72.85,74.19,62.5548060708263,578437,0.0,1.0
2018-05-18,73.45,73.45,72.97,73.09,61.6273187183811,413955,0.0,1.0
2018-05-17,73.0,73.43,72.93,73.11,61.6441821247892,467387,0.0,1.0
2018-05-16,73.2,73.22,72.78,72.99,61.5430016863406,502751,0.0,1.0
2018-05-15,73.11,73.25,72.5,72.9,61.4671163575042,1102548,0.0,1.0
2018-05-14,72.79,73.32,72.51,73.1,61.6357504215852,580110,0.0,1.0
2018-05-11,73.17,73.44,72.76,72.8,61.3827993254637,637877,0.0,1.0
2018-05-10,72.87,73.26,72.3235,72.94,61.5008431703204,451986,0.0,1.0
2018-05-09,72.26,72.81,71.73,72.61,61.2225969645868,775857,0.0,1.0
2018-05-08,71.61,72.46,71.43,72.01,60.716694772344,642602,0.0,1.0
2018-05-07,71.14,72.44,71.0,71.45,60.2445193929174,1207797,0.0,1.0
2018-05-04,70.86,72.03,70.39,71.14,59.9831365935919,2098353,0.0,1.0
2018-05-03,70.56,71.32,69.79,70.9,59.7807757166948,1255961,0.0,1.0
2018-05-02,71.61,71.795,70.0,70.88,59.7639123102867,3402315,0.0,1.0
2018-05-01,71.44,71.75,69.61,71.5,60.2866779089376,7845968,0.0,1.0
2018-04-30,79.3,79.47,75.88,78.23,65.9612141652614,2019380,0.0,1.0
2018-04-27,73.84,82.5,72.2,80.05,67.495784148398,3244722,0.0,1.0
2018-04-26,74.56,74.585,73.28,73.39,61.8802698145025,225864,0.0,1.0
2018-04-25,73.55,75.2425,72.99,74.47,62.7908937605396,819418,0.0,1.0
2018-04-24,74.42,74.9,70.86,73.37,61.8634064080944,577515,0.0,1.0
2018-04-23,74.7,75.55,73.86,74.19,62.5548060708263,326524,0.0,1.0
2018-04-20,73.6,75.62,71.43,74.35,62.6897133220911,637130,0.0,1.0
2018-04-19,73.96,75.93,73.53,73.62,62.0741989881956,1029921,0.0,1.0
2018-04-18,74.18,74.79,73.8,73.93,62.3355817875211,288329,0.0,1.0
2018-04-17,74.05,74.35,73.49,73.93,62.3355817875211,455343,0.0,1.0
2018-04-16,73.07,74.45,72.78,73.7,62.141652613828,290853,0.0,1.0
2018-04-13,73.17,73.39,72.2,72.35,61.0033726812816,321328,0.0,1.0
2018-04-12,72.38,73.935,72.35,72.76,61.3490725126476,704979,0.0,1.0
2018-04-11,71.22,72.49,71.22,72.1,60.7925801011804,668415,0.0,1.0
2018-04-10,71.97,72.319,70.99,71.73,60.4806070826307,266620,0.0,1.0
2018-04-09,70.0,72.48,70.0,71.22,60.0505902192243,377617,0.0,1.0
2018-04-06,70.45,70.85,69.13,69.69,58.7605396290051,366617,0.0,1.0
2018-04-05,69.77,71.07,69.57,70.93,59.8060708263069,429625,0.0,1.0
2018-04-04,69.07,69.52,68.43,69.33,58.4569983136594,273510,0.0,1.0
2018-04-03,69.75,70.45,68.01,70.24,59.2242833052277,283645,0.0,1.0
2018-04-02,70.7,71.21,68.18,69.16,58.3136593591906,254955,0.0,1.0
2018-03-29,70.5,71.799,70.081,71.06,59.9156829679595,343358,0.0,1.0
2018-03-28,69.25,70.24,68.69,70.14,59.1399662731872,345322,0.0,1.0
2018-03-27,70.83,70.83,68.87,69.18,58.3305227655987,210426,0.0,1.0
2018-03-26,69.87,70.71,69.41,70.49,59.4350758853288,283983,0.0,1.0
2018-03-23,69.57,70.77,68.92,68.97,58.1534569983137,265183,0.0,1.0
2018-03-22,70.31,71.39,69.37,69.53,58.6256323777403,321550,0.0,1.0
2018-03-21,70.62,71.56,70.11,71.0,59.8650927487353,355939,0.0,1.0
2018-03-20,71.07,72.08,70.25,70.39,59.3507588532884,253038,0.0,1.0
2018-03-19,71.34,71.68,70.3,71.05,59.9072512647555,454134,0.0,1.0
2018-03-16,71.39,71.98,70.82,71.5,60.2866779089376,870441,0.0,1.0
2018-03-15,71.67,72.1,70.87,71.37,60.177065767285,362808,0.0,1.0
2018-03-14,71.72,72.0,70.37,71.69,60.4468802698145,291776,0.0,1.0
2018-03-13,71.71,72.73,71.03,71.51,60.2951096121417,468432,0.0,1.0
2018-03-12,73.03,73.215,70.72,71.26,60.0843170320405,389337,0.0,1.0
2018-03-09,70.81,73.2,70.46,73.12,61.6526138279933,437180,0.0,1.0
2018-03-08,69.66,70.61,69.51,70.2,59.1905564924115,436444,0.0,1.0
2018-03-07,69.68,70.73,67.76,69.22,58.3642495784148,728389,0.0,1.0
2018-03-06,70.62,71.1186,65.66,67.89,57.2428330522766,776899,0.0,1.0
2018-03-05,67.7,69.0451,67.28,68.14,57.4536256323777,467050,0.0,1.0
2018-03-02,66.7,68.39,66.4,68.1,57.4198988195616,232826,0.0,1.0
2018-03-01,67.54,69.195,66.6,67.63,57.0236087689713,383033,0.0,1.0
2018-02-28,68.17,68.91,67.67,67.68,57.0657672849916,352358,0.0,1.0
2018-02-27,69.79,70.5,67.79,67.84,57.2006745362563,319446,0.0,1.0
2018-02-26,69.53,70.06,69.06,69.76,58.8195615514334,252576,0.0,1.0
2018-02-23,68.58,69.18,67.73,69.13,58.2883642495784,248265,0.0,1.0
2018-02-22,69.46,69.46,67.94,68.1,57.4198988195616,358981,0.0,1.0
2018-02-21,68.46,70.22,67.04,68.95,58.1365935919056,389089,0.0,1.0
2018-02-20,68.28,69.44,68.24,68.32,57.6053962900506,296689,0.0,1.0
2018-02-16,67.27,69.9895,67.14,68.54,57.7908937605396,614115,0.0,1.0
2018-02-15,66.99,67.91,66.83,67.57,56.973018549747,307753,0.0,1.0
2018-02-14,65.06,66.81,65.06,66.56,56.1214165261383,309976,0.0,1.0
2018-02-13,65.46,66.45,65.46,65.85,55.5227655986509,229925,0.0,1.0
2018-02-12,65.27,66.5,64.17,65.98,55.6323777403035,321088,0.0,1.0
2018-02-09,64.88,65.68,62.77,65.05,54.8482293423272,427221,0.0,1.0
2018-02-08,65.89,66.12,64.14,64.14,54.0809443507589,392001,0.0,1.0
2018-02-07,66.4,67.26,65.62,65.88,55.5480607082631,283652,0.0,1.0
2018-02-06,64.0,67.36,63.12,66.86,56.3743676222597,527478,0.0,1.0
2018-02-05,68.29,68.79,65.3166,65.49,55.2192242833052,460452,0.0,1.0
2018-02-02,70.09,70.48,68.2,68.8,58.0101180438449,215507,0.0,1.0
2018-02-01,70.46,71.55,70.0,70.82,59.7133220910624,148115,0.0,1.0
2018-01-31,71.7,72.0,70.26,70.66,59.5784148397976,232961,0.0,1.0
2018-01-30,71.03,71.85,69.68,71.14,59.9831365935919,315515,0.0,1.0
2018-01-29,72.11,72.53,71.48,71.76,60.5059021922428,233653,0.0,1.0
2018-01-26,71.57,72.27,69.86,72.26,60.9274873524452,370712,0.0,1.0
2018-01-25,70.48,71.46,69.92,71.26,60.0843170320405,580528,0.0,1.0
2018-01-24,70.6,71.5858,69.73,70.21,59.1989881956155,223648,0.0,1.0
2018-01-23,71.07,71.61,70.12,70.19,59.1821247892074,319901,0.0,1.0
2018-01-22,71.12,71.52,69.73,71.5,60.2866779089376,432352,0.0,1.0
2018-01-19,68.58,71.42,68.58,71.23,60.0590219224283,822640,0.0,1.0
2018-01-18,69.48,69.48,68.256,68.52,57.7740303541315,255801,0.0,1.0
2018-01-17,70.05,70.4,69.46,69.58,58.6677908937605,286070,0.0,1.0
2018-01-16,70.86,71.23,69.08,69.68,58.752107925801,622380,0.0,1.0
2018-01-12,71.0,71.2,70.45,70.71,59.6205733558179,283996,0.0,1.0
2018-01-11,69.98,70.85,69.4,70.8,59.6964586846543,413289,0.0,1.0
2018-01-10,69.54,69.89,68.775,69.71,58.7774030354132,376818,0.0,1.0
2018-01-09,69.22,69.57,68.415,69.45,58.5581787521079,707752,0.0,1.0
2018-01-08,68.58,69.99,68.23,69.2,58.3473861720068,454252,0.0,1.0
2018-01-05,68.63,69.27,67.47,68.65,57.8836424957842,784165,0.0,1.0
2018-01-04,69.43,69.5582,68.33,68.6,57.8414839797639,384750,0.0,1.0
2018-01-03,69.23,69.545,68.58,69.24,58.3811129848229,370189,0.0,1.0
2018-01-02,68.7,69.42,67.35,69.39,58.5075885328836,459702,0.0,1.0
2017-12-29,69.53,69.955,68.22,68.25,57.5463743676223,348996,0.0,1.0
2017-12-28,68.89,70.03,68.11,69.52,58.6172006745363,372804,0.0,1.0
2017-12-27,69.14,70.23,68.37,68.97,58.1534569983137,776576,0.0,1.0
2017-12-26,69.5,69.87,67.76,69.28,58.4148397976391,1488324,0.0,1.0
2017-12-22,62.93,63.28,62.22,63.0,53.1197301854975,430646,0.0,1.0
2017-12-21,62.68,63.68,62.32,63.2,53.2883642495784,303840,0.0,1.0
2017-12-20,62.25,62.65,62.11,62.41,52.6222596964587,461569,0.0,1.0
2017-12-19,62.4,62.82,61.41,62.09,52.3524451939292,322290,0.0,1.0
2017-12-18,62.07,62.65,61.4401,62.36,52.5801011804384,582167,0.0,1.0
2017-12-15,60.02,61.96,59.755,61.76,52.0741989881956,2142976,0.0,1.0
2017-12-14,59.63,60.6,59.63,59.86,50.4721753794266,556445,0.0,1.0
2017-12-13,59.38,60.059,58.7336,59.58,50.2360876897133,260741,0.0,1.0
2017-12-12,59.42,59.72,58.71,59.49,50.1602023608769,246875,0.0,1.0
2017-12-11,60.25,60.54,58.83,59.09,49.822934232715,773416,0.0,1.0
2017-12-08,61.5,61.64,60.25,60.3,50.8431703204047,549840,0.0,1.0
2017-12-07,60.92,61.66,59.94,60.75,51.2225969645868,979303,0.0,1.0
2017-12-06,58.91,59.88,55.96,59.0,49.7470489038786,1351125,0.0,1.0
2017-12-05,55.06,55.09,53.64,53.91,45.4553119730185,429324,0.0,1.0
2017-12-04,55.55,56.03,55.0,55.08,46.4418212478921,447179,0.0,1.0
2017-12-01,56.13,56.42,54.1581,55.64,46.9139966273187,339264,0.0,1.0
2017-11-30,55.28,56.36,54.85,56.11,47.3102866779089,421167,0.0,1.0
2017-11-29,55.01,55.44,54.88,55.05,46.4165261382799,332000,0.0,1.0
2017-11-28,54.29,55.085,53.061,54.94,46.3237774030354,332676,0.0,1.0
2017-11-27,54.29,54.71,54.02,54.27,45.7588532883643,219052,0.0,1.0
2017-11-24,55.05,55.05,54.27,54.35,45.8263069139966,89640,0.0,1.0
2017-11-22,55.58,55.95,54.84,54.91,46.2984822934233,169139,0.0,1.0
2017-11-21,54.88,55.7,54.79,55.57,46.8549747048904,302560,0.0,1.0
2017-11-20,54.65,54.7,53.98,54.5,45.9527824620573,233903,0.0,1.0
2017-11-17,54.03,54.955,54.03,54.71,46.1298482293423,217098,0.0,1.0
2017-11-16,53.6,54.755,53.43,54.31,45.7925801011804,343236,0.0,1.0
2017-11-15,54.26,54.54,52.821,53.52,45.1264755480607,188060,0.0,1.0
2017-11-14,54.46,55.13,54.39,54.75,46.1635750421585,126691,0.0,1.0
2017-11-13,54.66,54.85,53.871,54.79,46.1973018549747,130265,0.0,1.0
2017-11-10,55.63,55.745,54.88,54.89,46.2816188870152,238028,0.0,1.0
2017-11-09,55.5,56.13,55.03,55.52,46.8128161888702,154961,0.0,1.0
2017-11-08,55.17,55.95,55.12,55.79,47.0404721753794,191636,0.0,1.0
2017-11-07,55.69,56.05,55.2,55.33,46.6526138279933,307656,0.0,1.0
2017-11-06,54.9,55.76,54.64,55.45,46.7537942664418,266654,0.0,1.0
2017-11-03,56.0,56.115,54.91,54.95,46.3322091062395,471354,0.0,1.0
2017-11-02,55.28,56.69,55.05,56.25,47.4283305227656,277334,0.0,1.0
2017-11-01,55.35,55.97,54.2941,55.3,46.6273187183811,466073,0.0,1.0
2017-10-31,54.1,55.11,53.54,54.86,46.256323777403,413791,0.0,1.0
2017-10-30,54.81,55.09,53.73,53.97,45.5059021922428,222624,0.0,1.0
2017-10-27,54.87,55.18,54.38,55.03,46.3996627318718,139566,0.0,1.0
2017-10-26,55.22,55.48,54.59,54.87,46.2647554806071,219153,0.0,1.0
2017-10-25,55.2,55.59,54.48,54.99,46.3659359190557,276658,0.0,1.0
2017-10-24,55.07,55.425,54.96,55.1,46.4586846543002,193174,0.0,1.0
2017-10-23,55.29,55.76,54.82,54.84,46.2394603709949,183457,0.0,1.0
2017-10-20,54.9,55.4,53.77,55.25,46.5851602023609,288828,0.0,1.0
2017-10-19,54.13,54.42,53.78,54.4,45.8684654300169,113010,0.0,1.0
2017-10-18,54.28,54.82,54.28,54.29,45.7757166947723,173762,0.0,1.0
2017-10-17,54.22,54.52,53.7,54.1,45.6155143338954,178566,0.0,1.0
2017-10-16,54.22,54.49,53.82,54.3,45.7841483979764,211212,0.0,1.0
2017-10-13,53.54,54.07,53.31,53.93,45.4721753794266,174467,0.0,1.0
2017-10-12,52.94,53.44,52.26,53.27,44.9156829679595,257972,0.0,1.0
2017-10-11,53.99,53.99,52.89,53.06,44.7386172006745,181186,0.0,1.0
2017-10-10,54.33,54.67,53.62,53.93,45.4721753794266,279397,0.0,1.0
2017-10-09,54.09,54.12,53.8,53.97,45.5059021922428,150376,0.0,1.0
2017-10-06,54.53,54.685,53.34,53.9,45.4468802698145,401732,0.0,1.0
2017-10-05,54.41,54.91,53.5545,54.7,46.1214165261383,260894,0.0,1.0
2017-10-04,54.61,54.61,53.935,54.31,45.7925801011804,191746,0.0,1.0
2017-10-03,54.57,55.05,54.06,54.47,45.9274873524452,284082,0.0,1.0
2017-10-02,52.94,54.46,52.0801,54.45,45.9106239460371,292859,0.0,1.0
2017-09-29,53.06,53.4,52.76,52.93,44.6290050590219,271378,0.0,1.0
2017-09-28,52.86,53.41,52.65,53.04,44.7217537942664,271882,0.0,1.0
2017-09-27,52.59,53.22,52.04,52.85,44.5615514333895,428159,0.0,1.0
2017-09-26,52.68,52.79,51.99,52.27,44.0725126475548,342651,0.0,1.0
2017-09-25,52.87,53.2899,52.37,52.59,44.3423271500843,304889,0.0,1.0
2017-09-22,51.99,53.1665,51.99,52.91,44.6121416526138,253374,0.0,1.0
2017-09-21,52.01,52.47,51.75,51.98,43.8279932546374,286274,0.0,1.0
2017-09-20,50.6,52.03,50.6,51.97,43.8195615514334,351596,0.0,1.0
2017-09-19,48.96,50.59,48.88,50.57,42.6391231028668,318301,0.0,1.0
2017-09-18,48.55,49.22,48.54,48.93,41.256323777403,253479,0.0,1.0
2017-09-15,48.0,48.49,47.7,48.24,40.6745362563238,570365,0.0,1.0
2017-09-14,47.46,48.3699,47.35,48.07,40.531197301855,300158,0.0,1.0
2017-09-13,46.73,47.36,46.51,47.34,39.9156829679595,411733,0.0,1.0
2017-09-12,46.93,47.28,46.55,46.77,39.4350758853288,485806,0.0,1.0
2017-09-11,47.02,47.8999,46.66,46.87,39.5193929173693,380812,0.0,1.0
2017-09-08,47.16,47.93,46.4101,46.64,39.3254637436762,574891,0.0,1.0
2017-09-07,47.91,48.06,46.96,47.2,39.7976391231029,529873,0.0,1.0
2017-09-06,48.07,48.8499,47.82,47.98,40.4553119730185,605567,0.0,1.0
2017-09-05,48.55,48.93,47.48,47.65,40.177065767285,637921,0.0,1.0
2017-09-01,48.13,49.23,47.41,48.45,40.8516020236088,479908,0.0,1.0
2017-08-31,47.13,48.165,46.84,47.94,40.4215851602024,489646,0.0,1.0
2017-08-30,46.9,47.515,46.69,46.9,39.5446880269815,413420,0.0,1.0
2017-08-29,45.84,47.04,45.73,46.92,39.5615514333895,370370,0.0,1.0
2017-08-28,46.65,46.97,45.94,46.14,38.9038785834739,380832,0.0,1.0
2017-08-25,47.77,47.98,46.45,46.64,39.3254637436762,421592,0.0,1.0
2017-08-24,46.55,47.965,45.83,47.46,40.0168634064081,663268,0.0,1.0
2017-08-23,48.2,48.425,46.22,46.51,39.2158516020236,755747,0.0,1.0
2017-08-22,49.08,49.51,48.86,49.21,41.4924114671164,279053,0.0,1.0
2017-08-21,48.84,49.0745,48.52,48.9,41.2310286677909,234454,0.0,1.0
2017-08-18,48.96,49.635,47.9089,49.02,41.3322091062395,345720,0.0,1.0
2017-08-17,49.47,50.58,49.18,49.2,41.4839797639123,416104,0.0,1.0
2017-08-16,50.07,50.45,49.64,49.71,41.9139966273187,290783,0.0,1.0
2017-08-15,50.99,51.0454,50.0,50.03,42.1838111298482,219969,0.0,1.0
2017-08-14,50.85,51.48,50.74,50.96,42.9679595278246,282724,0.0,1.0
2017-08-11,49.93,50.7,49.32,50.52,42.5969645868465,331337,0.0,1.0
2017-08-10,51.54,51.865,49.6,49.62,41.8381112984823,413583,0.0,1.0
2017-08-09,52.53,52.58,51.29,51.71,43.6003372681282,483095,0.0,1.0
2017-08-08,52.18,54.4,52.05,52.72,44.4519392917369,976488,0.0,1.0
2017-08-07,52.1,52.65,51.871,52.17,43.9881956155143,378897,0.0,1.0
2017-08-04,52.19,52.62,51.83,52.15,43.9713322091062,193051,0.0,1.0
2017-08-03,52.02,52.2,51.38,51.9,43.7605396290051,269151,0.0,1.0
2017-08-02,51.82,52.635,51.76,52.0,43.8448566610455,187037,0.0,1.0
2017-08-01,52.23,52.71,51.485,51.89,43.752107925801,447958,0.0,1.0
2017-07-31,52.58,52.58,51.69,51.92,43.7774030354132,229035,0.0,1.0
2017-07-28,52.2,52.6199,52.01,52.54,44.3001686340641,225152,0.0,1.0
2017-07-27,52.09,52.43,51.74,52.19,44.0050590219224,297791,0.0,1.0
2017-07-26,52.82,52.99,51.73,51.99,43.8364249578415,272486,0.0,1.0
2017-07-25,52.31,52.905,51.9429,52.61,44.3591905564924,413438,0.0,1.0
2017-07-24,51.51,51.95,51.26,51.85,43.7183811129848,232871,0.0,1.0
2017-07-21,52.46,52.46,51.17,51.5,43.4232715008432,212496,0.0,1.0
2017-07-20,52.21,52.76,52.11,52.11,43.9376053962901,220092,0.0,1.0
2017-07-19,51.28,52.29,51.06,52.19,44.0050590219224,296487,0.0,1.0
2017-07-18,51.81,52.3499,50.86,51.3,43.2546374367622,245601,0.0,1.0
2017-07-17,51.54,52.07,50.74,51.875,43.7394603709949,647913,0.0,1.0
2017-07-14,51.95,52.3,51.44,51.53,43.4485666104553,404793,0.0,1.0
2017-07-13,51.91,52.2,51.64,52.05,43.8870151770658,453804,0.0,1.0
2017-07-12,52.0,52.33,51.58,51.93,43.7858347386172,416610,0.0,1.0
2017-07-11,51.44,51.82,50.89,51.49,43.4148397976391,454224,0.0,1.0
2017-07-10,51.45,52.04,51.1901,51.31,43.2630691399663,349933,0.0,1.0
2017-07-07,52.06,52.71,51.02,51.45,43.3811129848229,341228,0.0,1.0
2017-07-06,51.54,53.07,51.37,51.9,43.7605396290051,557508,0.0,1.0
2017-07-05,51.26,51.82,50.435,51.67,43.566610455312,391677,0.0,1.0
2017-07-03,50.33,51.8,50.185,51.33,43.2799325463744,288123,0.0,1.0
2017-06-30,49.21,50.51,48.9,50.0,42.1585160202361,397309,0.0,1.0
2017-06-29,48.12,49.17,47.7191,48.95,41.2731871838111,426098,0.0,1.0
2017-06-28,47.08,48.34,47.03,47.96,40.4384485666105,238049,0.0,1.0
2017-06-27,47.72,47.905,46.66,46.67,39.3507588532884,503185,0.0,1.0
2017-06-26,47.37,48.1,46.93,47.69,40.2107925801012,303542,0.0,1.0
2017-06-23,47.87,48.09,47.11,47.14,39.7470489038786,568275,0.0,1.0
2017-06-22,46.85,48.26,46.8,47.84,40.3372681281619,361096,0.0,1.0
2017-06-21,48.81,48.81,46.665,46.8,39.460370994941,571898,0.0,1.0
2017-06-20,49.9,49.93,48.65,48.7,41.06239460371,214000,0.0,1.0
2017-06-19,50.2,50.5,49.79,50.13,42.2681281618887,225727,0.0,1.0
2017-06-16,50.22,50.62,49.43,49.88,42.0573355817875,750958,0.0,1.0
2017-06-15,50.2,51.15,49.3,50.5,42.5801011804384,271404,0.0,1.0
2017-06-14,52.17,52.17,49.91,50.77,42.8077571669477,428411,0.0,1.0
2017-06-13,52.81,53.13,52.22,52.28,44.0809443507589,594314,0.0,1.0
2017-06-12,52.01,52.97,51.79,52.7,44.4350758853288,395940,0.0,1.0
2017-06-09,51.2,52.23,50.828,52.01,43.8532883642496,496814,0.0,1.0
2017-06-08,50.0,51.43,49.76,51.04,43.035413153457,426526,0.0,1.0
2017-06-07,51.07,51.22,49.21,50.04,42.1922428330523,461846,0.0,1.0
2017-06-06,49.66,51.11,48.79,51.07,43.0607082630691,464061,0.0,1.0
2017-06-05,50.05,50.69,49.86,50.11,42.2512647554806,278997,0.0,1.0
2017-06-02,49.22,50.73,49.21,50.21,42.3355817875211,608414,0.0,1.0
2017-06-01,48.55,49.64,47.75,49.36,41.6188870151771,514303,0.0,1.0
2017-05-31,47.82,48.56,47.2,48.39,40.8010118043845,368423,0.0,1.0
2017-05-30,48.1,48.13,46.01,47.86,40.35413153457,472086,0.0,1.0
2017-05-26,48.38,48.506,47.4,48.45,40.8516020236088,457645,0.0,1.0
2017-05-25,49.35,49.94,48.05,48.39,40.8010118043845,413468,0.0,1.0
2017-05-24,51.09,52.4,48.795,49.06,41.3659359190557,662730,0.0,1.0
2017-05-23,48.69,48.72,47.85,48.46,40.8600337268128,330306,0.0,1.0
2017-05-22,48.38,48.79,48.17,48.45,40.8516020236088,349349,0.0,1.0
2017-05-19,47.13,48.42,46.87,48.08,40.539629005059,369171,0.0,1.0
2017-05-18,46.81,47.58,46.24,46.95,39.5868465430017,274903,0.0,1.0
2017-05-17,47.41,47.71,46.52,47.01,39.637436762226,304775,0.0,1.0
2017-05-16,48.34,48.38,47.49,48.3,40.7251264755481,239779,0.0,1.0
2017-05-15,47.45,48.92,47.19,48.25,40.6829679595278,277865,0.0,1.0
2017-05-12,47.26,47.26,46.87,47.11,39.7217537942664,120384,0.0,1.0
2017-05-11,47.54,47.85,46.995,47.49,40.0421585160202,173830,0.0,1.0
2017-05-10,47.56,47.9,47.35,47.7,40.2192242833052,238320,0.0,1.0
2017-05-09,48.03,48.4,47.32,47.59,40.1264755480607,259400,0.0,1.0
2017-05-08,47.6,48.57,47.4599,47.96,40.4384485666105,359602,0.0,1.0
2017-05-05,47.53,47.71,47.18,47.67,40.1939291736931,221667,0.0,1.0
2017-05-04,48.19,48.19,46.73,47.33,39.9072512647555,468207,0.0,1.0
2017-05-03,47.3,48.2,46.63,48.06,40.5227655986509,592616,0.0,1.0
2017-05-02,47.42,47.63,46.94,47.46,40.0168634064081,407983,0.0,1.0
2017-05-01,47.64,48.44,46.73,47.46,40.0168634064081,508344,0.0,1.0
2017-04-28,48.13,48.26,47.26,47.3,39.8819561551433,389192,0.0,1.0
2017-04-27,48.54,48.73,47.4,47.91,40.3962900505902,283010,0.0,1.0
2017-04-26,48.17,49.18,48.12,48.57,40.9527824620573,349519,0.0,1.0
2017-04-25,48.2,48.36,45.81,48.22,40.6576728499157,322519,0.0,1.0
2017-04-24,48.05,48.4,47.37,47.71,40.2276559865093,311739,0.0,1.0
2017-04-21,46.76,47.72,45.25,47.4,39.9662731871838,524769,0.0,1.0
2017-04-20,46.4,47.04,45.7827,46.86,39.5109612141653,615617,0.0,1.0
2017-04-19,47.31,47.65,45.98,46.02,38.8026981450253,601131,0.0,1.0
2017-04-18,46.43,47.385,46.09,47.09,39.7048903878583,703499,0.0,1.0
2017-04-17,46.1,46.89,45.35,46.7,39.3760539629005,590736,0.0,1.0
2017-04-13,45.42,45.9225,44.14,44.52,37.5379426644182,302105,0.0,1.0
2017-04-12,46.03,46.03,45.16,45.6,38.4485666104553,373869,0.0,1.0
2017-04-11,46.13,46.3,45.63,46.28,39.0219224283305,367609,0.0,1.0
2017-04-10,46.12,46.775,45.61,46.23,38.9797639123103,457520,0.0,1.0
2017-04-07,45.1,45.97,44.78,45.92,38.7183811129848,516964,0.0,1.0
2017-04-06,43.98,45.49,43.2943,45.2,38.1112984822934,421004,0.0,1.0
2017-04-05,45.36,45.99,43.91,43.95,37.0573355817875,530568,0.0,1.0
2017-04-04,44.24,45.5,43.4838,45.2,38.1112984822934,368841,0.0,1.0
2017-04-03,44.88,45.45,44.24,44.81,37.7824620573356,515604,0.0,1.0
2017-03-31,44.06,45.12,43.85,44.7,37.6897133220911,384782,0.0,1.0
2017-03-30,44.29,44.57,44.07,44.1,37.1838111298482,279386,0.0,1.0
2017-03-29,43.83,44.55,43.55,44.29,37.3440134907251,335162,0.0,1.0
2017-03-28,43.29,44.4,43.29,43.89,37.0067453625632,476823,0.0,1.0
2017-03-27,42.97,43.57,42.45,43.38,36.5767284991568,493150,0.0,1.0
2017-03-24,44.34,44.82,43.57,43.75,36.8887015177066,228987,0.0,1.0
2017-03-23,43.7,44.52,43.64,44.24,37.3018549747049,349569,0.0,1.0
2017-03-22,43.82,44.39,43.22,43.74,36.8802698145025,489604,0.0,1.0
2017-03-21,46.27,47.929,43.91,43.97,37.0741989881956,406486,0.0,1.0
2017-03-20,46.43,46.935,45.59,45.9,38.7015177065767,286999,0.0,1.0
2017-03-17,46.2,46.96,46.2,46.45,39.1652613827993,1064575,0.0,1.0
2017-03-16,46.95,46.99,46.3,46.39,39.114671163575,232296,0.0,1.0
2017-03-15,45.81,46.88,45.47,46.67,39.3507588532884,508221,0.0,1.0
2017-03-14,44.99,45.99,44.155,45.42,38.2967959527825,586119,0.0,1.0
2017-03-13,45.24,45.97,45.2,45.75,38.575042158516,559504,0.0,1.0
2017-03-10,46.15,46.15,44.42,45.2,38.1112984822934,858776,0.0,1.0
2017-03-09,47.03,47.73,45.29,45.55,38.4064080944351,769826,0.0,1.0
2017-03-08,48.35,49.07,47.08,47.19,39.7892074198988,919400,0.0,1.0
2017-03-07,48.5,48.99,46.03,47.71,40.2276559865093,1721440,0.0,1.0
2017-03-06,51.13,51.17,50.41,51.0,43.0016863406408,520508,0.0,1.0
2017-03-03,51.11,51.91,50.91,51.61,43.5160202360877,379914,0.0,1.0
2017-03-02,52.24,52.24,51.03,51.13,43.1112984822934,248106,0.0,1.0
2017-03-01,51.04,52.4,50.96,52.19,44.0050590219224,557365,0.0,1.0
2017-02-28,50.78,51.2,50.26,50.34,42.4451939291737,493001,0.0,1.0
2017-02-27,49.53,51.12,49.38,50.81,42.8414839797639,304550,0.0,1.0
2017-02-24,49.26,50.1,48.8,49.79,41.9814502529511,237548,0.0,1.0
2017-02-23,50.17,50.31,49.495,49.76,41.956155143339,429276,0.0,1.0
2017-02-22,49.94,50.0,49.34,49.9,42.0741989881956,276666,0.0,1.0
2017-02-21,49.85,50.12,49.38,50.01,42.1669477234401,296180,0.0,1.0
2017-02-17,49.69,50.1,49.19,49.94,42.1079258010118,272958,0.0,1.0
2017-02-16,50.49,50.65,49.23,49.69,41.8971332209106,379360,0.0,1.0
2017-02-15,50.34,50.68,49.99,50.49,42.5716694772344,216898,0.0,1.0
2017-02-14,50.44,50.7,50.24,50.49,42.5716694772344,287718,0.0,1.0
2017-02-13,50.91,51.17,50.51,50.66,42.7150084317032,224583,0.0,1.0
2017-02-10,51.07,51.13,50.47,50.7,42.7487352445194,327053,0.0,1.0
2017-02-09,49.27,50.7,49.15,50.42,42.5126475548061,697270,0.0,1.0
2017-02-08,49.39,50.625,48.22,49.04,41.3490725126476,1159906,0.0,1.0
2017-02-07,49.59,50.33,49.5,49.7,41.9055649241147,382532,0.0,1.0
2017-02-06,50.04,50.27,49.05,49.27,41.5430016863406,553754,0.0,1.0
2017-02-03,49.73,50.42,49.18,50.13,42.2681281618887,420294,0.0,1.0
2017-02-02,48.45,49.26,48.18,49.24,41.5177065767285,447813,0.0,1.0
2017-02-01,49.59,50.15,48.23,48.63,41.0033726812816,399070,0.0,1.0
2017-01-31,48.87,49.26,48.31,48.99,41.3069139966273,363975,0.0,1.0
2017-01-30,49.3,49.3,48.09,49.15,41.4418212478921,598138,0.0,1.0
2017-01-27,49.56,50.0,49.185,49.69,41.8971332209106,416779,0.0,1.0
2017-01-26,49.48,50.33,47.77,49.7,41.9055649241147,781939,0.0,1.0
2017-01-25,49.44,49.55,48.39,49.48,41.7200674536256,626080,0.0,1.0
2017-01-24,48.48,49.48,47.92,49.02,41.3322091062395,729712,0.0,1.0
2017-01-23,47.72,48.5,47.46,48.37,40.7841483979764,525978,0.0,1.0
2017-01-20,47.2,48.24,47.2,48.15,40.5986509274874,562136,0.0,1.0
2017-01-19,47.4,47.93,46.79,47.56,40.1011804384486,391243,0.0,1.0
2017-01-18,46.84,47.23,46.63,47.0,39.6290050590219,577926,0.0,1.0
2017-01-17,47.2,47.2,46.55,46.61,39.3001686340641,416683,0.0,1.0
2017-01-13,47.52,48.07,47.24,47.44,40.0,389270,0.0,1.0
2017-01-12,47.79,48.09,46.1,47.36,39.9325463743676,419207,0.0,1.0
2017-01-11,46.87,48.14,46.6,47.83,40.3288364249578,676712,0.0,1.0
2017-01-10,45.42,46.55,45.28,46.48,39.1905564924115,657911,0.0,1.0
2017-01-09,45.41,45.64,43.0,45.07,38.0016863406408,674213,0.0,1.0
2017-01-06,46.79,46.8,45.74,45.77,38.5919055649241,447064,0.0,1.0
2017-01-05,47.72,47.88,46.26,46.49,39.1989881956155,510235,0.0,1.0
2017-01-04,47.28,48.35,47.28,47.74,40.2529510961214,894562,0.0,1.0
2017-01-03,45.77,47.09,45.05,46.92,39.5615514333895,1026533,0.0,1.0
2016-12-30,45.31,45.61,44.86,45.11,38.035413153457,547490,0.0,1.0
2016-12-29,45.65,45.97,45.14,45.31,38.2040472175379,301536,0.0,1.0
2016-12-28,45.92,46.12,45.355,45.47,38.3389544688027,372579,0.0,1.0
2016-12-27,45.79,46.39,45.605,45.94,38.7352445193929,222887,0.0,1.0
2016-12-23,45.64,45.85,45.16,45.79,38.6087689713322,359799,0.0,1.0
2016-12-22,45.94,46.05,45.41,45.63,38.4738617200675,337120,0.0,1.0
2016-12-21,45.83,46.44,45.625,45.96,38.752107925801,849042,0.0,1.0
2016-12-20,45.64,46.21,45.5,45.82,38.6340640809444,539066,0.0,1.0
2016-12-19,45.46,45.85,44.89,45.44,38.3136593591906,453004,0.0,1.0
2016-12-16,46.59,46.89,45.36,45.48,38.3473861720067,1281814,0.0,1.0
2016-12-15,45.49,46.935,45.33,46.49,39.1989881956155,1069351,0.0,1.0
2016-12-14,45.65,46.31,45.21,45.35,38.2377740303541,876750,0.0,1.0
2016-12-13,46.83,47.24,45.83,46.03,38.8111298482293,780130,0.0,1.0
2016-12-12,46.3,46.73,44.96,46.4,39.1231028667791,1859261,0.0,1.0
2016-12-09,45.85,46.32,44.9,45.75,38.575042158516,2213271,0.0,1.0
2016-12-08,46.0,46.76,43.28,45.35,38.2377740303541,1636591,0.0,1.0
2016-12-07,42.79,44.06,42.59,43.88,36.9983136593592,829012,0.0,1.0
2016-12-06,42.09,43.29,41.92,42.99,36.247892074199,1154092,0.0,1.0
2016-12-05,41.1,42.65,40.87,41.85,35.2866779089376,1333230,0.0,1.0
2016-12-02,40.53,41.36,39.86,41.08,34.637436762226,947583,0.0,1.0
2016-12-01,39.29,40.7899,38.61,40.51,34.1568296795953,884515,0.0,1.0
2016-11-30,38.9,39.61,38.83,38.99,32.8752107925801,586314,0.0,1.0
2016-11-29,39.43,39.62,38.57,38.67,32.6053962900506,286555,0.0,1.0
2016-11-28,40.55,40.77,39.3,39.38,33.2040472175379,358377,0.0,1.0
2016-11-25,40.74,40.96,39.89,40.77,34.3760539629005,300180,0.0,1.0
2016-11-23,40.15,40.73,39.64,40.73,34.3423271500843,408438,0.0,1.0
2016-11-22,39.62,40.11,39.1,40.08,33.7942664418213,379666,0.0,1.0
2016-11-21,39.59,39.67,38.75,39.37,33.1956155143339,324298,0.0,1.0
2016-11-18,38.62,39.29,38.41,39.28,33.1197301854975,281376,0.0,1.0
2016-11-17,38.46,39.035,36.64,38.67,32.6053962900506,301434,0.0,1.0
2016-11-16,38.39,38.84,38.03,38.3,32.2934232715008,489391,0.0,1.0
2016-11-15,39.39,39.75,38.5,38.77,32.6897133220911,556860,0.0,1.0
2016-11-14,39.91,40.5,39.21,39.25,33.0944350758853,456888,0.0,1.0
2016-11-11,39.15,39.76,38.7,39.55,33.3473861720067,772436,0.0,1.0
2016-11-10,38.0,39.56,37.985,39.19,33.043844856661,985454,0.0,1.0
2016-11-09,34.03,37.48,34.03,37.46,31.5851602023609,392483,0.0,1.0
2016-11-08,34.04,34.67,33.78,34.46,29.0556492411467,308402,0.0,1.0
2016-11-07,34.14,34.38,33.61,34.12,28.7689713322091,375941,0.0,1.0
2016-11-04,33.46,33.89,33.23,33.32,28.0944350758853,228882,0.0,1.0
2016-11-03,33.77,34.0,33.17,33.26,28.043844856661,200498,0.0,1.0
2016-11-02,33.75,34.24,33.65,33.65,28.3726812816189,313805,0.0,1.0
2016-11-01,34.66,34.82,33.4,33.86,28.5497470489039,366206,0.0,1.0
2016-10-31,33.89,34.65,33.6,34.42,29.0219224283305,335101,0.0,1.0
2016-10-28,33.8,34.05,33.38,33.84,28.5328836424958,176406,0.0,1.0
2016-10-27,33.95,34.27,33.57,33.81,28.5075885328836,207203,0.0,1.0
2016-10-26,33.93,34.3,33.57,33.73,28.4401349072513,325321,0.0,1.0
2016-10-25,34.45,34.745,33.87,34.22,28.8532883642496,255384,0.0,1.0
2016-10-24,33.97,34.9551,33.97,34.61,29.1821247892074,226792,0.0,1.0
2016-10-21,33.6,34.03,33.47,33.73,28.4401349072513,190148,0.0,1.0
2016-10-20,33.47,34.38,33.47,34.04,28.7015177065767,315691,0.0,1.0
2016-10-19,33.91,34.22,33.42,33.78,28.4822934232715,347790,0.0,1.0
2016-10-18,34.13,34.13,33.41,33.76,28.4654300168634,259699,0.0,1.0
2016-10-17,33.34,33.71,33.27,33.66,28.3811129848229,180808,0.0,1.0
2016-10-14,33.96,34.04,33.31,33.34,28.1112984822934,241360,0.0,1.0
2016-10-13,33.57,34.09,33.26,33.71,28.4232715008432,298629,0.0,1.0
2016-10-12,34.29,34.5,33.73,33.92,28.6003372681282,171375,0.0,1.0
2016-10-11,35.39,35.39,33.85,34.25,28.8785834738617,352700,0.0,1.0
2016-10-10,35.51,36.1,35.51,35.59,30.0084317032041,167168,0.0,1.0
2016-10-07,35.76,36.11,34.97,35.26,29.7301854974705,251604,0.0,1.0
2016-10-06,35.17,35.75,35.13,35.64,30.0505902192243,177027,0.0,1.0
2016-10-05,34.78,35.97,34.71,35.62,30.0337268128162,380006,0.0,1.0
2016-10-04,35.48,35.61,34.4,34.53,29.114671163575,187366,0.0,1.0
2016-10-03,35.03,35.74,34.84,35.43,29.8735244519393,341570,0.0,1.0
2016-09-30,34.68,35.39,34.38,35.2,29.6795952782462,373626,0.0,1.0
2016-09-29,35.2,35.33,34.33,34.52,29.106239460371,317400,0.0,1.0
2016-09-28,34.05,35.14,33.75,35.12,29.6121416526138,420720,0.0,1.0
2016-09-27,33.62,34.0625,33.57,33.89,28.575042158516,273321,0.0,1.0
2016-09-26,34.4,34.833,33.65,33.82,28.5160202360877,370217,0.0,1.0
2016-09-23,33.56,33.82,33.27,33.65,28.3726812816189,339850,0.0,1.0
2016-09-22,33.17,33.72,33.1001,33.65,28.3726812816189,289016,0.0,1.0
2016-09-21,32.78,32.91,32.23,32.86,27.7065767284992,299543,0.0,1.0
2016-09-20,33.47,34.544,32.53,32.58,27.4704890387858,353996,0.0,1.0
2016-09-19,33.3,33.71,32.71,33.24,28.026981450253,360352,0.0,1.0
2016-09-16,33.78,33.88,33.02,33.05,27.8667790893761,526608,0.0,1.0
2016-09-15,33.56,34.19,33.31,33.86,28.5497470489039,215693,0.0,1.0
2016-09-14,34.15,34.15,33.37,33.59,28.3220910623946,313335,0.0,1.0
2016-09-13,34.53,34.6,33.56,34.12,28.7689713322091,393167,0.0,1.0
2016-09-12,34.72,35.2,34.63,35.02,29.5278246205734,396918,0.0,1.0
2016-09-09,36.01,36.56,34.97,34.97,29.4856661045531,453804,0.0,1.0
2016-09-08,36.56,36.78,36.2633,36.49,30.7672849915683,366056,0.0,1.0
2016-09-07,36.73,36.73,36.23,36.62,30.8768971332209,422787,0.0,1.0
2016-09-06,37.34,37.6,36.62,36.68,30.9274873524452,292274,0.0,1.0
2016-09-02,37.24,37.8943,37.14,37.23,31.3912310286678,295704,0.0,1.0
2016-09-01,37.47,37.47,36.31,37.05,31.2394603709949,309695,0.0,1.0
2016-08-31,37.26,37.53,36.8,37.34,31.4839797639123,525463,0.0,1.0
2016-08-30,37.63,37.78,36.87,37.27,31.424957841484,212779,0.0,1.0
2016-08-29,37.47,38.22,37.33,37.66,31.7537942664418,757311,0.0,1.0
2016-08-26,37.13,37.93,36.81,37.31,31.4586846543002,334621,0.0,1.0
2016-08-25,37.03,37.895,36.8,37.04,31.2310286677909,492849,0.0,1.0
2016-08-24,38.58,39.0,35.085,36.95,31.1551433389545,714707,0.0,1.0
2016-08-23,37.05,37.44,35.9,36.93,31.1382799325464,610409,0.0,1.0
2016-08-22,36.67,37.08,36.36,36.99,31.1888701517707,298126,0.0,1.0
2016-08-19,35.46,37.03,34.4,36.82,31.0455311973019,509195,0.0,1.0
2016-08-18,35.02,35.67,34.9,35.62,30.0337268128162,206924,0.0,1.0
2016-08-17,34.73,35.09,34.49,35.07,29.5699831365936,174485,0.0,1.0
2016-08-16,34.76,35.19,34.56,34.81,29.3507588532884,159190,0.0,1.0
2016-08-15,34.16,35.135,34.16,34.89,29.4182124789207,219405,0.0,1.0
2016-08-12,33.9,34.16,33.55,34.09,28.743676222597,208475,0.0,1.0
2016-08-11,32.48,33.91,32.39,33.86,28.5497470489039,214252,0.0,1.0
2016-08-10,32.85,32.93,32.03,32.34,27.2681281618887,118167,0.0,1.0
2016-08-09,32.54,32.97,32.34,32.84,27.6897133220911,154426,0.0,1.0
2016-08-08,32.42,32.7799,32.42,32.57,27.4620573355818,114524,0.0,1.0
2016-08-05,31.97,32.7,31.9,32.41,27.327150084317,187381,0.0,1.0
2016-08-04,32.15,32.641,31.7,31.73,26.7537942664418,111452,0.0,1.0
2016-08-03,31.23,32.19,31.05,32.17,27.1247892074199,289400,0.0,1.0
2016-08-02,32.05,32.25,30.97,31.23,26.3322091062395,157604,0.0,1.0
2016-08-01,32.28,32.58,31.78,32.08,27.0489038785835,232062,0.0,1.0
2016-07-29,32.48,32.67,32.06,32.3,27.2344013490725,213947,0.0,1.0
2016-07-28,33.23,33.23,32.25,32.65,27.5295109612142,228159,0.0,1.0
2016-07-27,32.82,33.35,32.69,33.28,28.0607082630691,210052,0.0,1.0
2016-07-26,31.85,32.99,31.85,32.65,27.5295109612142,213139,0.0,1.0
2016-07-25,32.65,32.705,31.77,31.9,26.8971332209106,264009,0.0,1.0
2016-07-22,33.3,33.3,32.56,32.76,27.6222596964587,221984,0.0,1.0
2016-07-21,33.78,34.09,33.24,33.3,28.0775716694772,225128,0.0,1.0
2016-07-20,33.35,34.02,33.015,33.74,28.4485666104553,205989,0.0,1.0
2016-07-19,33.31,34.06,33.18,33.36,28.1281618887015,245332,0.0,1.0
2016-07-18,33.48,33.88,33.18,33.51,28.2546374367622,250290,0.0,1.0
2016-07-15,33.73,34.0299,33.36,33.54,28.2799325463744,241668,0.0,1.0
2016-07-14,33.88,33.98,33.5,33.5,28.2462057335582,152628,0.0,1.0
2016-07-13,34.08,34.09,33.32,33.46,28.212478920742,277212,0.0,1.0
2016-07-12,33.8,34.13,33.47,33.83,28.5244519392917,271573,0.0,1.0
2016-07-11,33.3,33.78,32.88,33.45,28.2040472175379,267094,0.0,1.0
2016-07-08,32.0,33.24,31.79,33.21,28.0016863406408,295847,0.0,1.0
2016-07-07,31.26,32.14,31.26,31.7,26.7284991568297,283565,0.0,1.0
2016-07-06,30.77,31.35,30.63,31.3,26.3912310286678,266324,0.0,1.0
2016-07-05,31.49,31.74,30.81,30.96,26.1045531197302,247209,0.0,1.0
2016-07-01,31.01,32.23,31.01,31.77,26.787521079258,292006,0.0,1.0
2016-06-30,30.78,31.59,30.26,31.0,26.1382799325464,475344,0.0,1.0
2016-06-29,30.13,30.78,29.72,30.66,25.8516020236088,375436,0.0,1.0
2016-06-28,29.99,29.99,29.28,29.78,25.1096121416526,424244,0.0,1.0
2016-06-27,30.84,31.165,29.41,29.6,24.9578414839798,402868,0.0,1.0
2016-06-24,32.9,32.93,31.15,31.16,26.2731871838111,492197,0.0,1.0
2016-06-23,33.34,33.79,33.0,33.78,28.4822934232715,244281,0.0,1.0
2016-06-22,32.73,33.3,32.72,33.05,27.8667790893761,382371,0.0,1.0
2016-06-21,32.75,32.8522,32.13,32.55,27.4451939291737,273619,0.0,1.0
2016-06-20,33.36,33.36,32.6,32.86,27.7065767284992,360102,0.0,1.0
2016-06-17,31.79,33.38,31.79,32.9,27.7403035413153,903331,0.0,1.0
2016-06-16,31.8,32.13,30.98,31.59,26.6357504215852,326457,0.0,1.0
2016-06-15,32.27,32.72,32.0175,32.08,27.0489038785835,312418,0.0,1.0
2016-06-14,32.78,33.33,31.75,32.04,27.0151770657673,411426,0.0,1.0
2016-06-13,33.24,33.67,32.84,32.87,27.7150084317032,294801,0.0,1.0
2016-06-10,34.5,34.63,33.3,33.4,28.1618887015177,491608,0.0,1.0
2016-06-09,34.82,35.08,34.48,34.92,29.4435075885329,300263,0.0,1.0
2016-06-08,34.77,35.135,34.4,35.02,29.5278246205734,419195,0.0,1.0
2016-06-07,34.36,35.0,34.23,34.62,29.1905564924115,628259,0.0,1.0
2016-06-06,32.98,34.34,32.905,34.3,28.920741989882,722905,0.0,1.0
2016-06-03,33.02,33.19,32.0075,32.93,27.7655986509275,394260,0.0,1.0
2016-06-02,32.66,33.03,32.37,33.03,27.849915682968,260630,0.0,1.0
2016-06-01,32.95,33.02,32.02,32.88,27.7234401349073,357992,0.0,1.0
2016-05-31,32.99,33.11,32.64,32.89,27.7318718381113,473019,0.0,1.0
2016-05-27,33.27,33.48,32.0,32.98,27.8077571669477,350172,0.0,1.0
2016-05-26,33.89,33.89,32.87,33.35,28.1197301854975,800437,0.0,1.0
2016-05-25,31.57,33.03,31.32,33.03,27.849915682968,666468,0.0,1.0
2016-05-24,30.28,31.39,30.0,31.38,26.4586846543002,1132047,0.0,1.0
2016-05-23,33.26,33.73,28.65,30.01,25.3035413153457,4590197,0.0,1.0
2016-05-20,33.61,35.25,33.26,34.99,29.5025295109612,894093,0.0,1.0
2016-05-19,33.02,34.005,33.02,33.45,28.2040472175379,1201293,0.0,1.0
2016-05-18,32.75,33.8,32.53,33.0,27.8246205733558,630263,0.0,1.0
2016-05-17,31.79,33.34,31.56,32.72,27.5885328836425,676961,0.0,1.0
2016-05-16,31.5,32.17,31.5,31.74,26.7622259696459,397958,0.0,1.0
2016-05-13,31.91,32.33,31.33,31.36,26.4418212478921,188495,0.0,1.0
2016-05-12,32.22,32.43,31.38,32.0,26.9814502529511,234015,0.0,1.0
2016-05-11,32.64,32.83,32.04,32.09,27.0573355817875,226394,0.0,1.0
2016-05-10,31.87,33.08,31.87,32.72,27.5885328836425,214281,0.0,1.0
2016-05-09,32.21,32.21,31.555,31.77,26.787521079258,234745,0.0,1.0
2016-05-06,31.88,32.59,31.82,32.42,27.3355817875211,229578,0.0,1.0
2016-05-05,32.52,32.7,31.9,32.0,26.9814502529511,302642,0.0,1.0
2016-05-04,32.78,33.18,32.175,32.34,27.2681281618887,276491,0.0,1.0
2016-05-03,33.5,33.92,32.63,32.89,27.7318718381113,177030,0.0,1.0
2016-05-02,33.81,34.05,33.145,33.95,28.6256323777403,260012,0.0,1.0
2016-04-29,33.25,34.03,33.08,33.72,28.4317032040472,253558,0.0,1.0
2016-04-28,33.91,33.91,33.15,33.23,28.0185497470489,261406,0.0,1.0
2016-04-27,33.85,34.29,33.46,33.95,28.6256323777403,240834,0.0,1.0
2016-04-26,33.13,33.91,32.99,33.85,28.5413153456998,187565,0.0,1.0
2016-04-25,33.72,33.83,32.83,33.09,27.9005059021922,197836,0.0,1.0
2016-04-22,33.73,34.1,33.71,33.89,28.575042158516,272268,0.0,1.0
2016-04-21,33.76,34.02,33.59,33.78,28.4822934232715,263367,0.0,1.0
2016-04-20,33.4,34.05,33.2,33.75,28.4569983136594,208754,0.0,1.0
2016-04-19,33.01,33.49,33.01,33.41,28.1703204047218,173301,0.0,1.0
2016-04-18,32.63,33.11,32.14,32.9,27.7403035413153,228896,0.0,1.0
2016-04-15,32.67,33.04,32.67,32.84,27.6897133220911,167923,0.0,1.0
2016-04-14,32.8,32.96,32.59,32.85,27.6981450252951,172292,0.0,1.0
2016-04-13,31.99,32.83,31.7801,32.81,27.6644182124789,264325,0.0,1.0
2016-04-12,31.77,31.9,30.96,31.78,26.7959527824621,289786,0.0,1.0
2016-04-11,31.85,32.07,31.36,31.65,26.6863406408094,266779,0.0,1.0
2016-04-08,31.9,32.375,31.52,31.84,26.8465430016863,337070,0.0,1.0
2016-04-07,31.69,32.12,30.42,31.57,26.6188870151771,286255,0.0,1.0
2016-04-06,31.66,32.0,31.44,31.99,26.973018549747,335000,0.0,1.0
2016-04-05,31.74,32.29,31.57,31.7,26.7284991568297,447907,0.0,1.0
2016-04-04,32.39,32.46,31.99,32.09,27.0573355817875,245724,0.0,1.0
2016-04-01,31.95,32.39,31.68,32.36,27.2849915682968,579008,0.0,1.0
2016-03-31,32.62,32.84,32.11,32.14,27.0994940978078,270055,0.0,1.0
2016-03-30,32.57,32.91,32.38,32.55,27.4451939291737,268671,0.0,1.0
2016-03-29,31.61,32.585,30.9,32.45,27.3608768971332,403936,0.0,1.0
2016-03-28,31.94,32.02,31.41,31.78,26.7959527824621,181430,0.0,1.0
2016-03-24,31.29,31.89,30.93,31.88,26.8802698145025,157461,0.0,1.0
2016-03-23,32.68,33.01,31.306,31.6,26.6441821247892,219170,0.0,1.0
2016-03-22,32.54,33.39,32.37,32.86,27.7065767284992,255705,0.0,1.0
2016-03-21,32.46,33.14,32.38,32.77,27.6306913996627,330003,0.0,1.0
2016-03-18,32.02,32.64,31.44,32.59,27.4789207419899,713258,0.0,1.0
2016-03-17,30.55,31.98,29.84,31.89,26.8887015177066,397981,0.0,1.0
2016-03-16,29.3,30.44,28.94,30.21,25.4721753794266,457725,0.0,1.0
2016-03-15,29.29,29.67,28.84,29.41,24.7976391231029,237496,0.0,1.0
2016-03-14,29.38,29.64,29.12,29.5,24.8735244519393,208678,0.0,1.0
2016-03-11,28.62,29.44,28.255,29.44,24.822934232715,250193,0.0,1.0
2016-03-10,29.31,29.31,28.13,28.51,24.0387858347386,388354,0.0,1.0
2016-03-09,28.92,29.39,28.69,29.29,24.6964586846543,386001,0.0,1.0
2016-03-08,30.39,30.61,28.5,28.74,24.2327150084317,750625,0.0,1.0
2016-03-07,30.37,30.945,30.26,30.88,26.0370994940978,668285,0.0,1.0
2016-03-04,30.14,30.65,30.045,30.51,25.7251264755481,609487,0.0,1.0
2016-03-03,29.35,30.41,29.245,29.97,25.2698145025295,463358,0.0,1.0
2016-03-02,28.08,29.4951,26.1858,29.36,24.7554806070826,587272,0.0,1.0
2016-03-01,28.18,28.24,27.39,28.16,23.743676222597,550153,0.0,1.0
2016-02-29,27.81,28.59,27.81,27.99,23.6003372681282,433058,0.0,1.0
2016-02-26,27.98,28.56,27.28,27.74,23.389544688027,411961,0.0,1.0
2016-02-25,28.08,28.935,27.8,27.82,23.4569983136594,327845,0.0,1.0
2016-02-24,27.69,28.16,26.725,28.1,23.6930860033727,248910,0.0,1.0
2016-02-23,27.71,28.8151,27.71,28.03,23.6340640809444,405604,0.0,1.0
2016-02-22,27.5,28.78,27.36,27.88,23.5075885328836,787136,0.0,1.0
2016-02-19,27.74,27.74,26.68,27.13,22.8752107925801,266811,0.0,1.0
2016-02-18,28.72,29.47,27.64,27.87,23.4991568296796,451161,0.0,1.0
2016-02-17,27.89,29.26,27.85,28.91,24.3760539629005,561875,0.0,1.0
2016-02-16,27.26,27.78,26.44,27.66,23.3220910623946,304040,0.0,1.0
2016-02-12,26.71,27.5,26.31,26.99,22.7571669477234,163852,0.0,1.0
2016-02-11,26.56,27.07,25.33,26.37,22.2344013490725,241538,0.0,1.0
2016-02-10,27.55,28.07,26.88,27.09,22.8414839797639,331786,0.0,1.0
2016-02-09,27.35,27.88,26.97,27.45,23.1450252951096,384587,0.0,1.0
2016-02-08,28.0,28.38,27.41,27.73,23.3811129848229,263484,0.0,1.0
2016-02-05,28.95,29.21,28.27,28.28,23.8448566610455,253237,0.0,1.0
2016-02-04,27.86,29.85,27.82,29.11,24.5446880269815,308767,0.0,1.0
2016-02-03,27.38,28.09,26.75,27.81,23.4485666104553,276732,0.0,1.0
2016-02-02,28.24,28.4988,27.06,27.11,22.858347386172,316907,0.0,1.0
2016-02-01,28.95,29.25,28.29,28.49,24.0219224283305,303380,0.0,1.0
2016-01-29,28.27,29.31,28.27,29.23,24.64586846543,644849,0.0,1.0
2016-01-28,26.62,28.69,25.78,28.27,23.8364249578415,443122,0.0,1.0
2016-01-27,28.52,28.875,27.92,28.4,23.9460370994941,439038,0.0,1.0
2016-01-26,27.74,29.01,27.72,28.62,24.1315345699831,320138,0.0,1.0
2016-01-25,27.85,28.06,27.52,27.65,23.3136593591906,322979,0.0,1.0
2016-01-22,28.05,28.76,27.54,28.04,23.6424957841484,305855,0.0,1.0
2016-01-21,27.14,28.15,26.59,27.69,23.3473861720067,489136,0.0,1.0
2016-01-20,25.9,27.45,25.5,27.15,22.8920741989882,408637,0.0,1.0
2016-01-19,27.6,27.75,26.23,26.27,22.150084317032,537655,0.0,1.0
2016-01-15,27.75,28.0,26.91,27.27,22.9932546374368,489244,0.0,1.0
2016-01-14,27.95,28.61,27.46,28.49,24.0219224283305,335099,0.0,1.0
2016-01-13,28.27,28.49,27.49,27.81,23.4485666104553,478668,0.0,1.0
2016-01-12,28.8,28.96,27.715,28.13,23.7183811129848,542863,0.0,1.0
2016-01-11,27.93,28.805,27.84,28.6,24.114671163575,467737,0.0,1.0
2016-01-08,28.91,29.175,27.655,27.66,23.3220910623946,513712,0.0,1.0
2016-01-07,29.26,29.455,28.71,28.76,24.2495784148398,340966,0.0,1.0
2016-01-06,29.86,29.86,29.2,29.3,24.7048903878583,376017,0.0,1.0
2016-01-05,30.4,30.87,29.97,30.25,25.5059021922428,302696,0.0,1.0
2016-01-04,30.48,30.67,30.0,30.42,25.6492411467116,577601,0.0,1.0
2015-12-31,30.85,31.07,30.33,30.79,25.9612141652614,419697,0.0,1.0
2015-12-30,31.33,31.64,30.88,30.9,26.0539629005059,258091,0.0,1.0
2015-12-29,31.18,31.47,30.92,31.36,26.4418212478921,325837,0.0,1.0
2015-12-28,32.0,32.0,30.62,30.95,26.0961214165261,356109,0.0,1.0
2015-12-24,32.1,32.4,31.97,32.18,27.1332209106239,143523,0.0,1.0
2015-12-23,30.92,32.07,30.51,32.04,27.0151770657673,610362,0.0,1.0
2015-12-22,31.04,31.615,30.33,30.82,25.9865092748735,487182,0.0,1.0
2015-12-21,31.06,31.64,30.7911,31.07,26.1973018549747,385291,0.0,1.0
2015-12-18,31.49,31.6,30.85,30.98,26.1214165261383,840253,0.0,1.0
2015-12-17,31.94,31.94,31.28,31.49,26.5514333895447,1028255,0.0,1.0
2015-12-16,30.82,31.95,30.82,31.76,26.779089376054,590515,0.0,1.0
2015-12-15,31.62,31.89,30.97,31.07,26.1973018549747,549141,0.0,1.0
2015-12-14,32.53,32.69,31.395,31.57,26.6188870151771,381660,0.0,1.0
2015-12-11,32.3,32.8,32.27,32.48,27.3861720067454,561819,0.0,1.0
2015-12-10,31.36,32.83,31.34,32.79,27.6475548060708,583798,0.0,1.0
2015-12-09,32.46,32.69,31.17,31.27,26.3659359190557,649909,0.0,1.0
2015-12-08,32.6,32.96,32.27,32.55,27.4451939291737,402189,0.0,1.0
2015-12-07,33.04,33.21,32.76,33.01,27.8330522765599,424049,0.0,1.0
2015-12-04,33.17,33.5,32.84,32.98,27.8077571669477,655048,0.0,1.0
2015-12-03,33.7,34.03,33.0,33.12,27.9258010118044,1132061,0.0,1.0
2015-12-02,33.98,34.18,33.0,33.07,27.8836424957842,589515,0.0,1.0
2015-12-01,30.17,32.95,30.17,32.89,27.7318718381113,1020712,0.0,1.0
2015-11-30,31.88,32.5,31.81,32.1,27.0657672849916,688029,0.0,1.0
2015-11-27,31.94,31.99,31.725,31.9,26.8971332209106,197974,0.0,1.0
2015-11-25,32.04,32.04,31.7601,31.99,26.973018549747,392038,0.0,1.0
2015-11-24,31.71,32.16,31.55,31.97,26.956155143339,643535,0.0,1.0
2015-11-23,30.57,31.8,30.5,31.76,26.779089376054,641828,0.0,1.0
2015-11-20,30.35,30.9,29.87,30.78,25.9527824620573,533657,0.0,1.0
2015-11-19,30.27,30.6,28.4,30.23,25.4890387858347,487721,0.0,1.0
2015-11-18,29.01,31.0,28.35,30.53,25.7419898819562,1249760,0.0,1.0
2015-11-17,31.01,31.78,30.81,31.25,26.3490725126476,643691,0.0,1.0
2015-11-16,31.05,31.29,30.675,31.2,26.3069139966273,768079,0.0,1.0
2015-11-13,32.1,32.11,30.59,31.28,26.3743676222597,1349977,0.0,1.0
2015-11-12,37.86,38.44,31.36,32.11,27.0741989881956,5737051,0.0,1.0
2015-11-11,39.96,40.2199,38.95,39.0,32.8836424957842,181436,0.0,1.0
2015-11-10,40.32,40.59,39.64,39.84,33.5919055649241,209957,0.0,1.0
2015-11-09,40.38,40.61,40.07,40.35,34.0219224283305,214907,0.0,1.0
2015-11-06,40.3,40.7,39.96,40.53,34.1736930860034,339405,0.0,1.0
2015-11-05,40.52,40.71,40.19,40.6,34.2327150084317,268944,0.0,1.0
2015-11-04,40.64,41.0,40.42,40.47,34.1231028667791,290589,0.0,1.0
2015-11-03,40.2,40.97,39.91,40.62,34.2495784148398,397093,0.0,1.0
2015-11-02,39.04,40.34,39.04,40.16,33.8617200674536,260376,0.0,1.0
2015-10-30,38.84,39.25,38.75,39.11,32.9763912310287,270850,0.0,1.0
2015-10-29,37.86,38.98,37.7301,38.75,32.672849915683,189155,0.0,1.0
2015-10-28,37.18,38.24,36.81,38.01,32.0489038785835,422948,0.0,1.0
2015-10-27,37.04,37.22,36.808,37.1,31.2816188870152,378755,0.0,1.0
2015-10-26,37.45,37.81,37.27,37.31,31.4586846543002,341717,0.0,1.0
2015-10-23,38.69,38.73,36.57,37.45,31.5767284991568,1037751,0.0,1.0
2015-10-22,38.9,39.575,38.79,39.27,33.1112984822934,328258,0.0,1.0
2015-10-21,39.06,39.21,38.61,38.79,32.7065767284992,337822,0.0,1.0
2015-10-20,38.08,39.11,37.9874,39.0,32.8836424957842,238558,0.0,1.0
2015-10-19,38.25,38.365,37.99,38.12,32.141652613828,232993,0.0,1.0
2015-10-16,39.04,39.21,38.25,38.54,32.495784148398,197785,0.0,1.0
2015-10-15,38.64,39.05,38.35,39.04,32.9173693086003,161641,0.0,1.0
2015-10-14,39.05,39.36,38.4,38.54,32.495784148398,199952,0.0,1.0
2015-10-13,39.1,39.57,38.95,38.96,32.849915682968,224844,0.0,1.0
2015-10-12,40.0,40.0,39.28,39.39,33.212478920742,212418,0.0,1.0
2015-10-09,39.52,39.91,39.37,39.85,33.6003372681282,230879,0.0,1.0
2015-10-08,38.54,39.5,38.17,39.46,33.2715008431703,393434,0.0,1.0
2015-10-07,36.73,38.3295,36.73,38.01,32.0489038785835,659392,0.0,1.0
2015-10-06,35.78,36.6999,35.78,36.57,30.8347386172007,368468,0.0,1.0
2015-10-05,35.42,35.86,35.35,35.81,30.1939291736931,426572,0.0,1.0
2015-10-02,34.95,35.26,34.58,35.26,29.7301854974705,374502,0.0,1.0
2015-10-01,35.66,35.82,34.64,35.01,29.5193929173693,699206,0.0,1.0
2015-09-30,35.93,35.94,35.55,35.74,30.1349072512648,494118,0.0,1.0
2015-09-29,35.61,35.9,35.32,35.68,30.0843170320405,345702,0.0,1.0
2015-09-28,35.92,36.04,35.7,35.7,30.1011804384486,295701,0.0,1.0
2015-09-25,36.77,36.77,35.94,36.02,30.3709949409781,367971,0.0,1.0
2015-09-24,36.8,36.8,36.13,36.5,30.7757166947723,373350,0.0,1.0
2015-09-23,37.36,37.37,36.41,36.99,31.1888701517707,374287,0.0,1.0
2015-09-22,37.7,37.94,36.66,37.39,31.5261382799325,496747,0.0,1.0
2015-09-21,38.16,38.32,37.83,38.0,32.0404721753794,366376,0.0,1.0
2015-09-18,37.95,38.14,37.9,38.04,32.0741989881956,594695,0.0,1.0
2015-09-17,38.39,38.61,38.14,38.35,32.3355817875211,338631,0.0,1.0
2015-09-16,38.2,38.54,38.14,38.33,32.318718381113,197428,0.0,1.0
2015-09-15,38.4,38.41,37.96,38.18,32.1922428330523,355824,0.0,1.0
2015-09-14,38.33,38.49,37.84,38.4,32.3777403035413,436752,0.0,1.0
2015-09-11,38.5,38.89,37.84,38.3,32.2934232715008,465090,0.0,1.0
2015-09-10,38.59,39.19,38.5801,38.73,32.6559865092749,254487,0.0,1.0
2015-09-09,39.2,39.6323,38.54,38.58,32.5295109612142,384112,0.0,1.0
2015-09-08,38.57,39.1,38.24,38.93,32.8246205733558,729609,0.0,1.0
2015-09-04,38.47,38.49,37.9,38.15,32.1669477234401,342572,0.0,1.0
2015-09-03,38.64,39.2,38.51,38.73,32.6559865092749,255733,0.0,1.0
2015-09-02,38.36,38.7,37.96,38.65,32.5885328836425,321170,0.0,1.0
2015-09-01,38.51,38.795,37.87,38.05,32.0826306913997,516157,0.0,1.0
2015-08-31,39.02,39.52,38.84,39.1,32.9679595278246,752984,0.0,1.0
2015-08-28,38.94,39.5599,38.77,39.14,33.0016863406408,694622,0.0,1.0
2015-08-27,38.89,39.54,38.5,39.18,33.035413153457,693593,0.0,1.0
2015-08-26,38.84,38.958,37.37,38.64,32.5801011804384,917602,0.0,1.0
2015-08-25,37.0,40.1,34.721,38.38,32.3608768971332,1305660,0.0,1.0
2015-08-24,34.78,37.15,34.19,35.95,30.3119730185498,781364,0.0,1.0
2015-08-21,37.03,37.44,36.727,36.91,31.1214165261383,831105,0.0,1.0
2015-08-20,38.0,38.23,37.365,37.46,31.5851602023609,1110110,0.0,1.0
2015-08-19,38.51,38.6,38.03,38.1,32.1247892074199,523109,0.0,1.0
2015-08-18,39.31,39.38,38.45,38.6,32.5463743676223,420746,0.0,1.0
2015-08-17,39.7,40.107,39.17,39.56,33.3558178752108,877838,0.0,1.0
2015-08-14,38.66,39.09,38.63,38.92,32.8161888701518,268085,0.0,1.0
2015-08-13,38.85,39.08,38.72,38.86,32.7655986509275,397477,0.0,1.0
2015-08-12,38.3,38.92,38.12,38.82,32.7318718381113,273998,0.0,1.0
2015-08-11,38.17,38.61,38.06,38.51,32.4704890387858,390863,0.0,1.0
2015-08-10,38.49,39.305,38.3101,38.78,32.6981450252951,653268,0.0,1.0
2015-08-07,38.98,39.28,37.92,38.24,32.2428330522766,674773,0.0,1.0
2015-08-06,39.38,39.59,38.94,39.17,33.026981450253,369886,0.0,1.0
2015-08-05,39.27,40.09,39.26,39.33,33.1618887015177,355740,0.0,1.0
2015-08-04,39.46,39.77,39.2,39.3,33.1365935919056,311795,0.0,1.0
2015-08-03,39.28,39.61,39.02,39.38,33.2040472175379,461841,0.0,1.0
2015-07-31,39.36,39.66,39.1,39.28,33.1197301854975,416052,0.0,1.0
2015-07-30,39.75,39.83,39.03,39.22,33.0691399662732,771867,0.0,1.0
2015-07-29,39.37,39.87,39.345,39.72,33.4907251264755,700114,0.0,1.0
2015-07-28,39.29,39.7,38.95,39.42,33.2377740303541,640076,0.0,1.0
2015-07-27,39.22,39.58,38.6,39.18,33.035413153457,710057,0.0,1.0
2015-07-24,39.56,39.89,39.38,39.4,33.220910623946,569077,0.0,1.0
2015-07-23,40.47,40.6,39.69,39.72,33.4907251264755,414839,0.0,1.0
2015-07-22,41.39,41.39,40.39,40.52,34.1652613827993,572583,0.0,1.0
2015-07-21,42.67,42.72,41.25,41.42,34.9241146711636,354772,0.0,1.0
2015-07-20,42.83,43.06,42.63,42.82,36.1045531197302,206476,0.0,1.0
2015-07-17,43.1,43.1,42.33,42.91,36.1804384485666,295877,0.0,1.0
2015-07-16,43.28,43.52,43.0,43.19,36.4165261382799,306686,0.0,1.0
2015-07-15,43.31,43.45,42.9001,43.16,36.3912310286678,376512,0.0,1.0
2015-07-14,42.61,43.54,42.42,43.45,36.6357504215852,461457,0.0,1.0
2015-07-13,42.08,42.63,42.0,42.48,35.8178752107926,261386,0.0,1.0
2015-07-10,41.52,42.09,41.29,42.01,35.4215851602024,348954,0.0,1.0
2015-07-09,41.59,41.6999,40.93,41.32,34.8397976391231,420412,0.0,1.0
2015-07-08,42.0,42.14,40.5,41.24,34.7723440134907,707706,0.0,1.0
2015-07-07,42.96,43.0,41.93,42.25,35.6239460370995,448556,0.0,1.0
2015-07-06,43.47,43.68,42.9575,43.11,36.3490725126476,450144,0.0,1.0
2015-07-02,44.1,44.1399,43.57,43.78,36.9139966273187,390913,0.0,1.0
2015-07-01,44.25,44.8399,43.62,44.0,37.0994940978078,517090,0.0,1.0
2015-06-30,44.06,44.28,43.89,44.13,37.2091062394604,415338,0.0,1.0
2015-06-29,44.59,44.8,43.96,44.0,37.0994940978078,435387,0.0,1.0
2015-06-26,44.37,44.99,44.34,44.86,37.8246205733558,5824165,0.0,1.0
2015-06-25,44.33,44.52,43.92,43.98,37.0826306913997,243525,0.0,1.0
2015-06-24,44.61,44.61,44.05,44.12,37.2006745362563,356741,0.0,1.0
2015-06-23,44.18,44.655,43.9,44.53,37.5463743676223,449875,0.0,1.0
2015-06-22,43.99,44.21,43.575,44.07,37.1585160202361,450423,0.0,1.0
2015-06-19,44.1,44.39,43.59,43.66,36.8128161888702,507437,0.0,1.0
2015-06-18,44.04,44.32,43.68,44.09,37.1753794266442,208345,0.0,1.0
2015-06-17,44.45,44.68,43.55,43.89,37.0067453625632,230512,0.0,1.0
2015-06-16,44.74,45.05,44.26,44.41,37.4451939291737,467363,0.0,1.0
2015-06-15,44.86,45.04,44.02,44.88,37.8414839797639,422463,0.0,1.0
2015-06-12,44.46,44.94,44.2425,44.8,37.7740303541315,358298,0.0,1.0
2015-06-11,44.46,44.66,43.9,44.36,37.4030354131535,329968,0.0,1.0
2015-06-10,43.3,44.49,43.25,44.41,37.4451939291737,369904,0.0,1.0
2015-06-09,42.83,43.15,42.66,43.13,36.3659359190557,208560,0.0,1.0
2015-06-08,42.38,43.01,42.12,42.66,35.9696458684654,328589,0.0,1.0
2015-06-05,42.62,42.994,41.45,42.37,35.7251264755481,854864,0.0,1.0
2015-06-04,43.8,44.7,42.49,42.63,35.9443507588533,695653,0.0,1.0
2015-06-03,43.92,44.84,43.92,44.7,37.6897133220911,686679,0.0,1.0
2015-06-02,43.96,44.2,43.79,43.97,37.0741989881956,182379,0.0,1.0
2015-06-01,44.05,44.05,43.44,43.96,37.0657672849916,325515,0.0,1.0
2015-05-29,43.25,44.11,43.05,43.84,36.964586846543,371782,0.0,1.0
2015-05-28,43.76,43.805,42.67,43.25,36.4671163575042,404362,0.0,1.0
2015-05-27,44.6,44.72,43.5,43.8,36.9308600337268,367498,0.0,1.0
2015-05-26,44.39,44.55,44.03,44.4,37.4367622259696,266585,0.0,1.0
2015-05-22,44.67,45.1,44.12,44.39,37.4283305227656,280475,0.0,1.0
2015-05-21,44.7,44.91,44.13,44.6,37.6053962900506,415490,0.0,1.0
2015-05-20,45.36,46.16,44.5,44.7,37.6897133220911,1049056,0.0,1.0
2015-05-19,44.85,45.0,44.5,44.7,37.6897133220911,689175,0.0,1.0
2015-05-18,45.15,45.404,44.64,44.65,37.6475548060708,458652,0.0,1.0
2015-05-15,44.61,44.7499,44.07,44.5,37.5210792580101,474062,0.0,1.0
2015-05-14,44.48,44.76,44.16,44.43,37.4620573355818,232681,0.0,1.0
2015-05-13,44.49,44.49,43.77,44.23,37.2934232715008,342380,0.0,1.0
2015-05-12,43.44,44.05,42.75,43.94,37.0489038785835,431977,0.0,1.0
2015-05-11,44.29,44.29,42.86,42.91,36.1804384485666,695282,0.0,1.0
2015-05-08,41.88,42.37,41.23,41.9,35.3288364249578,260316,0.0,1.0
2015-05-07,41.29,41.8,41.05,41.56,35.0421585160202,199264,0.0,1.0
2015-05-06,41.58,41.58,41.05,41.29,34.814502529511,523026,0.0,1.0
2015-05-05,41.62,42.18,41.19,41.4,34.9072512647555,370318,0.0,1.0
2015-05-04,41.67,41.96,41.54,41.69,35.1517706576728,262312,0.0,1.0
2015-05-01,42.16,42.265,41.37,41.71,35.1686340640809,415037,0.0,1.0
2015-04-30,41.08,42.02,41.08,41.91,35.3372681281619,867820,0.0,1.0
2015-04-29,40.75,41.37,40.69,41.24,34.7723440134907,387573,0.0,1.0
2015-04-28,40.14,41.04,39.77,40.96,34.5362563237774,276957,0.0,1.0
2015-04-27,41.68,41.85,40.1,40.18,33.8785834738617,574758,0.0,1.0
2015-04-24,42.5,42.63,41.41,41.75,35.2023608768971,520649,0.0,1.0
2015-04-23,41.56,42.52,41.42,42.37,35.7251264755481,643442,0.0,1.0
2015-04-22,41.87,42.0,41.48,41.67,35.1349072512648,408819,0.0,1.0
2015-04-21,42.27,42.6,41.7,41.78,35.2276559865093,273814,0.0,1.0
2015-04-20,42.66,43.0,42.05,42.31,35.6745362563238,657248,0.0,1.0
2015-04-17,43.27,43.27,42.5,42.58,35.9021922428331,396818,0.0,1.0
2015-04-16,42.94,43.58,42.27,43.48,36.6610455311973,879167,0.0,1.0
2015-04-15,41.38,43.35,41.1,43.14,36.3743676222597,1085455,0.0,1.0
2015-04-14,40.45,41.4,40.322,41.12,34.6711635750422,478783,0.0,1.0
2015-04-13,40.0,40.8,40.0,40.6,34.2327150084317,568764,0.0,1.0
2015-04-10,39.98,40.18,39.61,39.81,33.566610455312,408318,0.0,1.0
2015-04-09,39.71,40.0,39.22,39.8,33.5581787521079,490507,0.0,1.0
2015-04-08,40.19,40.45,39.52,39.74,33.5075885328836,805556,0.0,1.0
2015-04-07,40.49,41.14,40.02,40.29,33.9713322091062,642488,0.0,1.0
2015-04-06,39.28,40.29,39.28,40.03,33.752107925801,572444,0.0,1.0
2015-04-02,38.15,39.88,38.15,39.44,33.2546374367622,408954,0.0,1.0
2015-04-01,38.64,39.79,38.385,39.52,33.3220910623946,430539,0.0,1.0
2015-03-31,38.11,38.8,38.11,38.54,32.495784148398,1093267,0.0,1.0
2015-03-30,38.81,38.92,38.09,38.46,32.4283305227656,522782,0.0,1.0
2015-03-27,38.55,39.9897,38.5,38.79,32.7065767284992,295708,0.0,1.0
2015-03-26,38.98,39.41,38.5,38.67,32.6053962900506,278799,0.0,1.0
2015-03-25,39.69,39.75,38.95,39.05,32.9258010118044,305802,0.0,1.0
2015-03-24,39.85,39.97,39.51,39.65,33.4317032040472,358342,0.0,1.0
2015-03-23,39.79,39.92,39.45,39.85,33.6003372681282,291859,0.0,1.0
2015-03-20,39.85,40.26,39.19,39.79,33.5497470489039,1482010,0.0,1.0
2015-03-19,40.02,40.48,39.55,39.69,33.4654300168634,324142,0.0,1.0
2015-03-18,39.11,40.3495,38.91,40.12,33.8279932546374,500537,0.0,1.0
2015-03-17,39.27,40.23,39.14,39.51,33.3136593591906,639891,0.0,1.0
2015-03-16,39.93,40.2799,39.3,39.63,33.4148397976391,506989,0.0,1.0
2015-03-13,40.17,40.29,39.5001,39.77,33.5328836424958,344693,0.0,1.0
2015-03-12,41.15,41.27,40.01,40.11,33.8195615514334,535239,0.0,1.0
2015-03-11,39.97,41.15,39.81,40.99,34.5615514333895,533136,0.0,1.0
2015-03-10,40.5,40.5,39.87,39.99,33.7183811129848,502220,0.0,1.0
2015-03-09,40.94,41.22,40.71,40.89,34.4772344013491,406878,0.0,1.0
2015-03-06,40.78,41.345,40.54,41.01,34.5784148397976,595350,0.0,1.0
2015-03-05,40.92,41.11,40.4,40.93,34.5109612141653,756046,0.0,1.0
2015-03-04,40.7,41.184,40.28,40.92,34.5025295109612,400518,0.0,1.0
2015-03-03,40.33,40.99,40.276,40.92,34.5025295109612,556105,0.0,1.0
2015-03-02,39.94,40.895,39.84,40.5,34.1483979763912,465620,0.0,1.0
2015-02-27,40.32,40.53,39.81,39.94,33.6762225969646,487121,0.0,1.0
2015-02-26,41.05,41.226,40.49,40.53,34.1736930860034,1024193,0.0,1.0
2015-02-25,39.52,41.24,39.52,41.15,34.6964586846543,829775,0.0,1.0
2015-02-24,40.13,40.88,39.97,40.37,34.0387858347386,999002,0.0,1.0
2015-02-23,38.96,40.9899,37.73,40.24,33.929173693086,1790632,0.0,1.0
2015-02-20,39.11,39.49,38.85,39.28,33.1197301854975,917456,0.0,1.0
2015-02-19,38.83,39.46,38.51,39.09,32.9595278246206,1477422,0.0,1.0
2015-02-18,38.88,39.48,38.73,39.2,33.0522765598651,797256,0.0,1.0
2015-02-17,38.65,39.74,38.422,39.08,32.9510961214165,535876,0.0,1.0
2015-02-13,38.16,38.59,37.93,38.49,32.4536256323777,1052547,0.0,1.0
2015-02-12,39.23,39.27,38.2,38.55,32.504215851602,885885,0.0,1.0
2015-02-11,38.5,38.72,38.03,38.42,32.3946037099494,630914,0.0,1.0
2015-02-10,38.86,39.14,38.27,38.5,32.4620573355818,1448976,0.0,1.0
2015-02-09,38.95,39.45,38.67,38.96,32.849915682968,1051915,0.0,1.0
2015-02-06,38.47,39.13,37.1,38.98,32.8667790893761,2221133,0.0,1.0
2015-02-05,39.83,40.33,38.19,38.62,32.5632377740304,1758997,0.0,1.0
2015-02-04,40.35,41.62,39.61,39.82,33.575042158516,774718,0.0,1.0
2015-02-03,39.84,40.94,39.45,40.7,34.3170320404722,1581402,0.0,1.0
2015-02-02,39.59,40.61,39.352,39.7,33.4738617200675,689004,0.0,1.0
2015-01-30,39.3,40.1899,38.49,39.31,33.1450252951096,740448,0.0,1.0
2015-01-29,38.93,39.7,38.51,39.61,33.397976391231,835442,0.0,1.0
2015-01-28,38.25,39.49,38.08,39.0,32.8836424957842,1061877,0.0,1.0
2015-01-27,38.42,38.61,37.93,38.35,32.3355817875211,733602,0.0,1.0
2015-01-26,38.16,39.0,37.84,38.87,32.7740303541315,563175,0.0,1.0
2015-01-23,38.86,38.94,37.8928,38.26,32.2596964586847,844709,0.0,1.0
2015-01-22,38.1,39.0,37.84,38.86,32.7655986509275,1026246,0.0,1.0
2015-01-21,37.36,38.77,37.114,38.04,32.0741989881956,1164338,0.0,1.0
2015-01-20,38.29,38.55,37.15,37.34,31.4839797639123,1444124,0.0,1.0
2015-01-16,38.93,39.05,37.58,38.27,32.2681281618887,2147607,0.0,1.0
2015-01-15,39.74,40.45,38.61,39.08,32.9510961214165,776722,0.0,1.0
2015-01-14,38.79,39.14,38.03,38.89,32.7908937605396,1246151,0.0,1.0
2015-01-13,40.45,41.05,38.8801,39.2,33.0522765598651,1396952,0.0,1.0
2015-01-12,41.16,41.49,40.24,40.42,34.0809443507589,767436,0.0,1.0
2015-01-09,41.28,41.71,39.9189,41.29,34.814502529511,1366435,0.0,1.0
2015-01-08,41.3,41.98,40.8901,41.65,35.1180438448567,1826369,0.0,1.0
2015-01-07,40.8,41.5,39.75,40.46,34.114671163575,1649664,0.0,1.0
2015-01-06,40.5,41.43,40.09,40.81,34.4097807757167,901637,0.0,1.0
2015-01-05,40.0,40.84,39.76,40.63,34.2580101180438,1076739,0.0,1.0
2015-01-02,41.32,41.5,39.532,40.22,33.9123102866779,1381140,0.0,1.0
2014-12-31,41.56,42.17,40.7701,41.25,34.7807757166948,673769,0.0,1.0
2014-12-30,40.73,41.49,40.0,41.44,34.9409780775717,1313777,0.0,1.0
2014-12-29,40.44,40.99,40.11,40.8,34.4013490725126,1340308,0.0,1.0
2014-12-26,40.25,41.4899,39.51,40.78,34.3844856661046,1315874,0.0,1.0
2014-12-24,41.15,41.95,40.9,41.11,34.6627318718381,739258,0.0,1.0
2014-12-23,41.66,42.99,41.0,41.78,35.2276559865093,1651619,0.0,1.0
2014-12-22,42.96,43.36,41.81,42.26,35.6323777403035,1178837,0.0,1.0
2014-12-19,43.06,43.5,41.6,42.74,36.0370994940978,2060622,0.0,1.0
2014-12-18,41.56,43.84,41.56,42.69,35.9949409780776,1817232,0.0,1.0
2014-12-17,41.0,42.93,38.95,42.45,35.7925801011804,3270912,0.0,1.0
2014-12-16,43.34,43.34,40.57,41.06,34.6205733558179,1430776,0.0,1.0
2014-12-15,44.65,44.65,42.0,42.69,35.9949409780776,173787,0.0,1.0
2014-12-12,42.95,45.22,39.96,42.8,36.0876897133221,651370,0.0,1.0
2014-12-11,44.19,44.6,42.17,43.0,36.256323777403,457891,0.0,1.0
2014-12-10,45.65,46.185,43.38,43.6,36.7622259696459,715268,0.0,1.0
2014-12-09,45.96,46.46,45.12,45.64,38.4822934232715,115554,0.0,1.0
2014-12-08,46.5,46.5,45.5,45.52,38.3811129848229,1240088,0.0,1.0
2014-12-05,46.15,46.29,45.11,46.04,38.8195615514334,288814,0.0,1.0
2014-12-04,47.0,47.25,46.0,46.26,39.0050590219224,1607296,0.0,1.0
2014-12-03,47.0,50.0,45.0,47.04,39.6627318718381,2961299,0.0,1.0
