,QHC_Open,QHC_High,QHC_Low,QHC_Close,QHC_Adj Close,QHC_Volume,QHC_Dividend Amount,QHC_Split Coefficient
2020-04-07,0.304,0.304,0.304,0.304,0.304,0,0.0,1.0
2020-04-06,0.31,0.3452,0.2862,0.3044,0.3044,365299,0.0,1.0
2020-04-03,0.41,0.41,0.223,0.3021,0.3021,1133643,0.0,1.0
2020-04-02,0.4568,0.4859,0.4,0.4,0.4,185068,0.0,1.0
2020-04-01,0.4531,0.4807,0.42,0.4351,0.4351,117861,0.0,1.0
2020-03-31,0.452,0.58,0.39,0.4516,0.4516,441738,0.0,1.0
2020-03-30,0.64,0.8685,0.52,0.53,0.53,545681,0.0,1.0
2020-03-27,0.65,0.671,0.55,0.6,0.6,153709,0.0,1.0
2020-03-26,0.62,0.7,0.6,0.6431,0.6431,301210,0.0,1.0
2020-03-25,0.56,0.6,0.5,0.6,0.6,221752,0.0,1.0
2020-03-24,0.45,0.58,0.45,0.4901,0.4901,474538,0.0,1.0
2020-03-23,0.44,0.5351,0.44,0.48,0.48,186872,0.0,1.0
2020-03-20,0.3,0.5299,0.3,0.4,0.4,388931,0.0,1.0
2020-03-19,0.44,0.56,0.42,0.5459,0.5459,339958,0.0,1.0
2020-03-18,0.4073,0.59,0.4,0.5863,0.5863,601555,0.0,1.0
2020-03-17,0.49,0.49,0.42,0.42,0.42,76126,0.0,1.0
2020-03-16,0.48,0.48,0.4202,0.4665,0.4665,50493,0.0,1.0
2020-03-13,0.505,0.53,0.46,0.53,0.53,506689,0.0,1.0
2020-03-12,0.4,0.5299,0.33,0.45,0.45,1370800,0.0,1.0
2020-03-11,0.52,0.552,0.36,0.48,0.48,4645195,0.0,1.0
2020-03-10,1.05,1.11,1.01,1.0955,1.0955,179014,0.0,1.0
2020-03-09,1.05,1.09,0.9548,1.01,1.01,111139,0.0,1.0
2020-03-06,1.07,1.13,1.07,1.08,1.08,59592,0.0,1.0
2020-03-05,1.11,1.15,1.07,1.15,1.15,99101,0.0,1.0
2020-03-04,1.11,1.16,1.04,1.135,1.135,193695,0.0,1.0
2020-03-03,1.15,1.29,1.09,1.1,1.1,469056,0.0,1.0
2020-03-02,1.02,1.15,0.97,1.15,1.15,72341,0.0,1.0
2020-02-28,1.01,1.06,1.0,1.05,1.05,359800,0.0,1.0
2020-02-27,1.02,1.04,1.01,1.04,1.04,49508,0.0,1.0
2020-02-26,1.09,1.09,1.01,1.04,1.04,62829,0.0,1.0
2020-02-25,1.13,1.13,1.0352,1.06,1.06,112977,0.0,1.0
2020-02-24,1.15,1.17,1.12,1.15,1.15,104606,0.0,1.0
2020-02-21,1.16,1.17,1.134,1.16,1.16,51423,0.0,1.0
2020-02-20,1.07,1.17,1.07,1.16,1.16,133566,0.0,1.0
2020-02-19,1.01,1.13,1.01,1.09,1.09,78431,0.0,1.0
2020-02-18,1.03,1.08,0.9502,1.06,1.06,224779,0.0,1.0
2020-02-14,1.13,1.14,1.1,1.13,1.13,37468,0.0,1.0
2020-02-13,1.17,1.19,1.15,1.18,1.18,40817,0.0,1.0
2020-02-12,1.15,1.18,1.1111,1.15,1.15,35537,0.0,1.0
2020-02-11,1.19,1.2,1.1,1.12,1.12,110830,0.0,1.0
2020-02-10,1.13,1.18,1.13,1.16,1.16,52092,0.0,1.0
2020-02-07,1.15,1.18,1.1324,1.15,1.15,44053,0.0,1.0
2020-02-06,1.14,1.17,1.12,1.16,1.16,93462,0.0,1.0
2020-02-05,1.12,1.1242,1.085,1.12,1.12,86625,0.0,1.0
2020-02-04,1.09,1.13,1.06,1.08,1.08,55734,0.0,1.0
2020-02-03,1.14,1.15,1.1,1.1,1.1,29097,0.0,1.0
2020-01-31,1.14,1.15,1.1,1.13,1.13,52629,0.0,1.0
2020-01-30,1.1,1.14,1.1,1.14,1.14,86931,0.0,1.0
2020-01-29,1.11,1.13,1.1,1.12,1.12,54638,0.0,1.0
2020-01-28,1.11,1.15,1.0619,1.1,1.1,44852,0.0,1.0
2020-01-27,1.01,1.14,0.95,1.11,1.11,139020,0.0,1.0
2020-01-24,1.14,1.14,1.08,1.11,1.11,71182,0.0,1.0
2020-01-23,1.09,1.11,1.06,1.11,1.11,97710,0.0,1.0
2020-01-22,1.09,1.13,1.06,1.11,1.11,48109,0.0,1.0
2020-01-21,1.09,1.13,1.05,1.12,1.12,176421,0.0,1.0
2020-01-17,1.07,1.14,1.07,1.12,1.12,57843,0.0,1.0
2020-01-16,1.03,1.12,1.03,1.09,1.09,81742,0.0,1.0
2020-01-15,1.01,1.07,1.01,1.05,1.05,237027,0.0,1.0
2020-01-14,1.0,1.05,0.9692,1.0,1.0,138979,0.0,1.0
2020-01-13,0.9846,1.01,0.941,1.01,1.01,105465,0.0,1.0
2020-01-10,0.9588,1.04,0.92,0.9381,0.9381,522474,0.0,1.0
2020-01-09,0.9439,0.965,0.92,0.9514,0.9514,59644,0.0,1.0
2020-01-08,0.9417,0.965,0.91,0.95,0.95,157527,0.0,1.0
2020-01-07,0.95,0.97,0.9,0.9325,0.9325,138338,0.0,1.0
2020-01-06,0.9454,0.97,0.925,0.9416,0.9416,138588,0.0,1.0
2020-01-03,0.93,0.9733,0.93,0.9519,0.9519,67473,0.0,1.0
2020-01-02,0.93,0.9799,0.93,0.9526,0.9526,41717,0.0,1.0
2019-12-31,0.9337,0.97,0.93,0.9561,0.9561,169538,0.0,1.0
2019-12-30,0.97,0.9705,0.92,0.945,0.945,324154,0.0,1.0
2019-12-27,0.9127,0.9792,0.9127,0.9701,0.9701,249902,0.0,1.0
2019-12-26,0.95,0.96,0.925,0.9513,0.9513,123972,0.0,1.0
2019-12-24,0.93,0.98,0.9214,0.9526,0.9526,204242,0.0,1.0
2019-12-23,0.88,0.9496,0.88,0.9254,0.9254,308129,0.0,1.0
2019-12-20,0.8856,0.915,0.85,0.9026,0.9026,245981,0.0,1.0
2019-12-19,0.89,0.93,0.85,0.8825,0.8825,137403,0.0,1.0
2019-12-18,0.87,0.9446,0.87,0.92,0.92,184083,0.0,1.0
2019-12-17,0.8821,0.92,0.88,0.9087,0.9087,100549,0.0,1.0
2019-12-16,0.8723,0.92,0.86,0.918,0.918,232623,0.0,1.0
2019-12-13,0.8787,0.898,0.82,0.8723,0.8723,185531,0.0,1.0
2019-12-12,0.88,0.9,0.8531,0.878,0.878,218097,0.0,1.0
2019-12-11,0.9,0.9099,0.88,0.88,0.88,136698,0.0,1.0
2019-12-10,0.9226,0.9226,0.89,0.9,0.9,95785,0.0,1.0
2019-12-09,0.96,0.9799,0.88,0.9226,0.9226,563417,0.0,1.0
2019-12-06,0.9,0.955,0.896,0.94,0.94,625404,0.0,1.0
2019-12-05,0.85,0.907605,0.81,0.8937,0.8937,901781,0.0,1.0
2019-12-04,0.91,0.96,0.7205,0.85,0.85,926788,0.0,1.0
2019-12-03,0.75,0.95,0.69,0.8999,0.8999,2929165,0.0,1.0
2019-12-02,0.59,0.61,0.5378,0.5454,0.5454,453052,0.0,1.0
2019-11-29,0.57,0.61,0.57,0.5908,0.5908,100583,0.0,1.0
2019-11-27,0.58,0.59,0.57,0.5775,0.5775,75812,0.0,1.0
2019-11-26,0.58,0.595,0.56,0.58,0.58,269203,0.0,1.0
2019-11-25,0.5921,0.6146,0.5675,0.5713,0.5713,329318,0.0,1.0
2019-11-22,0.5675,0.5965,0.5675,0.57,0.57,707325,0.0,1.0
2019-11-21,0.6783,0.7,0.565,0.5651,0.5651,642030,0.0,1.0
2019-11-20,0.718,0.718,0.67,0.67,0.67,185106,0.0,1.0
2019-11-19,0.701,0.73,0.7,0.7,0.7,113088,0.0,1.0
2019-11-18,0.768,0.7776,0.74,0.7635,0.7635,130518,0.0,1.0
2019-11-15,0.83,0.869,0.72,0.7502,0.7502,237055,0.0,1.0
2019-11-14,0.7271,0.8399,0.72,0.8198,0.8198,374470,0.0,1.0
2019-11-13,0.7632,0.77,0.703,0.724,0.724,479793,0.0,1.0
2019-11-12,0.71,0.7135,0.6601,0.6749,0.6749,331371,0.0,1.0
2019-11-11,0.73,0.76,0.6748,0.6982,0.6982,391067,0.0,1.0
2019-11-08,0.95,1.0,0.66,0.7449,0.7449,1829236,0.0,1.0
2019-11-07,1.15,1.17,1.1,1.1,1.1,138645,0.0,1.0
2019-11-06,1.19,1.22,1.1,1.14,1.14,137971,0.0,1.0
2019-11-05,1.21,1.219,1.14,1.2,1.2,45634,0.0,1.0
2019-11-04,1.18,1.25,1.16,1.2,1.2,142293,0.0,1.0
2019-11-01,1.11,1.2,1.11,1.18,1.18,83283,0.0,1.0
2019-10-31,1.2047,1.22,1.11,1.11,1.11,155788,0.0,1.0
2019-10-30,1.25,1.25,1.19,1.2,1.2,52556,0.0,1.0
2019-10-29,1.28,1.31,1.27,1.27,1.27,41261,0.0,1.0
2019-10-28,1.22,1.31,1.22,1.28,1.28,151291,0.0,1.0
2019-10-25,1.25,1.27,1.21,1.23,1.23,87179,0.0,1.0
2019-10-24,1.26,1.28,1.21,1.23,1.23,119050,0.0,1.0
2019-10-23,1.19,1.26,1.19,1.25,1.25,132328,0.0,1.0
2019-10-22,1.23,1.23,1.17,1.1887,1.1887,150786,0.0,1.0
2019-10-21,1.18,1.23,1.17,1.23,1.23,91532,0.0,1.0
2019-10-18,1.21,1.23,1.16,1.19,1.19,170886,0.0,1.0
2019-10-17,1.21,1.22,1.2,1.2,1.2,16676,0.0,1.0
2019-10-16,1.33,1.33,1.2,1.21,1.21,62041,0.0,1.0
2019-10-15,1.24,1.33,1.22,1.26,1.26,108561,0.0,1.0
2019-10-14,1.23,1.3,1.23,1.24,1.24,63814,0.0,1.0
2019-10-11,1.27,1.35,1.23,1.24,1.24,125810,0.0,1.0
2019-10-10,1.25,1.3,1.235,1.28,1.28,63494,0.0,1.0
2019-10-09,1.16,1.26,1.16,1.26,1.26,48691,0.0,1.0
2019-10-08,1.16,1.2,1.1,1.15,1.15,192160,0.0,1.0
2019-10-07,1.18,1.2,1.14,1.18,1.18,118892,0.0,1.0
2019-10-04,1.1799,1.2,1.13,1.18,1.18,36282,0.0,1.0
2019-10-03,1.22,1.23,1.16,1.19,1.19,102333,0.0,1.0
2019-10-02,1.25,1.27,1.22,1.22,1.22,46637,0.0,1.0
2019-10-01,1.22,1.31,1.22,1.27,1.27,117908,0.0,1.0
2019-09-30,1.22,1.26,1.16,1.21,1.21,116274,0.0,1.0
2019-09-27,1.21,1.26,1.2,1.22,1.22,48426,0.0,1.0
2019-09-26,1.23,1.26,1.2,1.2,1.2,50436,0.0,1.0
2019-09-25,1.21,1.31,1.21,1.22,1.22,59375,0.0,1.0
2019-09-24,1.31,1.37,1.2,1.21,1.21,89856,0.0,1.0
2019-09-23,1.38,1.41,1.3,1.31,1.31,116009,0.0,1.0
2019-09-20,1.35,1.4,1.28,1.39,1.39,67882,0.0,1.0
2019-09-19,1.23,1.4,1.23,1.35,1.35,48415,0.0,1.0
2019-09-18,1.28,1.28,1.2,1.22,1.22,66887,0.0,1.0
2019-09-17,1.34,1.36,1.25,1.29,1.29,85366,0.0,1.0
2019-09-16,1.3,1.35,1.29,1.34,1.34,179274,0.0,1.0
2019-09-13,1.33,1.39,1.29,1.3,1.3,48711,0.0,1.0
2019-09-12,1.41,1.4339,1.26,1.31,1.31,117771,0.0,1.0
2019-09-11,1.51,1.55,1.38,1.4,1.4,234818,0.0,1.0
2019-09-10,1.35,1.61,1.3357,1.48,1.48,323266,0.0,1.0
2019-09-09,1.39,1.45,1.355,1.37,1.37,179035,0.0,1.0
2019-09-06,1.36,1.4199,1.34,1.38,1.38,244023,0.0,1.0
2019-09-05,1.45,1.45,1.35,1.35,1.35,180492,0.0,1.0
2019-09-04,1.32,1.49,1.32,1.45,1.45,480187,0.0,1.0
2019-09-03,1.0,1.4,0.9701,1.32,1.32,734192,0.0,1.0
2019-08-30,0.99,1.01,0.9501,1.01,1.01,163882,0.0,1.0
2019-08-29,1.05,1.06,0.9105,0.95,0.95,505529,0.0,1.0
2019-08-28,1.04,1.07,1.03,1.04,1.04,348799,0.0,1.0
2019-08-27,1.08,1.1,1.01,1.05,1.05,160480,0.0,1.0
2019-08-26,1.08,1.1,1.05,1.06,1.06,294790,0.0,1.0
2019-08-23,1.09,1.1,1.03,1.06,1.06,137057,0.0,1.0
2019-08-22,1.1,1.13,1.07,1.09,1.09,292608,0.0,1.0
2019-08-21,1.13,1.24,1.05,1.09,1.09,208243,0.0,1.0
2019-08-20,1.1,1.17,1.09,1.11,1.11,287366,0.0,1.0
2019-08-19,1.05,1.16,1.04,1.11,1.11,474235,0.0,1.0
2019-08-16,1.09,1.11,1.0,1.05,1.05,117814,0.0,1.0
2019-08-15,1.14,1.14,1.05,1.08,1.08,232623,0.0,1.0
2019-08-14,1.22,1.26,1.05,1.09,1.09,275028,0.0,1.0
2019-08-13,1.25,1.28,1.23,1.24,1.24,98993,0.0,1.0
2019-08-12,1.32,1.35,1.23,1.28,1.28,119994,0.0,1.0
2019-08-09,1.45,1.5,1.3,1.35,1.35,501049,0.0,1.0
2019-08-08,1.54,1.56,1.35,1.35,1.35,346659,0.0,1.0
2019-08-07,1.67,1.82,1.57,1.76,1.76,104075,0.0,1.0
2019-08-06,1.58,1.7,1.55,1.69,1.69,135768,0.0,1.0
2019-08-05,1.67,1.7,1.55,1.58,1.58,132846,0.0,1.0
2019-08-02,1.78,1.83,1.62,1.71,1.71,125891,0.0,1.0
2019-08-01,1.66,1.87,1.66,1.78,1.78,312275,0.0,1.0
2019-07-31,1.67,1.76,1.66,1.66,1.66,183939,0.0,1.0
2019-07-30,1.62,1.67,1.59,1.66,1.66,51082,0.0,1.0
2019-07-29,1.59,1.67,1.55,1.64,1.64,83140,0.0,1.0
2019-07-26,1.5,1.67,1.47,1.58,1.58,156316,0.0,1.0
2019-07-25,1.5,1.5,1.44,1.48,1.48,130893,0.0,1.0
2019-07-24,1.46,1.49,1.45,1.48,1.48,89108,0.0,1.0
2019-07-23,1.46,1.4912,1.39,1.43,1.43,251390,0.0,1.0
2019-07-22,1.54,1.56,1.425,1.44,1.44,217680,0.0,1.0
2019-07-19,1.4957,1.54,1.47,1.52,1.52,114145,0.0,1.0
2019-07-18,1.47,1.55,1.45,1.48,1.48,244319,0.0,1.0
2019-07-17,1.46,1.5,1.43,1.5,1.5,85601,0.0,1.0
2019-07-16,1.46,1.48,1.43,1.47,1.47,105703,0.0,1.0
2019-07-15,1.45,1.47,1.42,1.47,1.47,131112,0.0,1.0
2019-07-12,1.46,1.48,1.38,1.45,1.45,111156,0.0,1.0
2019-07-11,1.48,1.49,1.42,1.46,1.46,99804,0.0,1.0
2019-07-10,1.45,1.5,1.42,1.46,1.46,142587,0.0,1.0
2019-07-09,1.47,1.49,1.38,1.46,1.46,179711,0.0,1.0
2019-07-08,1.4,1.49,1.38,1.47,1.47,221013,0.0,1.0
2019-07-05,1.38,1.42,1.27,1.4,1.4,157730,0.0,1.0
2019-07-03,1.39,1.43,1.38,1.4,1.4,86399,0.0,1.0
2019-07-02,1.38,1.46,1.34,1.4,1.4,502138,0.0,1.0
2019-07-01,1.42,1.435,1.34,1.37,1.37,537012,0.0,1.0
2019-06-28,1.36,1.39,1.32,1.39,1.39,3397823,0.0,1.0
2019-06-27,1.34,1.39,1.31,1.35,1.35,462719,0.0,1.0
2019-06-26,1.31,1.38,1.3,1.35,1.35,384365,0.0,1.0
2019-06-25,1.35,1.36,1.29,1.31,1.31,555932,0.0,1.0
2019-06-24,1.34,1.41,1.33,1.36,1.36,288159,0.0,1.0
2019-06-21,1.29,1.36,1.225,1.34,1.34,580251,0.0,1.0
2019-06-20,1.35,1.4,1.26,1.3,1.3,558139,0.0,1.0
2019-06-19,1.44,1.49,1.33,1.33,1.33,508430,0.0,1.0
2019-06-18,1.43,1.9,1.35,1.43,1.43,971282,0.0,1.0
2019-06-17,1.55,1.55,1.41,1.43,1.43,443130,0.0,1.0
2019-06-14,1.67,1.69,1.51,1.54,1.54,273671,0.0,1.0
2019-06-13,1.7,1.7,1.64,1.65,1.65,201939,0.0,1.0
2019-06-12,1.8,1.805,1.7,1.7,1.7,198096,0.0,1.0
2019-06-11,1.92,1.92,1.8,1.81,1.81,220694,0.0,1.0
2019-06-10,1.86,2.0,1.78,1.91,1.91,261352,0.0,1.0
2019-06-07,1.75,1.93,1.745,1.87,1.87,306483,0.0,1.0
2019-06-06,1.83,1.85,1.56,1.74,1.74,318294,0.0,1.0
2019-06-05,1.94,1.97,1.77,1.82,1.82,229614,0.0,1.0
2019-06-04,1.9,1.945,1.855,1.93,1.93,219317,0.0,1.0
2019-06-03,1.78,1.93,1.755,1.87,1.87,434168,0.0,1.0
2019-05-31,1.87,1.87,1.715,1.76,1.76,300707,0.0,1.0
2019-05-30,2.03,2.03,1.85,1.89,1.89,300644,0.0,1.0
2019-05-29,2.02,2.06,1.9218,2.0,2.0,358199,0.0,1.0
2019-05-28,2.15,2.22,2.01,2.02,2.02,259962,0.0,1.0
2019-05-24,2.06,2.15,2.04,2.14,2.14,248856,0.0,1.0
2019-05-23,2.18,2.18,2.0,2.06,2.06,285173,0.0,1.0
2019-05-22,2.28,2.315,2.15,2.19,2.19,264795,0.0,1.0
2019-05-21,2.03,2.285,1.98,2.26,2.26,510130,0.0,1.0
2019-05-20,1.98,2.07,1.965,2.03,2.03,283105,0.0,1.0
2019-05-17,1.99,2.2,1.935,2.01,2.01,406347,0.0,1.0
2019-05-16,2.25,2.3,1.99,2.03,2.03,443968,0.0,1.0
2019-05-15,2.33,2.39,2.18,2.26,2.26,627003,0.0,1.0
2019-05-14,2.23,2.4947,2.214,2.34,2.34,821215,0.0,1.0
2019-05-13,2.12,2.25,2.0,2.23,2.23,480340,0.0,1.0
2019-05-10,1.92,2.19,1.87,2.17,2.17,710581,0.0,1.0
2019-05-09,1.99,2.27,1.963,2.08,2.08,622193,0.0,1.0
2019-05-08,2.0,2.03,1.87,2.0,2.0,426151,0.0,1.0
2019-05-07,2.0,2.04,1.95,2.01,2.01,303409,0.0,1.0
2019-05-06,1.88,2.07,1.83,2.0,2.0,519847,0.0,1.0
2019-05-03,1.92,2.03,1.9,1.98,1.98,524689,0.0,1.0
2019-05-02,2.03,2.03,1.9,1.93,1.93,962185,0.0,1.0
2019-05-01,2.06,2.17,1.94,2.01,2.01,1152395,0.0,1.0
2019-04-30,1.73,2.0994,1.64,2.05,2.05,1312796,0.0,1.0
2019-04-29,1.75,1.9388,1.565,1.71,1.71,1151637,0.0,1.0
2019-04-26,1.66,1.77,1.56,1.74,1.74,633767,0.0,1.0
2019-04-25,1.58,1.66,1.5,1.64,1.64,789320,0.0,1.0
2019-04-24,1.3,1.88,1.3,1.59,1.59,4074078,0.0,1.0
2019-04-23,1.2,1.33,1.14,1.3,1.3,468604,0.0,1.0
2019-04-22,1.04,1.25,1.0162,1.2,1.2,642831,0.0,1.0
2019-04-18,1.03,1.06,0.99,1.05,1.05,736236,0.0,1.0
2019-04-17,1.08,1.08,1.03,1.04,1.04,486563,0.0,1.0
2019-04-16,1.08,1.11,1.05,1.08,1.08,552600,0.0,1.0
2019-04-15,1.1,1.119,1.06,1.09,1.09,357931,0.0,1.0
2019-04-12,1.08,1.12,1.06,1.1,1.1,807881,0.0,1.0
2019-04-11,1.18,1.2121,1.05,1.07,1.07,680701,0.0,1.0
2019-04-10,1.01,1.21,1.0,1.17,1.17,1220912,0.0,1.0
2019-04-09,1.01,1.08,0.95,1.0,1.0,854525,0.0,1.0
2019-04-08,1.07,1.12,0.98,1.01,1.01,889884,0.0,1.0
2019-04-05,1.11,1.16,1.05,1.07,1.07,681369,0.0,1.0
2019-04-04,1.14,1.15,1.1,1.11,1.11,276232,0.0,1.0
2019-04-03,1.2,1.21,1.11,1.12,1.12,449291,0.0,1.0
2019-04-02,1.27,1.3,1.15,1.19,1.19,515288,0.0,1.0
2019-04-01,1.4,1.42,1.25,1.26,1.26,604473,0.0,1.0
2019-03-29,1.45,1.47,1.4,1.4,1.4,328198,0.0,1.0
2019-03-28,1.52,1.52,1.26,1.44,1.44,977108,0.0,1.0
2019-03-27,1.53,1.53,1.5,1.5,1.5,346423,0.0,1.0
2019-03-26,1.76,1.76,1.435,1.55,1.55,1206495,0.0,1.0
2019-03-25,1.9,1.9,1.75,1.75,1.75,626183,0.0,1.0
2019-03-22,2.09,2.19,1.875,1.89,1.89,698213,0.0,1.0
2019-03-21,1.9,2.15,1.9,2.11,2.11,674509,0.0,1.0
2019-03-20,1.89,1.94,1.83,1.9,1.9,661880,0.0,1.0
2019-03-19,1.89,2.01,1.82,1.89,1.89,594007,0.0,1.0
2019-03-18,1.79,1.91,1.79,1.9,1.9,798361,0.0,1.0
2019-03-15,1.92,1.92,1.73,1.77,1.77,4693886,0.0,1.0
2019-03-14,1.97,1.9924,1.9,1.93,1.93,477383,0.0,1.0
2019-03-13,2.14,2.14,1.77,1.96,1.96,1077763,0.0,1.0
2019-03-12,2.16,2.16,1.99,2.0,2.0,565695,0.0,1.0
2019-03-11,2.05,2.18,1.77,2.15,2.15,1493337,0.0,1.0
2019-03-08,2.42,2.42,2.26,2.35,2.35,207129,0.0,1.0
2019-03-07,2.37,2.46,2.25,2.42,2.42,163319,0.0,1.0
2019-03-06,2.46,2.46,2.27,2.38,2.38,200424,0.0,1.0
2019-03-05,2.63,2.63,2.46,2.53,2.53,172232,0.0,1.0
2019-03-04,2.71,2.76,2.55,2.62,2.62,137384,0.0,1.0
2019-03-01,2.81,2.85,2.65,2.7,2.7,95053,0.0,1.0
2019-02-28,2.79,2.92,2.74,2.79,2.79,132671,0.0,1.0
2019-02-27,2.81,2.81,2.68,2.79,2.79,165252,0.0,1.0
2019-02-26,2.68,2.86,2.65,2.8,2.8,197049,0.0,1.0
2019-02-25,2.58,2.71,2.57,2.66,2.66,267109,0.0,1.0
2019-02-22,2.61,2.61,2.49,2.54,2.54,196204,0.0,1.0
2019-02-21,2.54,2.67,2.51,2.58,2.58,252704,0.0,1.0
2019-02-20,2.56,2.63,2.5,2.52,2.52,497846,0.0,1.0
2019-02-19,2.73,2.7799,2.52,2.58,2.58,186286,0.0,1.0
2019-02-15,2.76,2.92,2.74,2.74,2.74,192068,0.0,1.0
2019-02-14,2.76,2.79,2.74,2.76,2.76,133578,0.0,1.0
2019-02-13,2.62,2.8,2.59,2.76,2.76,185140,0.0,1.0
2019-02-12,2.7,2.7,2.57,2.62,2.62,111321,0.0,1.0
2019-02-11,2.75,2.76,2.65,2.7,2.7,138478,0.0,1.0
2019-02-08,2.8,2.8735,2.74,2.75,2.75,118302,0.0,1.0
2019-02-07,2.92,2.98,2.76,2.82,2.82,177242,0.0,1.0
2019-02-06,2.89,3.03,2.82,2.93,2.93,114848,0.0,1.0
2019-02-05,2.89,2.955,2.7,2.9,2.9,247012,0.0,1.0
2019-02-04,2.9,2.98,2.87,2.89,2.89,97157,0.0,1.0
2019-02-01,2.93,3.02,2.85,2.9,2.9,110617,0.0,1.0
2019-01-31,3.05,3.11,2.92,2.93,2.93,161916,0.0,1.0
2019-01-30,3.03,3.0874,2.91,3.05,3.05,99606,0.0,1.0
2019-01-29,3.23,3.23,3.02,3.03,3.03,60474,0.0,1.0
2019-01-28,3.4,3.44,3.15,3.2,3.2,170662,0.0,1.0
2019-01-25,3.56,3.61,3.41,3.42,3.42,117830,0.0,1.0
2019-01-24,3.4,3.61,3.4,3.5,3.5,52319,0.0,1.0
2019-01-23,3.48,3.48,3.37,3.41,3.41,57327,0.0,1.0
2019-01-22,3.46,3.52,3.35,3.46,3.46,128613,0.0,1.0
2019-01-18,3.57,3.65,3.47,3.5,3.5,89611,0.0,1.0
2019-01-17,3.49,3.6279,3.45,3.56,3.56,125329,0.0,1.0
2019-01-16,3.45,3.67,3.45,3.52,3.52,149876,0.0,1.0
2019-01-15,3.3,3.5,3.3,3.43,3.43,111565,0.0,1.0
2019-01-14,3.5,3.5,3.31,3.31,3.31,161180,0.0,1.0
2019-01-11,3.45,3.61,3.4289,3.5,3.5,106220,0.0,1.0
2019-01-10,3.51,3.59,3.44,3.45,3.45,94617,0.0,1.0
2019-01-09,3.54,3.65,3.48,3.51,3.51,148670,0.0,1.0
2019-01-08,3.41,3.73,3.41,3.54,3.54,180920,0.0,1.0
2019-01-07,3.13,3.51,3.13,3.38,3.38,170431,0.0,1.0
2019-01-04,3.08,3.27,3.08,3.11,3.11,127081,0.0,1.0
2019-01-03,3.08,3.2314,2.98,3.08,3.08,207115,0.0,1.0
2019-01-02,2.84,3.23,2.79,3.12,3.12,254345,0.0,1.0
2018-12-31,3.09,3.14,2.8,2.89,2.89,386326,0.0,1.0
2018-12-28,3.07,3.23,3.02,3.09,3.09,340490,0.0,1.0
2018-12-27,3.28,3.35,3.04,3.07,3.07,279609,0.0,1.0
2018-12-26,3.32,3.38,3.15,3.35,3.35,235599,0.0,1.0
2018-12-24,3.29,3.42,3.24,3.28,3.28,124867,0.0,1.0
2018-12-21,3.36,3.55,3.31,3.36,3.36,759461,0.0,1.0
2018-12-20,3.48,3.53,3.27,3.36,3.36,286355,0.0,1.0
2018-12-19,3.42,3.62,3.42,3.55,3.55,243853,0.0,1.0
2018-12-18,3.59,3.6089,3.42,3.45,3.45,146429,0.0,1.0
2018-12-17,3.75,3.82,3.48,3.48,3.48,245287,0.0,1.0
2018-12-14,3.53,3.84,3.53,3.82,3.82,102018,0.0,1.0
2018-12-13,3.75,3.89,3.2852,3.61,3.61,297253,0.0,1.0
2018-12-12,3.88,3.975,3.72,3.75,3.75,99160,0.0,1.0
2018-12-11,3.94,3.94,3.75,3.79,3.79,92760,0.0,1.0
2018-12-10,3.91,4.04,3.74,3.83,3.83,110098,0.0,1.0
2018-12-07,4.0,4.25,3.84,3.88,3.88,139760,0.0,1.0
2018-12-06,4.13,4.19,3.89,4.01,4.01,293418,0.0,1.0
2018-12-04,4.53,4.62,4.2,4.23,4.23,149270,0.0,1.0
2018-12-03,4.5,4.6,4.28,4.59,4.59,132197,0.0,1.0
2018-11-30,4.22,4.56,4.22,4.41,4.41,147991,0.0,1.0
2018-11-29,4.18,4.29,4.04,4.21,4.21,89008,0.0,1.0
2018-11-28,3.93,4.35,3.88,4.21,4.21,199399,0.0,1.0
2018-11-27,3.77,4.045,3.77,3.93,3.93,216350,0.0,1.0
2018-11-26,3.95,4.11,3.75,3.77,3.77,239628,0.0,1.0
2018-11-23,3.98,4.0599,3.91,3.93,3.93,85645,0.0,1.0
2018-11-21,3.98,4.18,3.965,4.01,4.01,73901,0.0,1.0
2018-11-20,4.08,4.1,3.81,3.95,3.95,249901,0.0,1.0
2018-11-19,4.1,4.18,4.0432,4.13,4.13,139169,0.0,1.0
2018-11-16,4.43,4.43,3.98,4.03,4.03,388039,0.0,1.0
2018-11-15,4.88,4.9947,4.46,4.49,4.49,234158,0.0,1.0
2018-11-14,5.12,5.31,4.89,4.9,4.9,165663,0.0,1.0
2018-11-13,5.49,5.675,5.03,5.08,5.08,269196,0.0,1.0
2018-11-12,5.62,5.63,5.34,5.5,5.5,209132,0.0,1.0
2018-11-09,5.63,5.67,5.38,5.59,5.59,173934,0.0,1.0
2018-11-08,5.24,5.74,5.24,5.68,5.68,210707,0.0,1.0
2018-11-07,4.31,5.49,4.2701,5.35,5.35,352172,0.0,1.0
2018-11-06,4.57,4.87,4.53,4.61,4.61,147347,0.0,1.0
2018-11-05,4.79,4.83,4.4,4.63,4.63,199248,0.0,1.0
2018-11-02,4.56,4.9,4.53,4.8,4.8,191823,0.0,1.0
2018-11-01,4.02,4.77,4.02,4.56,4.56,443385,0.0,1.0
2018-10-31,4.14,4.15,3.93,3.98,3.98,827938,0.0,1.0
2018-10-30,4.08,4.12,3.81,4.09,4.09,208516,0.0,1.0
2018-10-29,4.23,4.31,4.05,4.09,4.09,196741,0.0,1.0
2018-10-26,4.17,4.3,4.05,4.14,4.14,244533,0.0,1.0
2018-10-25,4.02,4.35,4.02,4.25,4.25,253001,0.0,1.0
2018-10-24,4.29,4.56,3.95,3.97,3.97,684140,0.0,1.0
2018-10-23,4.16,4.36,4.06,4.31,4.31,115546,0.0,1.0
2018-10-22,4.14,4.29,4.05,4.26,4.26,102690,0.0,1.0
2018-10-19,4.2,4.34,4.1,4.12,4.12,119606,0.0,1.0
2018-10-18,4.11,4.33,4.06,4.22,4.22,121276,0.0,1.0
2018-10-17,4.3,4.32,4.1,4.17,4.17,131410,0.0,1.0
2018-10-16,4.06,4.39,4.02,4.32,4.32,141301,0.0,1.0
2018-10-15,4.04,4.04,3.85,4.01,4.01,216812,0.0,1.0
2018-10-12,4.15,4.15,4.0,4.05,4.05,235786,0.0,1.0
2018-10-11,4.17,4.25,3.88,4.02,4.02,333207,0.0,1.0
2018-10-10,4.45,4.47,4.141,4.19,4.19,314566,0.0,1.0
2018-10-09,4.6,4.83,4.44,4.45,4.45,154963,0.0,1.0
2018-10-08,4.92,4.9245,4.41,4.64,4.64,285492,0.0,1.0
2018-10-05,4.94,5.02,4.88,4.96,4.96,213932,0.0,1.0
2018-10-04,4.92,5.04,4.86,4.93,4.93,168176,0.0,1.0
2018-10-03,4.92,5.0,4.82,4.95,4.95,250895,0.0,1.0
2018-10-02,5.21,5.28,4.91,4.92,4.92,213975,0.0,1.0
2018-10-01,5.9,6.16,5.21,5.24,5.24,427782,0.0,1.0
2018-09-28,5.94,6.2499,5.76,5.86,5.86,816080,0.0,1.0
2018-09-27,5.45,6.03,5.44,5.91,5.91,430707,0.0,1.0
2018-09-26,5.72,5.83,5.3,5.43,5.43,549227,0.0,1.0
2018-09-25,4.83,5.65,4.83,5.6,5.6,1267800,0.0,1.0
2018-09-24,4.67,4.85,4.55,4.84,4.84,172035,0.0,1.0
2018-09-21,4.63,4.775,4.61,4.67,4.67,688977,0.0,1.0
2018-09-20,4.62,4.78,4.53,4.64,4.64,117214,0.0,1.0
2018-09-19,4.63,4.7182,4.51,4.59,4.59,130159,0.0,1.0
2018-09-18,4.59,4.75,4.56,4.65,4.65,108738,0.0,1.0
2018-09-17,4.8,4.8,4.55,4.6,4.6,117204,0.0,1.0
2018-09-14,4.71,4.86,4.67,4.77,4.77,163343,0.0,1.0
2018-09-13,4.82,4.82,4.6108,4.73,4.73,122521,0.0,1.0
2018-09-12,4.86,4.94,4.7,4.78,4.78,127757,0.0,1.0
2018-09-11,4.71,4.98,4.7,4.86,4.86,177778,0.0,1.0
2018-09-10,4.61,4.72,4.461,4.7,4.7,309008,0.0,1.0
2018-09-07,4.4,4.6799,4.4,4.6,4.6,298009,0.0,1.0
2018-09-06,4.37,4.48,4.3,4.4,4.4,269860,0.0,1.0
2018-09-05,4.25,4.4,4.18,4.35,4.35,130004,0.0,1.0
2018-09-04,4.55,4.7,4.24,4.25,4.25,225661,0.0,1.0
2018-08-31,4.49,4.56,4.41,4.55,4.55,143815,0.0,1.0
2018-08-30,4.45,4.53,4.33,4.51,4.51,102374,0.0,1.0
2018-08-29,4.52,4.59,4.42,4.48,4.48,93110,0.0,1.0
2018-08-28,4.43,4.58,4.4,4.51,4.51,173514,0.0,1.0
2018-08-27,4.3,4.5,4.27,4.45,4.45,256430,0.0,1.0
2018-08-24,4.34,4.34,4.15,4.28,4.28,210800,0.0,1.0
2018-08-23,4.18,4.35,4.13,4.32,4.32,248048,0.0,1.0
2018-08-22,3.95,4.22,3.835,4.21,4.21,406567,0.0,1.0
2018-08-21,4.01,4.2299,3.9,3.94,3.94,737755,0.0,1.0
2018-08-20,4.1,4.19,3.95,3.98,3.98,246390,0.0,1.0
2018-08-17,4.02,4.18,3.95,4.11,4.11,168572,0.0,1.0
2018-08-16,4.21,4.27,3.9999,4.05,4.05,230039,0.0,1.0
2018-08-15,4.45,4.48,4.18,4.21,4.21,366811,0.0,1.0
2018-08-14,4.25,4.55,4.25,4.45,4.45,329804,0.0,1.0
2018-08-13,4.26,4.56,4.22,4.25,4.25,431904,0.0,1.0
2018-08-10,4.4,4.4,4.05,4.28,4.28,598900,0.0,1.0
2018-08-09,4.27,4.62,4.11,4.42,4.42,1098269,0.0,1.0
2018-08-08,4.0,4.04,3.8,4.0,4.0,236385,0.0,1.0
2018-08-07,4.28,4.31,3.94,4.0,4.0,377481,0.0,1.0
2018-08-06,4.53,4.53,4.27,4.29,4.29,249323,0.0,1.0
2018-08-03,4.54,4.62,4.51,4.55,4.55,372760,0.0,1.0
2018-08-02,4.66,4.76,4.55,4.56,4.56,110117,0.0,1.0
2018-08-01,4.86,4.93,4.66,4.68,4.68,99247,0.0,1.0
2018-07-31,4.81,4.93,4.66,4.84,4.84,162805,0.0,1.0
2018-07-30,4.76,4.9091,4.76,4.83,4.83,94102,0.0,1.0
2018-07-27,4.88,4.96,4.65,4.75,4.75,135701,0.0,1.0
2018-07-26,4.5,4.99,4.5,4.9,4.9,242230,0.0,1.0
2018-07-25,4.55,4.74,4.43,4.59,4.59,224852,0.0,1.0
2018-07-24,4.49,4.6,4.3501,4.53,4.53,233884,0.0,1.0
2018-07-23,4.39,4.56,4.28,4.51,4.51,281579,0.0,1.0
2018-07-20,4.43,4.43,4.25,4.37,4.37,120454,0.0,1.0
2018-07-19,4.18,4.48,4.155,4.44,4.44,164848,0.0,1.0
2018-07-18,4.25,4.3,4.07,4.19,4.19,247325,0.0,1.0
2018-07-17,4.34,4.4093,4.23,4.26,4.26,176761,0.0,1.0
2018-07-16,4.4,4.42,4.22,4.33,4.33,311149,0.0,1.0
2018-07-13,4.57,4.61,4.3,4.42,4.42,177683,0.0,1.0
2018-07-12,5.04,5.04,4.55,4.59,4.59,440528,0.0,1.0
2018-07-11,5.13,5.19,4.99,5.03,5.03,75637,0.0,1.0
2018-07-10,5.05,5.2,4.9763,5.15,5.15,176841,0.0,1.0
2018-07-09,4.95,5.02,4.83,5.01,5.01,207045,0.0,1.0
2018-07-06,4.98,5.17,4.87,4.95,4.95,195039,0.0,1.0
2018-07-05,4.85,5.02,4.83,5.0,5.0,140947,0.0,1.0
2018-07-03,4.8,4.9,4.52,4.82,4.82,212414,0.0,1.0
2018-07-02,5.04,5.1,4.72,4.75,4.75,461910,0.0,1.0
2018-06-29,5.08,5.12,4.83,5.0,5.0,450602,0.0,1.0
2018-06-28,5.11,5.28,4.98,5.06,5.06,541626,0.0,1.0
2018-06-27,5.17,5.25,5.13,5.15,5.15,240785,0.0,1.0
2018-06-26,5.39,5.39,5.09,5.15,5.15,265053,0.0,1.0
2018-06-25,5.07,5.43,5.01,5.4,5.4,573781,0.0,1.0
2018-06-22,5.03,5.17,4.88,5.15,5.15,3137938,0.0,1.0
2018-06-21,5.16,5.19,4.98,5.11,5.11,337633,0.0,1.0
2018-06-20,4.93,5.2,4.91,5.16,5.16,243797,0.0,1.0
2018-06-19,4.89,5.07,4.84,4.93,4.93,272360,0.0,1.0
2018-06-18,5.2,5.24,4.89,4.98,4.98,214617,0.0,1.0
2018-06-15,5.07,5.2,4.98,5.2,5.2,324424,0.0,1.0
2018-06-14,4.88,5.13,4.88,5.07,5.07,151239,0.0,1.0
2018-06-13,4.89,4.93,4.73,4.89,4.89,131506,0.0,1.0
2018-06-12,4.88,4.9,4.72,4.87,4.87,169514,0.0,1.0
2018-06-11,4.58,4.898,4.58,4.87,4.87,326524,0.0,1.0
2018-06-08,4.58,4.7,4.41,4.56,4.56,224755,0.0,1.0
2018-06-07,4.6,4.62,4.5,4.6,4.6,233469,0.0,1.0
2018-06-06,4.52,4.6,4.44,4.6,4.6,191792,0.0,1.0
2018-06-05,4.59,4.62,4.45,4.51,4.51,239851,0.0,1.0
2018-06-04,4.47,4.66,4.395,4.62,4.62,492930,0.0,1.0
2018-06-01,4.11,4.47,4.07,4.46,4.46,697940,0.0,1.0
2018-05-31,4.4,4.54,4.01,4.1,4.1,943538,0.0,1.0
2018-05-30,4.26,4.7971,4.2,4.41,4.41,880527,0.0,1.0
2018-05-29,4.35,4.41,4.07,4.25,4.25,641486,0.0,1.0
2018-05-25,4.2,4.2995,4.13,4.16,4.16,231973,0.0,1.0
2018-05-24,4.28,4.32,4.21,4.25,4.25,318013,0.0,1.0
2018-05-23,4.29,4.36,4.07,4.27,4.27,341762,0.0,1.0
2018-05-22,4.5,4.64,4.3,4.31,4.31,402302,0.0,1.0
2018-05-21,5.13,5.289,4.47,4.5,4.5,1004851,0.0,1.0
2018-05-18,4.86,5.2,4.85,5.11,5.11,348780,0.0,1.0
2018-05-17,4.82,4.96,4.7,4.86,4.86,336834,0.0,1.0
2018-05-16,5.03,5.05,4.75,4.8,4.8,419225,0.0,1.0
2018-05-15,5.36,5.39,4.98,4.98,4.98,437693,0.0,1.0
2018-05-14,5.47,5.6,5.0,5.32,5.32,875836,0.0,1.0
2018-05-11,6.13,6.25,5.44,5.49,5.49,715396,0.0,1.0
2018-05-10,7.95,7.95,5.0,6.2,6.2,2001617,0.0,1.0
2018-05-09,7.1,7.56,7.01,7.49,7.49,499485,0.0,1.0
2018-05-08,7.42,7.51,7.08,7.13,7.13,348725,0.0,1.0
2018-05-07,7.18,7.41,7.12,7.39,7.39,234494,0.0,1.0
2018-05-04,7.42,7.48,7.1,7.15,7.15,314649,0.0,1.0
2018-05-03,7.2,7.66,7.07,7.41,7.41,353094,0.0,1.0
2018-05-02,7.14,7.515,7.14,7.2,7.2,453155,0.0,1.0
2018-05-01,7.05,7.65,7.02,7.21,7.21,1074680,0.0,1.0
2018-04-30,7.2,7.3,6.99,7.05,7.05,768146,0.0,1.0
2018-04-27,7.35,7.56,7.11,7.19,7.19,538892,0.0,1.0
2018-04-26,7.85,7.99,7.31,7.37,7.37,436201,0.0,1.0
2018-04-25,8.15,8.33,7.86,7.91,7.91,379098,0.0,1.0
2018-04-24,8.57,8.615,8.045,8.15,8.15,332487,0.0,1.0
2018-04-23,8.65,8.7099,8.48,8.58,8.58,185858,0.0,1.0
2018-04-20,9.03,9.03,8.67,8.7,8.7,165262,0.0,1.0
2018-04-19,9.15,9.3,8.87,8.93,8.93,241244,0.0,1.0
2018-04-18,9.09,9.67,9.09,9.25,9.25,458710,0.0,1.0
2018-04-17,9.04,9.26,8.92,9.07,9.07,578131,0.0,1.0
2018-04-16,9.39,9.43,8.72,9.03,9.03,373575,0.0,1.0
2018-04-13,9.31,9.49,9.25,9.44,9.44,341834,0.0,1.0
2018-04-12,9.53,9.57,9.22,9.38,9.38,335474,0.0,1.0
2018-04-11,9.32,9.74,9.24,9.5,9.5,428293,0.0,1.0
2018-04-10,9.87,9.92,9.34,9.46,9.46,351792,0.0,1.0
2018-04-09,9.85,10.0,9.6779,9.78,9.78,388200,0.0,1.0
2018-04-06,9.52,9.95,9.5,9.8,9.8,316757,0.0,1.0
2018-04-05,9.29,9.9,9.24,9.75,9.75,521415,0.0,1.0
2018-04-04,8.88,9.36,8.75,9.28,9.28,722941,0.0,1.0
2018-04-03,8.58,9.04,8.57,8.85,8.85,424044,0.0,1.0
2018-04-02,8.29,8.97,8.29,8.57,8.57,371607,0.0,1.0
2018-03-29,9.51,9.729,8.07,8.18,8.18,1706368,0.0,1.0
2018-03-28,8.33,9.43,8.33,9.37,9.37,1022590,0.0,1.0
2018-03-27,7.72,8.4,7.6324,8.33,8.33,696677,0.0,1.0
2018-03-26,7.87,8.13,7.56,7.73,7.73,379992,0.0,1.0
2018-03-23,7.2,8.1,7.1642,7.84,7.84,962027,0.0,1.0
2018-03-22,6.95,7.22,6.95,7.13,7.13,373716,0.0,1.0
2018-03-21,6.82,7.1,6.8,6.95,6.95,691433,0.0,1.0
2018-03-20,6.76,7.15,6.76,6.86,6.86,459805,0.0,1.0
2018-03-19,6.67,6.89,6.62,6.76,6.76,314264,0.0,1.0
2018-03-16,6.79,7.235,6.57,6.67,6.67,753731,0.0,1.0
2018-03-15,6.11,6.42,6.07,6.38,6.38,461742,0.0,1.0
2018-03-14,6.12,6.25,6.05,6.14,6.14,103681,0.0,1.0
2018-03-13,6.26,6.31,6.1,6.12,6.12,101964,0.0,1.0
2018-03-12,6.22,6.4,6.16,6.23,6.23,96976,0.0,1.0
2018-03-09,6.27,6.43,6.17,6.19,6.19,155833,0.0,1.0
2018-03-08,5.84,6.3,5.84,6.25,6.25,155564,0.0,1.0
2018-03-07,5.71,6.21,5.71,5.88,5.88,132754,0.0,1.0
2018-03-06,5.93,5.93,5.61,5.77,5.77,89336,0.0,1.0
2018-03-05,5.85,5.96,5.8,5.83,5.83,78202,0.0,1.0
2018-03-02,5.72,6.18,5.615,5.93,5.93,114641,0.0,1.0
2018-03-01,5.92,6.03,5.29,5.68,5.68,170462,0.0,1.0
2018-02-28,6.26,6.38,5.92,5.94,5.94,142619,0.0,1.0
2018-02-27,6.19,6.44,6.19,6.24,6.24,86089,0.0,1.0
2018-02-26,6.16,6.35,6.13,6.16,6.16,79701,0.0,1.0
2018-02-23,6.19,6.28,5.6,6.17,6.17,166553,0.0,1.0
2018-02-22,6.1,6.31,6.03,6.16,6.16,54396,0.0,1.0
2018-02-21,6.13,6.3,6.01,6.1,6.1,53179,0.0,1.0
2018-02-20,6.36,6.56,6.02,6.13,6.13,90751,0.0,1.0
2018-02-16,6.27,6.49,6.27,6.36,6.36,68018,0.0,1.0
2018-02-15,6.05,6.43,5.97,6.31,6.31,119167,0.0,1.0
2018-02-14,6.16,6.31,5.92,6.04,6.04,120416,0.0,1.0
2018-02-13,6.2,6.28,6.01,6.22,6.22,74097,0.0,1.0
2018-02-12,6.4,6.52,6.1,6.24,6.24,186493,0.0,1.0
2018-02-09,6.57,6.79,6.27,6.4,6.4,173110,0.0,1.0
2018-02-08,6.73,6.81,6.39,6.48,6.48,140271,0.0,1.0
2018-02-07,6.65,6.77,6.48,6.69,6.69,137150,0.0,1.0
2018-02-06,6.3,6.7,6.15,6.65,6.65,137674,0.0,1.0
2018-02-05,6.43,6.78,6.33,6.44,6.44,205397,0.0,1.0
2018-02-02,6.41,6.55,6.1,6.51,6.51,105784,0.0,1.0
2018-02-01,6.11,6.54,5.98,6.48,6.48,181031,0.0,1.0
2018-01-31,6.33,6.33,5.9,6.17,6.17,225857,0.0,1.0
2018-01-30,6.56,6.56,6.095,6.32,6.32,199487,0.0,1.0
2018-01-29,6.71,6.78,6.52,6.64,6.64,122123,0.0,1.0
2018-01-26,6.55,6.72,6.46,6.7,6.7,60277,0.0,1.0
2018-01-25,6.82,6.82,6.4,6.55,6.55,79924,0.0,1.0
2018-01-24,6.72,6.83,6.67,6.8,6.8,94581,0.0,1.0
2018-01-23,6.87,6.92,6.66,6.7,6.7,100942,0.0,1.0
2018-01-22,6.84,6.97,6.76,6.85,6.85,106148,0.0,1.0
2018-01-19,6.65,6.98,6.63,6.85,6.85,145017,0.0,1.0
2018-01-18,6.72,6.8,6.5,6.62,6.62,109425,0.0,1.0
2018-01-17,6.77,6.9,6.58,6.74,6.74,95059,0.0,1.0
2018-01-16,7.1,7.1,6.69,6.7,6.7,150038,0.0,1.0
2018-01-12,6.83,7.16,6.83,7.04,7.04,158534,0.0,1.0
2018-01-11,6.46,6.82,6.46,6.81,6.81,242678,0.0,1.0
2018-01-10,6.2,6.64,6.01,6.46,6.46,192222,0.0,1.0
2018-01-09,6.04,6.25,5.88,6.18,6.18,181889,0.0,1.0
2018-01-08,6.21,6.29,5.94,5.99,5.99,182546,0.0,1.0
2018-01-05,6.56,6.62,5.94,6.07,6.07,199891,0.0,1.0
2018-01-04,6.74,6.8,6.43,6.5,6.5,104711,0.0,1.0
2018-01-03,6.7,6.86,6.27,6.72,6.72,320129,0.0,1.0
2018-01-02,6.21,6.79,6.2,6.65,6.65,272507,0.0,1.0
2017-12-29,6.14,6.56,6.14,6.24,6.24,175648,0.0,1.0
2017-12-28,6.35,6.4,6.15,6.17,6.17,135336,0.0,1.0
2017-12-27,6.1,6.47,5.9305,6.4,6.4,188750,0.0,1.0
2017-12-26,5.97,6.25,5.97,6.1,6.1,147880,0.0,1.0
2017-12-22,5.94,6.26,5.85,5.95,5.95,278137,0.0,1.0
2017-12-21,6.375,6.53,6.07,6.11,6.11,273228,0.0,1.0
2017-12-20,6.66,7.24,5.96,6.43,6.43,647720,0.0,1.0
2017-12-19,5.38,5.74,5.17,5.6,5.6,339617,0.0,1.0
2017-12-18,5.4,5.71,5.08,5.19,5.19,875536,0.0,1.0
2017-12-15,5.13,5.41,5.0,5.03,5.03,764887,0.0,1.0
2017-12-14,4.85,5.03,4.73,4.97,4.97,293971,0.0,1.0
2017-12-13,4.67,5.05,4.65,4.92,4.92,408007,0.0,1.0
2017-12-12,4.71,4.93,4.61,4.64,4.64,112181,0.0,1.0
2017-12-11,4.82,4.82,4.45,4.73,4.73,142817,0.0,1.0
2017-12-08,4.39,5.08,4.39,4.84,4.84,334232,0.0,1.0
2017-12-07,4.4,4.63,4.36,4.38,4.38,121631,0.0,1.0
2017-12-06,4.34,4.48,4.16,4.38,4.38,255517,0.0,1.0
2017-12-05,4.31,4.46,4.1114,4.35,4.35,115196,0.0,1.0
2017-12-04,4.63,4.77,4.32,4.32,4.32,112339,0.0,1.0
2017-12-01,4.7,4.74,4.48,4.6,4.6,156844,0.0,1.0
2017-11-30,4.26,4.76,4.209,4.69,4.69,498555,0.0,1.0
2017-11-29,4.12,4.27,4.02,4.25,4.25,245358,0.0,1.0
2017-11-28,4.25,4.25,4.01,4.1,4.1,125963,0.0,1.0
2017-11-27,4.52,4.57,4.21,4.26,4.26,106067,0.0,1.0
2017-11-24,4.68,4.74,4.53,4.54,4.54,32047,0.0,1.0
2017-11-22,4.62,4.81,4.62,4.64,4.64,101456,0.0,1.0
2017-11-21,4.68,4.79,4.56,4.63,4.63,161394,0.0,1.0
2017-11-20,4.62,4.75,4.5,4.64,4.64,153143,0.0,1.0
2017-11-17,4.51,4.71,4.51,4.6,4.6,190800,0.0,1.0
2017-11-16,4.65,4.815,4.51,4.51,4.51,155019,0.0,1.0
2017-11-15,4.56,4.75,4.38,4.51,4.51,203834,0.0,1.0
2017-11-14,4.93,4.94,4.64,4.65,4.65,137065,0.0,1.0
2017-11-13,4.84,5.0,4.51,4.95,4.95,307207,0.0,1.0
2017-11-10,4.9,5.04,4.64,4.89,4.89,172190,0.0,1.0
2017-11-09,3.9,5.17,3.85,4.92,4.92,723506,0.0,1.0
2017-11-08,4.5,4.52,4.15,4.22,4.22,461581,0.0,1.0
2017-11-07,4.16,4.56,4.15,4.48,4.48,205036,0.0,1.0
2017-11-06,4.14,4.434,4.05,4.18,4.18,221639,0.0,1.0
2017-11-03,4.91,4.91,3.94,4.12,4.12,331408,0.0,1.0
2017-11-02,5.7,5.7,4.851,4.89,4.89,538965,0.0,1.0
2017-11-01,5.77,5.8,5.62,5.68,5.68,315577,0.0,1.0
2017-10-31,5.69,5.78,5.65,5.72,5.72,76929,0.0,1.0
2017-10-30,5.55,5.78,5.46,5.69,5.69,99448,0.0,1.0
2017-10-27,5.71,5.78,5.56,5.59,5.59,116741,0.0,1.0
2017-10-26,5.57,5.73,5.4,5.68,5.68,217561,0.0,1.0
2017-10-25,5.2,5.67,5.2,5.58,5.58,106568,0.0,1.0
2017-10-24,5.3,5.43,5.22,5.25,5.25,86598,0.0,1.0
2017-10-23,5.0,5.29,5.0,5.26,5.26,130417,0.0,1.0
2017-10-20,4.99,5.24,4.99,5.01,5.01,98741,0.0,1.0
2017-10-19,4.69,5.015,4.69,4.97,4.97,176704,0.0,1.0
2017-10-18,4.76,4.84,4.66,4.74,4.74,143115,0.0,1.0
2017-10-17,4.75,4.86,4.63,4.74,4.74,113887,0.0,1.0
2017-10-16,4.67,4.83,4.54,4.75,4.75,169297,0.0,1.0
2017-10-13,4.99,4.99,4.645,4.7,4.7,344157,0.0,1.0
2017-10-12,5.14,5.15,4.98,5.11,5.11,119148,0.0,1.0
2017-10-11,5.0,5.16,4.94,5.13,5.13,113700,0.0,1.0
2017-10-10,5.22,5.29,4.85,5.0,5.0,229374,0.0,1.0
2017-10-09,5.21,5.26,5.08,5.21,5.21,128448,0.0,1.0
2017-10-06,5.17,5.29,5.11,5.21,5.21,92635,0.0,1.0
2017-10-05,5.03,5.3,5.01,5.22,5.22,98983,0.0,1.0
2017-10-04,5.53,5.65,4.84,5.03,5.03,382514,0.0,1.0
2017-10-03,5.36,5.86,5.34,5.52,5.52,338880,0.0,1.0
2017-10-02,5.15,5.42,4.92,5.38,5.38,540308,0.0,1.0
2017-09-29,4.91,5.18,4.85,5.18,5.18,165451,0.0,1.0
2017-09-28,4.83,5.05,4.78,4.91,4.91,416229,0.0,1.0
2017-09-27,4.66,4.88,4.64,4.86,4.86,138852,0.0,1.0
2017-09-26,4.63,4.67,4.6,4.65,4.65,63427,0.0,1.0
2017-09-25,4.7,4.71,4.51,4.61,4.61,195011,0.0,1.0
2017-09-22,4.72,4.82,4.67,4.72,4.72,100679,0.0,1.0
2017-09-21,4.61,4.83,4.61,4.72,4.72,386152,0.0,1.0
2017-09-20,4.67,4.67,4.54,4.6,4.6,178261,0.0,1.0
2017-09-19,4.83,4.91,4.555,4.66,4.66,221611,0.0,1.0
2017-09-18,4.69,4.88,4.69,4.8,4.8,214930,0.0,1.0
2017-09-15,4.34,4.68,4.31,4.66,4.66,508102,0.0,1.0
2017-09-14,4.38,4.4,4.3,4.35,4.35,67266,0.0,1.0
2017-09-13,4.54,4.55,4.325,4.37,4.37,125996,0.0,1.0
2017-09-12,4.22,4.71,4.17,4.51,4.51,508096,0.0,1.0
2017-09-11,4.16,4.24,4.15,4.2,4.2,70033,0.0,1.0
2017-09-08,4.15,4.25,4.05,4.15,4.15,190191,0.0,1.0
2017-09-07,4.16,4.22,4.15,4.16,4.16,62622,0.0,1.0
2017-09-06,4.36,4.37,4.141,4.16,4.16,138082,0.0,1.0
2017-09-05,4.5,4.5,4.25,4.36,4.36,154807,0.0,1.0
2017-09-01,4.42,4.52,4.39,4.51,4.51,186045,0.0,1.0
2017-08-31,4.33,4.46,4.29,4.38,4.38,137546,0.0,1.0
2017-08-30,4.46,4.46,4.22,4.3,4.3,104461,0.0,1.0
2017-08-29,4.24,4.45,4.12,4.45,4.45,267287,0.0,1.0
2017-08-28,4.3,4.39,4.22,4.31,4.31,129917,0.0,1.0
2017-08-25,4.52,4.52,4.3,4.3,4.3,144893,0.0,1.0
2017-08-24,4.41,4.6,4.4,4.52,4.52,313687,0.0,1.0
2017-08-23,4.38,4.44,4.34,4.41,4.41,187952,0.0,1.0
2017-08-22,4.37,4.48,4.34,4.4,4.4,247879,0.0,1.0
2017-08-21,4.23,4.45,4.14,4.37,4.37,375188,0.0,1.0
2017-08-18,4.2,4.3,4.14,4.26,4.26,119551,0.0,1.0
2017-08-17,4.25,4.35,4.11,4.24,4.24,203743,0.0,1.0
2017-08-16,4.22,4.33,4.19,4.27,4.27,347365,0.0,1.0
2017-08-15,4.09,4.26,3.96,4.23,4.23,335030,0.0,1.0
2017-08-14,3.89,4.24,3.85,4.1,4.1,549745,0.0,1.0
2017-08-11,3.53,3.94,3.47,3.85,3.85,788189,0.0,1.0
2017-08-10,3.42,3.749,3.18,3.57,3.57,922018,0.0,1.0
2017-08-09,3.12,3.2,2.96,3.06,3.06,374756,0.0,1.0
2017-08-08,3.12,3.25,3.08,3.14,3.14,196848,0.0,1.0
2017-08-07,3.23,3.26,3.095,3.11,3.11,165569,0.0,1.0
2017-08-04,2.95,3.35,2.95,3.2,3.2,257303,0.0,1.0
2017-08-03,3.05,3.05,2.91,2.94,2.94,221029,0.0,1.0
2017-08-02,3.22,3.45,3.0,3.03,3.03,416745,0.0,1.0
2017-08-01,3.44,3.44,3.055,3.22,3.22,361134,0.0,1.0
2017-07-31,3.24,3.41,3.159,3.41,3.41,317550,0.0,1.0
2017-07-28,3.42,3.45,3.16,3.22,3.22,304261,0.0,1.0
2017-07-27,3.72,3.745,3.41,3.43,3.43,357900,0.0,1.0
2017-07-26,3.88,3.89,3.71,3.75,3.75,190761,0.0,1.0
2017-07-25,3.9,3.98,3.83,3.9,3.9,139287,0.0,1.0
2017-07-24,3.82,3.91,3.71,3.89,3.89,146107,0.0,1.0
2017-07-21,3.96,3.96,3.71,3.83,3.83,237752,0.0,1.0
2017-07-20,3.74,3.96,3.67,3.96,3.96,183097,0.0,1.0
2017-07-19,3.63,3.79,3.61,3.79,3.79,103600,0.0,1.0
2017-07-18,3.8,3.83,3.6,3.63,3.63,148091,0.0,1.0
2017-07-17,3.83,3.91,3.76,3.83,3.83,73376,0.0,1.0
2017-07-14,3.84,3.91,3.81,3.85,3.85,103290,0.0,1.0
2017-07-13,3.79,3.89,3.7,3.85,3.85,114927,0.0,1.0
2017-07-12,3.94,3.94,3.66,3.8,3.8,341601,0.0,1.0
2017-07-11,3.85,3.85,3.71,3.84,3.84,158535,0.0,1.0
2017-07-10,3.74,3.87,3.62,3.82,3.82,110256,0.0,1.0
2017-07-07,3.75,3.85,3.68,3.73,3.73,196822,0.0,1.0
2017-07-06,3.9,3.93,3.75,3.76,3.76,191370,0.0,1.0
2017-07-05,4.05,4.06,3.9,3.92,3.92,194834,0.0,1.0
2017-07-03,4.17,4.2,3.95,4.08,4.08,113941,0.0,1.0
2017-06-30,3.99,4.21,3.86,4.15,4.15,273342,0.0,1.0
2017-06-29,4.21,4.42,3.96,4.0,4.0,350791,0.0,1.0
2017-06-28,4.22,4.29,4.09,4.19,4.19,518738,0.0,1.0
2017-06-27,4.12,4.31,4.12,4.21,4.21,187851,0.0,1.0
2017-06-26,4.03,4.39,4.03,4.16,4.16,277147,0.0,1.0
2017-06-23,4.5,4.68,4.06,4.13,4.13,2905462,0.0,1.0
2017-06-22,4.11,4.495,4.09,4.48,4.48,422288,0.0,1.0
2017-06-21,4.01,4.33,3.94,4.09,4.09,346568,0.0,1.0
2017-06-20,4.0,4.03,3.85,4.02,4.02,212741,0.0,1.0
2017-06-19,3.93,4.12,3.77,4.02,4.02,416126,0.0,1.0
2017-06-16,3.77,3.94,3.65,3.93,3.93,607909,0.0,1.0
2017-06-15,3.83,3.9,3.75,3.83,3.83,139202,0.0,1.0
2017-06-14,3.86,3.88,3.71,3.87,3.87,202141,0.0,1.0
2017-06-13,3.79,3.9,3.64,3.84,3.84,219881,0.0,1.0
2017-06-12,3.61,3.79,3.6,3.78,3.78,396349,0.0,1.0
2017-06-09,3.44,3.58,3.33,3.53,3.53,276500,0.0,1.0
2017-06-08,3.38,3.49,3.25,3.42,3.42,210144,0.0,1.0
2017-06-07,3.34,3.35,3.16,3.34,3.34,502648,0.0,1.0
2017-06-06,3.51,3.6,3.45,3.48,3.48,304908,0.0,1.0
2017-06-05,3.93,3.93,3.51,3.55,3.55,317244,0.0,1.0
2017-06-02,3.97,3.97,3.81,3.9,3.9,254932,0.0,1.0
2017-06-01,3.76,4.02,3.72,3.95,3.95,402889,0.0,1.0
2017-05-31,3.68,3.78,3.6,3.77,3.77,469161,0.0,1.0
2017-05-30,3.64,3.68,3.55,3.65,3.65,299671,0.0,1.0
2017-05-26,3.73,3.83,3.63,3.64,3.64,480034,0.0,1.0
2017-05-25,3.45,3.68,3.45,3.68,3.68,438254,0.0,1.0
2017-05-24,3.42,3.56,3.39,3.45,3.45,390154,0.0,1.0
2017-05-23,3.59,3.61,3.395,3.44,3.44,638431,0.0,1.0
2017-05-22,3.93,3.95,3.35,3.6,3.6,1920142,0.0,1.0
2017-05-19,3.0,4.1,2.99,3.98,3.98,3600919,0.0,1.0
2017-05-18,2.71,2.89,2.54,2.88,2.88,1218668,0.0,1.0
2017-05-17,2.9,2.915,2.685,2.72,2.72,973776,0.0,1.0
2017-05-16,3.16,3.19,2.86,2.9,2.9,1290436,0.0,1.0
2017-05-15,3.5,3.61,2.87,3.15,3.15,1218302,0.0,1.0
2017-05-12,4.06,4.09,3.87,3.9,3.9,345992,0.0,1.0
2017-05-11,4.0,4.07,3.87,4.0,4.0,405107,0.0,1.0
2017-05-10,3.95,4.07,3.94,4.01,4.01,502804,0.0,1.0
2017-05-09,4.13,4.16,3.94,3.95,3.95,252623,0.0,1.0
2017-05-08,4.27,4.27,4.06,4.07,4.07,268944,0.0,1.0
2017-05-05,4.26,4.33,4.2,4.26,4.26,117549,0.0,1.0
2017-05-04,4.19,4.24,4.0,4.22,4.22,357201,0.0,1.0
2017-05-03,4.47,4.5,4.14,4.18,4.18,197020,0.0,1.0
2017-05-02,4.19,4.59,4.14,4.47,4.47,464548,0.0,1.0
2017-05-01,4.27,4.3,4.15,4.18,4.18,133794,0.0,1.0
2017-04-28,4.36,4.48,4.26,4.27,4.27,153051,0.0,1.0
2017-04-27,4.7,4.76,4.38,4.41,4.41,345187,0.0,1.0
2017-04-26,4.5,4.81,4.49,4.7,4.7,300370,0.0,1.0
2017-04-25,4.52,4.54,4.46,4.5,4.5,438030,0.0,1.0
2017-04-24,4.59,4.59,4.43,4.47,4.47,182755,0.0,1.0
2017-04-21,4.46,4.52,4.4,4.49,4.49,264552,0.0,1.0
2017-04-20,4.67,4.67,4.4,4.49,4.49,305306,0.0,1.0
2017-04-19,4.77,4.8,4.63,4.66,4.66,222755,0.0,1.0
2017-04-18,4.62,4.75,4.58,4.73,4.73,233135,0.0,1.0
2017-04-17,4.74,4.74,4.47,4.69,4.69,269938,0.0,1.0
2017-04-13,4.97,4.985,4.72,4.76,4.76,181048,0.0,1.0
2017-04-12,4.96,5.0,4.76,4.98,4.98,305383,0.0,1.0
2017-04-11,5.01,5.11,4.9,4.96,4.96,207256,0.0,1.0
2017-04-10,4.89,5.12,4.87,5.05,5.05,251982,0.0,1.0
2017-04-07,5.18,5.18,4.85,4.93,4.93,388770,0.0,1.0
2017-04-06,5.01,5.22,4.92,5.2,5.2,405143,0.0,1.0
2017-04-05,5.19,5.33,4.99,5.0,5.0,794208,0.0,1.0
2017-04-04,5.18,5.31,5.04,5.16,5.16,388889,0.0,1.0
2017-04-03,5.43,5.57,5.06,5.15,5.15,556237,0.0,1.0
2017-03-31,5.45,5.78,5.4,5.44,5.44,642613,0.0,1.0
2017-03-30,5.46,5.52,5.3,5.34,5.34,620770,0.0,1.0
2017-03-29,5.48,5.7,5.12,5.46,5.46,2463180,0.0,1.0
2017-03-28,6.88,6.89,6.12,6.37,6.37,359981,0.0,1.0
2017-03-27,7.3,7.37,6.81,6.9,6.9,349948,0.0,1.0
2017-03-24,6.92,7.32,6.86,7.17,7.17,256439,0.0,1.0
2017-03-23,6.64,6.97,6.64,6.84,6.84,215983,0.0,1.0
2017-03-22,6.9,6.91,6.54,6.63,6.63,309088,0.0,1.0
2017-03-21,7.39,7.44,6.42,6.92,6.92,654131,0.0,1.0
2017-03-20,7.95,7.96,7.41,7.45,7.45,306153,0.0,1.0
2017-03-17,7.85,8.29,7.73,8.03,8.03,748014,0.0,1.0
2017-03-16,7.63,7.94,7.53,7.89,7.89,279996,0.0,1.0
2017-03-15,7.42,7.59,7.15,7.58,7.58,355854,0.0,1.0
2017-03-14,7.74,7.74,7.35,7.36,7.36,194450,0.0,1.0
2017-03-13,7.78,7.94,7.435,7.76,7.76,271382,0.0,1.0
2017-03-10,8.0,8.1,7.71,7.73,7.73,141040,0.0,1.0
2017-03-09,8.04,8.1,7.86,8.01,8.01,167702,0.0,1.0
2017-03-08,8.31,8.51,7.95,8.0,8.0,296556,0.0,1.0
2017-03-07,8.42,8.42,8.0,8.32,8.32,176689,0.0,1.0
2017-03-06,8.56,8.62,8.15,8.48,8.48,218529,0.0,1.0
2017-03-03,8.29,8.67,8.29,8.6,8.6,197342,0.0,1.0
2017-03-02,8.45,8.52,8.21,8.23,8.23,100959,0.0,1.0
2017-03-01,8.72,8.72,8.42,8.52,8.52,228895,0.0,1.0
2017-02-28,8.73,8.8,8.44,8.55,8.55,130201,0.0,1.0
2017-02-27,8.27,8.76,8.27,8.75,8.75,179495,0.0,1.0
2017-02-24,8.33,8.37,8.08,8.29,8.29,138745,0.0,1.0
2017-02-23,8.61,8.64,8.13,8.33,8.33,167915,0.0,1.0
2017-02-22,8.57,8.68,8.34,8.54,8.54,177010,0.0,1.0
2017-02-21,8.22,8.83,8.18,8.59,8.59,232474,0.0,1.0
2017-02-17,8.2,8.25,7.89,8.16,8.16,274854,0.0,1.0
2017-02-16,8.46,8.51,8.08,8.18,8.18,100909,0.0,1.0
2017-02-15,8.24,8.56,8.235,8.46,8.46,155578,0.0,1.0
2017-02-14,8.22,8.32,8.05,8.3,8.3,116888,0.0,1.0
2017-02-13,8.43,8.48,8.24,8.27,8.27,90921,0.0,1.0
2017-02-10,8.5,8.7,8.33,8.37,8.37,170176,0.0,1.0
2017-02-09,8.13,8.53,8.01,8.49,8.49,169618,0.0,1.0
2017-02-08,8.1,8.18,7.85,8.13,8.13,612267,0.0,1.0
2017-02-07,8.41,8.61,8.1,8.1,8.1,284321,0.0,1.0
2017-02-06,8.66,8.94,8.35,8.45,8.45,199682,0.0,1.0
2017-02-03,8.64,8.79,8.5,8.69,8.69,169869,0.0,1.0
2017-02-02,8.87,8.93,8.59,8.6,8.6,157563,0.0,1.0
2017-02-01,8.83,8.985,8.76,8.87,8.87,69466,0.0,1.0
2017-01-31,8.65,8.92,8.6,8.79,8.79,244377,0.0,1.0
2017-01-30,8.67,8.7925,8.45,8.63,8.63,288508,0.0,1.0
2017-01-27,8.89,8.9317,8.63,8.72,8.72,87996,0.0,1.0
2017-01-26,9.16,9.22,8.78,8.91,8.91,136714,0.0,1.0
2017-01-25,8.9,9.33,8.9,9.17,9.17,229646,0.0,1.0
2017-01-24,8.76,8.95,8.64,8.81,8.81,827915,0.0,1.0
2017-01-23,8.78,8.79,8.34,8.68,8.68,323405,0.0,1.0
2017-01-20,9.07,9.26,8.64,8.81,8.81,420983,0.0,1.0
2017-01-19,8.9,9.15,8.54,9.04,9.04,230105,0.0,1.0
2017-01-18,9.36,9.37,8.865,8.98,8.98,133433,0.0,1.0
2017-01-17,9.05,9.46,8.95,9.37,9.37,167026,0.0,1.0
2017-01-13,8.67,9.11,8.6,9.09,9.09,239351,0.0,1.0
2017-01-12,8.68,8.73,8.21,8.67,8.67,276636,0.0,1.0
2017-01-11,8.59,8.82,8.59,8.69,8.69,264064,0.0,1.0
2017-01-10,8.57,8.65,8.28,8.61,8.61,301922,0.0,1.0
2017-01-09,8.63,8.81,8.54,8.57,8.57,117982,0.0,1.0
2017-01-06,8.72,8.76,8.42,8.63,8.63,118155,0.0,1.0
2017-01-05,8.67,8.79,8.4,8.66,8.66,143704,0.0,1.0
2017-01-04,8.05,8.8985,8.05,8.74,8.74,413830,0.0,1.0
2017-01-03,7.34,8.1,7.34,8.03,8.03,326190,0.0,1.0
2016-12-30,7.37,7.69,7.25,7.27,7.27,229800,0.0,1.0
2016-12-29,7.8,7.84,7.31,7.37,7.37,224799,0.0,1.0
2016-12-28,7.88,7.99,7.71,7.77,7.77,115554,0.0,1.0
2016-12-27,7.84,8.02,7.75,7.84,7.84,106166,0.0,1.0
2016-12-23,7.66,7.89,7.65,7.86,7.86,157858,0.0,1.0
2016-12-22,7.8,8.2399,7.68,7.72,7.72,374690,0.0,1.0
2016-12-21,7.75,7.945,7.75,7.85,7.85,166557,0.0,1.0
2016-12-20,7.9,8.025,7.671,7.8,7.8,253724,0.0,1.0
2016-12-19,8.02,8.1304,7.83,7.9,7.9,229574,0.0,1.0
2016-12-16,7.45,8.06,7.4,8.0,8.0,1933152,0.0,1.0
2016-12-15,6.72,7.42,6.57,7.42,7.42,588270,0.0,1.0
2016-12-14,6.69,6.77,6.55,6.74,6.74,282552,0.0,1.0
2016-12-13,6.64,6.79,6.57,6.75,6.75,323155,0.0,1.0
2016-12-12,6.34,6.64,6.34,6.64,6.64,235115,0.0,1.0
2016-12-09,6.34,6.43,6.23,6.38,6.38,158467,0.0,1.0
2016-12-08,6.15,6.32,6.06,6.29,6.29,266423,0.0,1.0
2016-12-07,6.01,6.34,6.0,6.2,6.2,197951,0.0,1.0
2016-12-06,6.06,6.12,5.77,6.04,6.04,159983,0.0,1.0
2016-12-05,5.71,6.041,5.68,6.01,6.01,217907,0.0,1.0
2016-12-02,5.81,5.86,5.69,5.69,5.69,115855,0.0,1.0
2016-12-01,5.71,5.87,5.67,5.78,5.78,232993,0.0,1.0
2016-11-30,5.78,5.98,5.7,5.72,5.72,571028,0.0,1.0
2016-11-29,6.1,6.12,5.75,5.79,5.79,283432,0.0,1.0
2016-11-28,6.12,6.46,5.96,6.07,6.07,292396,0.0,1.0
2016-11-25,6.65,6.77,6.08,6.12,6.12,183610,0.0,1.0
2016-11-23,6.72,6.79,6.53,6.7,6.7,107018,0.0,1.0
2016-11-22,7.05,7.05,6.52,6.76,6.76,239874,0.0,1.0
2016-11-21,6.98,7.07,6.76,7.05,7.05,259490,0.0,1.0
2016-11-18,6.76,7.0594,6.76,6.98,6.98,297214,0.0,1.0
2016-11-17,6.61,7.065,6.61,6.76,6.76,493315,0.0,1.0
2016-11-16,6.6,6.83,6.42,6.66,6.66,386794,0.0,1.0
2016-11-15,5.39,7.06,5.39,6.6,6.6,1119753,0.0,1.0
2016-11-14,4.75,5.47,4.74,5.39,5.39,656550,0.0,1.0
2016-11-11,4.19,4.93,4.19,4.72,4.72,1212546,0.0,1.0
2016-11-10,3.95,4.31,3.89,4.22,4.22,600067,0.0,1.0
2016-11-09,3.99,4.16,3.87,4.03,4.03,385749,0.0,1.0
2016-11-08,4.12,4.21,4.04,4.17,4.17,120964,0.0,1.0
2016-11-07,4.01,4.31,3.87,4.15,4.15,236666,0.0,1.0
2016-11-04,3.81,4.04,3.81,3.91,3.91,182875,0.0,1.0
2016-11-03,4.06,4.06,3.75,3.8,3.8,290994,0.0,1.0
2016-11-02,3.95,4.05,3.94,4.0,4.0,206736,0.0,1.0
2016-11-01,4.07,4.12,3.87,3.98,3.98,346963,0.0,1.0
2016-10-31,4.15,4.19,4.01,4.04,4.04,251678,0.0,1.0
2016-10-28,4.28,4.38,4.15,4.19,4.19,249509,0.0,1.0
2016-10-27,4.72,4.72,4.195,4.32,4.32,807152,0.0,1.0
2016-10-26,5.01,5.05,4.73,4.74,4.74,277031,0.0,1.0
2016-10-25,5.47,5.49,4.91,5.06,5.06,652791,0.0,1.0
2016-10-24,5.85,5.91,5.42,5.44,5.44,409773,0.0,1.0
2016-10-21,5.81,5.9,5.79,5.85,5.85,131903,0.0,1.0
2016-10-20,5.9,5.96,5.82,5.85,5.85,302974,0.0,1.0
2016-10-19,6.09,6.09,5.89,5.9,5.9,425914,0.0,1.0
2016-10-18,6.0,6.075,6.0,6.06,6.06,122343,0.0,1.0
2016-10-17,6.07,6.07,5.92,5.98,5.98,155719,0.0,1.0
2016-10-14,6.04,6.33,6.0,6.06,6.06,226397,0.0,1.0
2016-10-13,5.99,6.05,5.94,6.04,6.04,212914,0.0,1.0
2016-10-12,6.0,6.02,5.95,6.0,6.0,158949,0.0,1.0
2016-10-11,5.91,6.12,5.91,6.0,6.0,229652,0.0,1.0
2016-10-10,6.04,6.1,5.875,5.96,5.96,189826,0.0,1.0
2016-10-07,6.23,6.24,5.95,6.06,6.06,183994,0.0,1.0
2016-10-06,6.25,6.29,6.2,6.23,6.23,112695,0.0,1.0
2016-10-05,6.27,6.42,6.24,6.25,6.25,143120,0.0,1.0
2016-10-04,6.26,6.35,6.23,6.29,6.29,210821,0.0,1.0
2016-10-03,6.04,6.29,6.04,6.29,6.29,186472,0.0,1.0
2016-09-30,6.05,6.32,6.05,6.27,6.27,217706,0.0,1.0
2016-09-29,6.06,6.14,6.0,6.08,6.08,173210,0.0,1.0
2016-09-28,6.11,6.215,6.02,6.04,6.04,484392,0.0,1.0
2016-09-27,6.04,6.19,5.985,6.14,6.14,875285,0.0,1.0
2016-09-26,6.23,6.3,6.01,6.04,6.04,306072,0.0,1.0
2016-09-23,6.22,6.33,6.03,6.28,6.28,307315,0.0,1.0
2016-09-22,6.3,6.48,6.2,6.25,6.25,277493,0.0,1.0
2016-09-21,6.83,6.85,6.33,6.35,6.35,377132,0.0,1.0
2016-09-20,6.87,6.93,6.73,6.84,6.84,279698,0.0,1.0
2016-09-19,6.49,6.91,6.38,6.88,6.88,435543,0.0,1.0
2016-09-16,6.35,6.51,6.185,6.47,6.47,1389565,0.0,1.0
2016-09-15,6.27,6.38,6.1,6.32,6.32,232339,0.0,1.0
2016-09-14,6.65,6.7,6.24,6.3,6.3,297907,0.0,1.0
2016-09-13,6.5,6.68,6.37,6.61,6.61,355000,0.0,1.0
2016-09-12,6.79,6.85,6.31,6.51,6.51,906235,0.0,1.0
2016-09-09,7.06,7.1999,6.7,6.88,6.88,678231,0.0,1.0
2016-09-08,7.01,7.3,6.97,7.15,7.15,500984,0.0,1.0
2016-09-07,6.11,7.08,6.1,7.01,7.01,714693,0.0,1.0
2016-09-06,6.14,6.22,6.06,6.16,6.16,291546,0.0,1.0
2016-09-02,6.19,6.22,6.07,6.15,6.15,194144,0.0,1.0
2016-09-01,6.13,6.25,6.1,6.19,6.19,304653,0.0,1.0
2016-08-31,6.17,6.2,6.05,6.15,6.15,246523,0.0,1.0
2016-08-30,6.06,6.25,6.02,6.2,6.2,253045,0.0,1.0
2016-08-29,6.0,6.06,5.95,6.05,6.05,209329,0.0,1.0
2016-08-26,6.03,6.14,5.96,6.02,6.02,185198,0.0,1.0
2016-08-25,6.0,6.09,5.97,6.01,6.01,320899,0.0,1.0
2016-08-24,6.33,6.35,5.99,6.02,6.02,354698,0.0,1.0
2016-08-23,6.33,6.44,6.2895,6.33,6.33,195861,0.0,1.0
2016-08-22,6.21,6.37,6.05,6.26,6.26,371906,0.0,1.0
2016-08-19,6.45,6.45,6.11,6.21,6.21,400905,0.0,1.0
2016-08-18,6.96,6.99,6.44,6.48,6.48,670256,0.0,1.0
2016-08-17,6.72,6.93,6.3501,6.92,6.92,983010,0.0,1.0
2016-08-16,5.88,6.8,5.857,6.66,6.66,1206838,0.0,1.0
2016-08-15,5.61,6.25,5.61,5.89,5.89,1421325,0.0,1.0
2016-08-12,5.23,5.28,5.03,5.11,5.11,815709,0.0,1.0
2016-08-11,5.49,5.5,4.12,5.03,5.03,5165421,0.0,1.0
2016-08-10,9.77,10.12,9.74,10.02,10.02,333153,0.0,1.0
2016-08-09,9.94,10.08,9.74,9.81,9.81,237228,0.0,1.0
2016-08-08,9.95,10.05,9.87,9.93,9.93,100371,0.0,1.0
2016-08-05,10.08,10.24,9.84,9.91,9.91,121573,0.0,1.0
2016-08-04,10.12,10.22,9.81,10.07,10.07,119731,0.0,1.0
2016-08-03,10.36,10.45,9.9,10.09,10.09,249646,0.0,1.0
2016-08-02,10.6,10.7599,10.27,10.46,10.46,164310,0.0,1.0
2016-08-01,10.81,10.935,10.56,10.58,10.58,143674,0.0,1.0
2016-07-29,11.04,11.07,10.77,10.89,10.89,213725,0.0,1.0
2016-07-28,10.87,11.07,10.77,10.98,10.98,101068,0.0,1.0
2016-07-27,10.9,11.0,10.85,10.9,10.9,83521,0.0,1.0
2016-07-26,10.93,11.14,10.86,11.01,11.01,104550,0.0,1.0
2016-07-25,10.86,10.95,10.76,10.8,10.8,94630,0.0,1.0
2016-07-22,10.98,11.1,10.8,10.86,10.86,159643,0.0,1.0
2016-07-21,10.7,11.33,10.7,11.02,11.02,128152,0.0,1.0
2016-07-20,10.86,11.0,10.71,10.77,10.77,366359,0.0,1.0
2016-07-19,11.37,11.4999,10.7872,10.86,10.86,167382,0.0,1.0
2016-07-18,10.99,11.59,10.94,11.44,11.44,138843,0.0,1.0
2016-07-15,10.96,11.07,10.85,10.98,10.98,245463,0.0,1.0
2016-07-14,10.84,10.97,10.73,10.86,10.86,249073,0.0,1.0
2016-07-13,10.93,11.07,10.79,10.84,10.84,195994,0.0,1.0
2016-07-12,10.9,11.02,10.85,10.9,10.9,167324,0.0,1.0
2016-07-11,10.46,10.98,10.46,10.83,10.83,199822,0.0,1.0
2016-07-08,10.49,10.54,10.35,10.46,10.46,200343,0.0,1.0
2016-07-07,10.8,11.04,10.22,10.35,10.35,173582,0.0,1.0
2016-07-06,10.85,11.01,10.76,10.85,10.85,252791,0.0,1.0
2016-07-05,10.9,11.02,10.81,10.93,10.93,140761,0.0,1.0
2016-07-01,10.63,11.06,10.63,11.01,11.01,168563,0.0,1.0
2016-06-30,10.46,10.72,10.31,10.71,10.71,351816,0.0,1.0
2016-06-29,10.77,10.9,10.23,10.33,10.33,626274,0.0,1.0
2016-06-28,11.0,11.2,10.65,10.75,10.75,292629,0.0,1.0
2016-06-27,10.81,11.32,10.58,10.98,10.98,280986,0.0,1.0
2016-06-24,10.89,11.58,10.78,11.0,11.0,2683032,0.0,1.0
2016-06-23,10.94,11.66,10.78,11.61,11.61,539198,0.0,1.0
2016-06-22,10.55,11.0,10.55,10.87,10.87,250472,0.0,1.0
2016-06-21,10.9,11.04,10.47,10.6,10.6,321550,0.0,1.0
2016-06-20,11.25,11.46,10.8,10.9,10.9,318648,0.0,1.0
2016-06-17,11.5,11.53,11.11,11.33,11.33,735945,0.0,1.0
2016-06-16,11.53,11.75,11.3,11.46,11.46,361190,0.0,1.0
2016-06-15,11.95,12.22,11.52,11.69,11.69,414696,0.0,1.0
2016-06-14,12.43,12.59,11.71,12.08,12.08,812611,0.0,1.0
2016-06-13,12.54,12.58,12.3301,12.49,12.49,322929,0.0,1.0
2016-06-10,12.61,12.74,12.37,12.51,12.51,252062,0.0,1.0
2016-06-09,12.65,12.87,12.53,12.72,12.72,283871,0.0,1.0
2016-06-08,12.83,13.14,12.4,12.8,12.8,305822,0.0,1.0
2016-06-07,12.4,13.12,12.29,12.91,12.91,286602,0.0,1.0
2016-06-06,13.05,13.09,12.43,12.55,12.55,525219,0.0,1.0
2016-06-03,12.69,13.11,12.69,12.88,12.88,305037,0.0,1.0
2016-06-02,12.85,12.95,12.31,12.84,12.84,503430,0.0,1.0
2016-06-01,13.12,13.44,12.33,12.55,12.55,508229,0.0,1.0
2016-05-31,13.18,13.52,13.15,13.25,13.25,358294,0.0,1.0
2016-05-27,13.08,13.48,13.08,13.18,13.18,136773,0.0,1.0
2016-05-26,12.66,13.24,12.66,13.14,13.14,1297845,0.0,1.0
2016-05-25,11.96,12.83,11.94,12.59,12.59,295785,0.0,1.0
2016-05-24,12.01,12.35,11.71,12.02,12.02,368249,0.0,1.0
2016-05-23,12.31,12.924,11.99,12.01,12.01,702792,0.0,1.0
2016-05-20,12.23,12.8,11.99,12.16,12.16,603136,0.0,1.0
2016-05-19,11.15,11.87,11.07,11.74,11.74,561398,0.0,1.0
2016-05-18,11.05,11.95,11.05,11.31,11.31,602373,0.0,1.0
2016-05-17,11.2,11.49,10.77,11.05,11.05,594928,0.0,1.0
2016-05-16,10.85,11.89,10.71,11.25,11.25,437553,0.0,1.0
2016-05-13,10.94,11.3,10.65,11.2,11.2,1166285,0.0,1.0
2016-05-12,9.91,10.92,9.71,10.79,10.79,1691933,0.0,1.0
2016-05-11,10.19,10.3999,9.83,9.93,9.93,682387,0.0,1.0
2016-05-10,9.76,10.59,9.76,10.33,10.33,1259712,0.0,1.0
2016-05-09,8.99,10.0,8.82,9.98,9.98,1593565,0.0,1.0
2016-05-06,10.03,10.06,9.0,9.08,9.08,2780400,0.0,1.0
2016-05-05,11.5,11.5418,9.57,10.04,10.04,1740915,0.0,1.0
2016-05-04,12.77,12.77,11.27,11.67,11.67,690190,0.0,1.0
2016-05-03,12.54,13.0,12.16,12.77,12.77,1440301,0.0,1.0
2016-05-02,13.15,13.51,12.35,13.08,13.08,5677700,0.0,1.0
