,ACET_Open,ACET_High,ACET_Low,ACET_Close,ACET_Adj Close,ACET_Volume,ACET_Dividend Amount,ACET_Split Coefficient
2024-10-04,1.42,1.45,1.4,1.42,1.42,122360,0.0,1.0
2024-10-03,1.47,1.47,1.39,1.42,1.42,246766,0.0,1.0
2024-10-02,1.4,1.5,1.37,1.49,1.49,2506264,0.0,1.0
2024-10-01,1.41,1.5,1.395,1.42,1.42,2596695,0.0,1.0
2024-09-30,1.49,1.51,1.42,1.44,1.44,379681,0.0,1.0
2024-09-27,1.4,1.49,1.39,1.43,1.43,409466,0.0,1.0
2024-09-26,1.35,1.42,1.35,1.4,1.4,245932,0.0,1.0
2024-09-25,1.38,1.39,1.32,1.34,1.34,392373,0.0,1.0
2024-09-24,1.43,1.441,1.37,1.39,1.39,388082,0.0,1.0
2024-09-23,1.52,1.52,1.42,1.43,1.43,390112,0.0,1.0
2024-09-20,1.53,1.53,1.48,1.53,1.53,309579,0.0,1.0
2024-09-19,1.5,1.57,1.5,1.52,1.52,252586,0.0,1.0
2024-09-18,1.5,1.54,1.46,1.46,1.46,245757,0.0,1.0
2024-09-17,1.51,1.57,1.4318,1.5,1.5,375776,0.0,1.0
2024-09-16,1.49,1.57,1.47,1.5,1.5,287288,0.0,1.0
2024-09-13,1.54,1.61,1.46,1.49,1.49,330811,0.0,1.0
2024-09-12,1.43,1.63,1.41,1.53,1.53,859862,0.0,1.0
2024-09-11,1.41,1.51,1.33,1.43,1.43,939191,0.0,1.0
2024-09-10,1.48,1.48,1.43,1.43,1.43,239452,0.0,1.0
2024-09-09,1.51,1.59,1.46,1.48,1.48,239608,0.0,1.0
2024-09-06,1.43,1.505,1.4,1.48,1.48,566201,0.0,1.0
2024-09-05,1.52,1.54,1.44,1.44,1.44,407910,0.0,1.0
2024-09-04,1.48,1.54,1.44,1.51,1.51,383994,0.0,1.0
2024-09-03,1.44,1.505,1.4,1.49,1.49,655657,0.0,1.0
2024-08-30,1.48,1.51,1.455,1.46,1.46,238972,0.0,1.0
2024-08-29,1.46,1.54,1.44,1.48,1.48,446981,0.0,1.0
2024-08-28,1.4,1.46,1.39,1.46,1.46,303947,0.0,1.0
2024-08-27,1.5,1.55,1.4,1.41,1.41,302480,0.0,1.0
2024-08-26,1.5,1.56,1.47,1.53,1.53,299177,0.0,1.0
2024-08-23,1.54,1.57,1.49,1.49,1.49,471514,0.0,1.0
2024-08-22,1.6,1.615,1.53,1.54,1.54,192815,0.0,1.0
2024-08-21,1.49,1.62,1.48,1.57,1.57,423469,0.0,1.0
2024-08-20,1.58,1.6,1.45,1.47,1.47,336443,0.0,1.0
2024-08-19,1.5,1.6399,1.5,1.55,1.55,688502,0.0,1.0
2024-08-16,1.43,1.55,1.43,1.53,1.53,473827,0.0,1.0
2024-08-15,1.4,1.49,1.4,1.43,1.43,424357,0.0,1.0
2024-08-14,1.32,1.43,1.32,1.37,1.37,746224,0.0,1.0
2024-08-13,1.29,1.39,1.28,1.3,1.3,515854,0.0,1.0
2024-08-12,1.33,1.3599,1.26,1.27,1.27,430814,0.0,1.0
2024-08-09,1.33,1.35,1.29,1.34,1.34,591943,0.0,1.0
2024-08-08,1.34,1.4,1.3,1.33,1.33,583797,0.0,1.0
2024-08-07,1.36,1.42,1.31,1.34,1.34,673292,0.0,1.0
2024-08-06,1.36,1.38,1.29,1.33,1.33,494377,0.0,1.0
2024-08-05,1.37,1.39,1.3,1.3,1.3,661773,0.0,1.0
2024-08-02,1.46,1.47,1.4,1.44,1.44,599772,0.0,1.0
2024-08-01,1.55,1.55,1.465,1.51,1.51,886131,0.0,1.0
2024-07-31,1.56,1.61,1.46,1.51,1.51,864249,0.0,1.0
2024-07-30,1.61,1.63,1.51,1.55,1.55,847443,0.0,1.0
2024-07-29,1.61,1.7,1.58,1.63,1.63,1146407,0.0,1.0
2024-07-26,1.52,1.63,1.4,1.59,1.59,1008262,0.0,1.0
2024-07-25,1.44,1.5189,1.43,1.51,1.51,527799,0.0,1.0
2024-07-24,1.39,1.5,1.39,1.45,1.45,759426,0.0,1.0
2024-07-23,1.37,1.45,1.335,1.44,1.44,990307,0.0,1.0
2024-07-22,1.24,1.3799,1.22,1.37,1.37,1634538,0.0,1.0
2024-07-19,1.26,1.26,1.16,1.24,1.24,1226251,0.0,1.0
2024-07-18,1.32,1.32,1.22,1.23,1.23,983497,0.0,1.0
2024-07-17,1.28,1.35,1.25,1.31,1.31,1392262,0.0,1.0
2024-07-16,1.25,1.305,1.21,1.28,1.28,3149104,0.0,1.0
2024-07-15,1.22,1.28,1.18,1.23,1.23,949961,0.0,1.0
2024-07-12,1.26,1.27,1.2,1.21,1.21,1117667,0.0,1.0
2024-07-11,1.26,1.28,1.22,1.26,1.26,975435,0.0,1.0
2024-07-10,1.22,1.3,1.205,1.27,1.27,1240215,0.0,1.0
2024-07-09,1.18,1.23,1.17,1.21,1.21,1140748,0.0,1.0
2024-07-08,1.2,1.2,1.15,1.17,1.17,1969604,0.0,1.0
2024-07-05,1.1,1.13,1.07,1.07,1.07,721545,0.0,1.0
2024-07-03,1.1,1.12,1.05,1.09,1.09,830888,0.0,1.0
2024-07-02,1.16,1.16,1.09,1.1,1.1,1185781,0.0,1.0
2024-07-01,1.22,1.24,1.15,1.15,1.15,1658117,0.0,1.0
2024-06-28,1.34,1.34,1.21,1.21,1.21,8136938,0.0,1.0
2024-06-27,1.34,1.38,1.27,1.34,1.34,626753,0.0,1.0
2024-06-26,1.44,1.475,1.32,1.34,1.34,1003183,0.0,1.0
2024-06-25,1.47,1.5,1.41,1.47,1.47,964281,0.0,1.0
2024-06-24,1.4,1.515,1.3997,1.5,1.5,3262786,0.0,1.0
2024-06-21,1.36,1.4,1.36,1.37,1.37,534607,0.0,1.0
2024-06-20,1.34,1.4,1.33,1.36,1.36,476022,0.0,1.0
2024-06-18,1.3,1.38,1.3,1.34,1.34,435229,0.0,1.0
2024-06-17,1.34,1.34,1.3,1.32,1.32,612274,0.0,1.0
2024-06-14,1.46,1.48,1.34,1.35,1.35,495902,0.0,1.0
2024-06-13,1.42,1.49,1.36,1.45,1.45,578127,0.0,1.0
2024-06-12,1.32,1.43,1.3,1.4,1.4,721083,0.0,1.0
2024-06-11,1.28,1.31,1.245,1.29,1.29,920179,0.0,1.0
2024-06-10,1.37,1.38,1.27,1.31,1.31,558322,0.0,1.0
2024-06-07,1.4,1.4,1.322,1.35,1.35,665463,0.0,1.0
2024-06-06,1.44,1.5,1.38,1.4,1.4,901372,0.0,1.0
2024-06-05,1.43,1.5,1.405,1.44,1.44,1443669,0.0,1.0
2024-06-04,1.46,1.46,1.35,1.36,1.36,775456,0.0,1.0
2024-06-03,1.5,1.59,1.44,1.44,1.44,421347,0.0,1.0
2024-05-31,1.5,1.526,1.42,1.45,1.45,452774,0.0,1.0
2024-05-30,1.47,1.52,1.42,1.48,1.48,291553,0.0,1.0
2024-05-29,1.51,1.525,1.45,1.45,1.45,446691,0.0,1.0
2024-05-28,1.51,1.63,1.5,1.56,1.56,685989,0.0,1.0
2024-05-24,1.53,1.55,1.475,1.49,1.49,480553,0.0,1.0
2024-05-23,1.64,1.65,1.53,1.53,1.53,511116,0.0,1.0
2024-05-22,1.6,1.68,1.6,1.63,1.63,496429,0.0,1.0
2024-05-21,1.62,1.71,1.585,1.61,1.61,519755,0.0,1.0
2024-05-20,1.61,1.64,1.53,1.62,1.62,636018,0.0,1.0
2024-05-17,1.58,1.6799,1.575,1.6,1.6,1057922,0.0,1.0
2024-05-16,1.43,1.59,1.4,1.57,1.57,846595,0.0,1.0
2024-05-15,1.41,1.53,1.38,1.4,1.4,2665184,0.0,1.0
2024-05-14,1.49,1.51,1.33,1.33,1.33,1225598,0.0,1.0
2024-05-13,1.5,1.555,1.43,1.44,1.44,877563,0.0,1.0
2024-05-10,1.73,1.73,1.46,1.47,1.47,939720,0.0,1.0
2024-05-09,1.66,1.7,1.62,1.63,1.63,440942,0.0,1.0
2024-05-08,1.7,1.81,1.63,1.65,1.65,1001437,0.0,1.0
2024-05-07,1.67,1.865,1.66,1.73,1.73,1612871,0.0,1.0
2024-05-06,1.49,1.71,1.49,1.69,1.69,3099672,0.0,1.0
2024-05-03,1.45,1.56,1.4,1.45,1.45,4866272,0.0,1.0
2024-05-02,1.51,1.55,1.39,1.41,1.41,4877852,0.0,1.0
2024-05-01,1.55,1.63,1.51,1.52,1.52,3890559,0.0,1.0
2024-04-30,1.59,1.68,1.45,1.49,1.49,2121565,0.0,1.0
2024-04-29,1.7,1.765,1.59,1.59,1.59,1605582,0.0,1.0
2024-04-26,1.81,1.825,1.66,1.68,1.68,1251696,0.0,1.0
2024-04-25,1.89,1.95,1.8,1.81,1.81,851580,0.0,1.0
2024-04-24,2.07,2.08,1.865,1.875,1.875,1478484,0.0,1.0
2024-04-23,2.14,2.25,2.07,2.1,2.1,1130428,0.0,1.0
2024-04-22,2.0,2.045,1.955,2.0,2.0,325351,0.0,1.0
2024-04-19,2.01,2.035,1.9,1.95,1.95,727751,0.0,1.0
2024-04-18,2.29,2.29,2.005,2.025,2.025,930124,0.0,1.0
2024-04-17,2.22,2.35,2.215,2.27,2.27,760776,0.0,1.0
2024-04-16,2.16,2.2,2.1392,2.19,2.19,171891,0.0,1.0
2024-04-15,2.16,2.26,2.13,2.2,2.2,495246,0.0,1.0
2024-04-12,2.2,2.215,2.14,2.16,2.16,416385,0.0,1.0
2024-04-11,2.18,2.295,2.1301,2.24,2.24,874525,0.0,1.0
2024-04-10,2.2,2.21,2.13,2.15,2.15,399875,0.0,1.0
2024-04-09,2.2,2.31,2.195,2.29,2.29,486285,0.0,1.0
2024-04-08,2.22,2.26,2.1332,2.18,2.18,645702,0.0,1.0
2024-04-05,2.29,2.3,2.2192,2.25,2.25,288281,0.0,1.0
2024-04-04,2.28,2.4,2.23,2.28,2.28,437863,0.0,1.0
2024-04-03,2.33,2.34,2.245,2.26,2.26,456528,0.0,1.0
2024-04-02,2.35,2.37,2.29,2.36,2.36,1534786,0.0,1.0
2024-04-01,2.35,2.43,2.28,2.4,2.4,581320,0.0,1.0
2024-03-28,2.33,2.395,2.31,2.35,2.35,534078,0.0,1.0
2024-03-27,2.26,2.34,2.2,2.33,2.33,614658,0.0,1.0
2024-03-26,2.29,2.29,2.115,2.24,2.24,804997,0.0,1.0
2024-03-25,2.16,2.345,2.16,2.2,2.2,645392,0.0,1.0
2024-03-22,2.06,2.24,2.02,2.19,2.19,944774,0.0,1.0
2024-03-21,2.14,2.22,2.03,2.04,2.04,1743567,0.0,1.0
2024-03-20,2.22,2.25,2.06,2.14,2.14,1660799,0.0,1.0
2024-03-19,1.97,2.06,1.9298,2.03,2.03,1116811,0.0,1.0
2024-03-18,2.01,2.06,1.88,1.95,1.95,1173241,0.0,1.0
2024-03-15,2.08,2.12,2.0,2.0,2.0,6485265,0.0,1.0
2024-03-14,2.25,2.295,2.05,2.05,2.05,1682696,0.0,1.0
2024-03-13,2.36,2.42,2.24,2.25,2.25,808311,0.0,1.0
2024-03-12,2.46,2.48,2.34,2.36,2.36,832682,0.0,1.0
2024-03-11,2.43,2.51,2.425,2.46,2.46,2734314,0.0,1.0
2024-03-08,2.41,2.515,2.41,2.43,2.43,4307523,0.0,1.0
2024-03-07,2.42,2.45,2.36,2.39,2.39,497143,0.0,1.0
2024-03-06,2.32,2.4199,2.32,2.4,2.4,590172,0.0,1.0
2024-03-05,2.37,2.4,2.25,2.32,2.32,846129,0.0,1.0
2024-03-04,2.45,2.54,2.2606,2.38,2.38,1323361,0.0,1.0
2024-03-01,2.36,2.41,2.3025,2.4,2.4,929706,0.0,1.0
2024-02-29,2.38,2.405,2.26,2.35,2.35,969193,0.0,1.0
2024-02-28,2.45,2.47,2.315,2.33,2.33,1024967,0.0,1.0
2024-02-27,2.42,2.505,2.3506,2.39,2.39,2603528,0.0,1.0
2024-02-26,2.61,2.61,2.36,2.42,2.42,1438020,0.0,1.0
2024-02-23,2.49,2.52,2.38,2.47,2.47,1815184,0.0,1.0
2024-02-22,2.69,2.74,2.43,2.44,2.44,2292167,0.0,1.0
2024-02-21,2.8,2.88,2.66,2.69,2.69,2883589,0.0,1.0
2024-02-20,2.94,3.04,2.805,2.85,2.85,982421,0.0,1.0
2024-02-16,2.98,3.005,2.88,2.94,2.94,539806,0.0,1.0
2024-02-15,2.92,3.01,2.855,3.0,3.0,1130170,0.0,1.0
2024-02-14,2.85,2.96,2.605,2.9,2.9,1470876,0.0,1.0
2024-02-13,3.1,3.1,2.715,2.77,2.77,2201456,0.0,1.0
2024-02-12,3.25,3.47,3.12,3.12,3.12,1183434,0.0,1.0
2024-02-09,3.39,3.5001,3.1,3.27,3.27,2038386,0.0,1.0
2024-02-08,3.18,3.4,3.125,3.38,3.38,1659270,0.0,1.0
2024-02-07,3.25,3.28,3.04,3.21,3.21,1858190,0.0,1.0
2024-02-06,3.23,3.62,3.1,3.19,3.19,2214179,0.0,1.0
2024-02-05,2.96,3.12,2.85,3.12,3.12,1251656,0.0,1.0
2024-02-02,3.05,3.13,2.835,3.0,3.0,920496,0.0,1.0
2024-02-01,3.0,3.12,2.725,3.09,3.09,1668908,0.0,1.0
2024-01-31,2.87,3.24,2.8,2.99,2.99,1992436,0.0,1.0
2024-01-30,2.94,3.2582,2.855,2.89,2.89,2115204,0.0,1.0
2024-01-29,2.66,3.0591,2.6,3.0,3.0,7756380,0.0,1.0
2024-01-26,2.5,2.555,2.435,2.53,2.53,706316,0.0,1.0
2024-01-25,2.41,2.51,2.37,2.47,2.47,936473,0.0,1.0
2024-01-24,2.54,2.59,2.38,2.4,2.4,781806,0.0,1.0
2024-01-23,2.63,2.68,2.39,2.51,2.51,5098891,0.0,1.0
2024-01-22,2.55,2.6,2.4,2.48,2.48,349773,0.0,1.0
2024-01-19,2.44,2.46,2.315,2.44,2.44,265103,0.0,1.0
2024-01-18,2.74,2.74,2.41,2.445,2.445,530084,0.0,1.0
2024-01-17,2.9,2.91,2.575,2.74,2.74,732225,0.0,1.0
2024-01-16,3.37,3.4,2.8601,3.0,3.0,1121226,0.0,1.0
2024-01-12,3.12,3.43,3.015,3.33,3.33,1100002,0.0,1.0
2024-01-11,3.32,3.32,2.94,3.04,3.04,862313,0.0,1.0
2024-01-10,3.45,3.67,3.0,3.35,3.35,6728441,0.0,1.0
2024-01-09,2.52,3.77,2.49,3.45,3.45,7236740,0.0,1.0
2024-01-08,2.44,2.52,2.22,2.46,2.46,1814461,0.0,1.0
2024-01-05,2.11,2.52,2.02,2.42,2.42,1081556,0.0,1.0
2024-01-04,2.0,2.37,1.96,2.16,2.16,3301841,0.0,1.0
2024-01-03,2.04,2.05,1.75,1.76,1.76,605476,0.0,1.0
2024-01-02,1.89,2.12,1.86,2.01,2.01,830295,0.0,1.0
2023-12-29,1.75,1.91,1.7,1.89,1.89,624769,0.0,1.0
2023-12-28,1.73,1.78,1.7,1.74,1.74,296749,0.0,1.0
2023-12-27,1.67,1.76,1.6425,1.76,1.76,370382,0.0,1.0
2023-12-26,1.67,1.73,1.6,1.66,1.66,509459,0.0,1.0
2023-12-22,1.51,1.65,1.51,1.64,1.64,521647,0.0,1.0
2023-12-21,1.51,1.6,1.475,1.48,1.48,264222,0.0,1.0
2023-12-20,1.59,1.64,1.45,1.46,1.46,1647247,0.0,1.0
2023-12-19,1.47,1.63,1.44,1.585,1.585,373226,0.0,1.0
2023-12-18,1.62,1.62,1.42,1.445,1.445,326956,0.0,1.0
2023-12-15,1.66,1.66,1.5599,1.59,1.59,923773,0.0,1.0
2023-12-14,1.52,1.66,1.5,1.65,1.65,947453,0.0,1.0
2023-12-13,1.4,1.55,1.36,1.52,1.52,400428,0.0,1.0
2023-12-12,1.3,1.415,1.25,1.37,1.37,459037,0.0,1.0
2023-12-11,1.5,1.51,1.31,1.32,1.32,856329,0.0,1.0
2023-12-08,1.38,1.405,1.27,1.38,1.38,303863,0.0,1.0
2023-12-07,1.33,1.4,1.25,1.37,1.37,287663,0.0,1.0
2023-12-06,1.22,1.35,1.22,1.31,1.31,282201,0.0,1.0
2023-12-05,1.25,1.2899,1.18,1.21,1.21,354226,0.0,1.0
2023-12-04,1.25,1.298,1.2,1.24,1.24,347152,0.0,1.0
2023-12-01,1.19,1.2775,1.145,1.23,1.23,505738,0.0,1.0
2023-11-30,1.14,1.21,1.11,1.18,1.18,609985,0.0,1.0
2023-11-29,1.14,1.175,1.1,1.13,1.13,365980,0.0,1.0
2023-11-28,1.18,1.18,1.1,1.11,1.11,238556,0.0,1.0
2023-11-27,1.19,1.19,1.15,1.18,1.18,199264,0.0,1.0
2023-11-24,1.15,1.19,1.1496,1.19,1.19,215790,0.0,1.0
2023-11-22,1.14,1.18,1.12,1.15,1.15,136614,0.0,1.0
2023-11-21,1.19,1.19,1.1,1.15,1.15,170679,0.0,1.0
2023-11-20,1.22,1.24,1.15,1.17,1.17,170180,0.0,1.0
2023-11-17,1.18,1.215,1.14,1.2,1.2,311348,0.0,1.0
2023-11-16,1.2,1.2,1.1,1.17,1.17,252919,0.0,1.0
2023-11-15,1.19,1.33,1.19,1.21,1.21,435281,0.0,1.0
2023-11-14,1.26,1.26,1.16,1.18,1.18,547957,0.0,1.0
2023-11-13,1.2,1.23,1.101,1.18,1.18,294875,0.0,1.0
2023-11-10,1.27,1.27,1.2,1.2,1.2,206191,0.0,1.0
2023-11-09,1.3,1.315,1.24,1.25,1.25,367998,0.0,1.0
2023-11-08,1.38,1.38,1.265,1.33,1.33,180711,0.0,1.0
2023-11-07,1.41,1.46,1.3,1.315,1.315,291764,0.0,1.0
2023-11-06,1.69,1.69,1.38,1.43,1.43,356283,0.0,1.0
2023-11-03,1.52,1.685,1.52,1.65,1.65,387809,0.0,1.0
2023-11-02,1.33,1.48,1.31,1.48,1.48,247147,0.0,1.0
2023-11-01,1.33,1.35,1.26,1.3,1.3,232242,0.0,1.0
2023-10-31,1.29,1.36,1.28,1.32,1.32,767398,0.0,1.0
2023-10-30,1.27,1.34,1.27,1.31,1.31,188596,0.0,1.0
2023-10-27,1.28,1.34,1.21,1.26,1.26,317898,0.0,1.0
2023-10-26,1.25,1.3,1.185,1.28,1.28,400148,0.0,1.0
2023-10-25,1.31,1.34,1.22,1.22,1.22,465407,0.0,1.0
2023-10-24,1.39,1.46,1.31,1.31,1.31,456506,0.0,1.0
2023-10-23,1.52,1.57,1.35,1.38,1.38,467862,0.0,1.0
2023-10-20,1.46,1.6011,1.43,1.5,1.5,371006,0.0,1.0
2023-10-19,1.45,1.53,1.4,1.46,1.46,491631,0.0,1.0
2023-10-18,1.51,1.51,1.41,1.44,1.44,385494,0.0,1.0
2023-10-17,1.43,1.52,1.4,1.5,1.5,521039,0.0,1.0
2023-10-16,1.37,1.51,1.31,1.43,1.43,201223,0.0,1.0
2023-10-13,1.36,1.43,1.34,1.38,1.38,196616,0.0,1.0
2023-10-12,1.49,1.51,1.33,1.35,1.35,343842,0.0,1.0
2023-10-11,1.43,1.55,1.41,1.5,1.5,363269,0.0,1.0
2023-10-10,1.26,1.445,1.25,1.43,1.43,492140,0.0,1.0
2023-10-09,1.28,1.3,1.24,1.25,1.25,192293,0.0,1.0
2023-10-06,1.38,1.38,1.28,1.29,1.29,389136,0.0,1.0
2023-10-05,1.28,1.35,1.24,1.32,1.32,272343,0.0,1.0
2023-10-04,1.29,1.3,1.26,1.29,1.29,153602,0.0,1.0
2023-10-03,1.3,1.3408,1.28,1.3,1.3,226584,0.0,1.0
2023-10-02,1.37,1.39,1.27,1.31,1.31,1210478,0.0,1.0
2023-09-29,1.43,1.49,1.325,1.37,1.37,304608,0.0,1.0
2023-09-28,1.45,1.4989,1.37,1.42,1.42,181168,0.0,1.0
2023-09-27,1.44,1.51,1.43,1.44,1.44,204052,0.0,1.0
2023-09-26,1.37,1.55,1.37,1.43,1.43,194351,0.0,1.0
2023-09-25,1.44,1.4795,1.39,1.4,1.4,834329,0.0,1.0
2023-09-22,1.54,1.58,1.45,1.46,1.46,303612,0.0,1.0
2023-09-21,1.59,1.605,1.53,1.53,1.53,474220,0.0,1.0
2023-09-20,1.71,1.725,1.59,1.6,1.6,196589,0.0,1.0
2023-09-19,1.68,1.73,1.66,1.7,1.7,193276,0.0,1.0
2023-09-18,1.72,1.7655,1.61,1.69,1.69,223665,0.0,1.0
2023-09-15,1.76,1.851,1.7,1.71,1.71,618491,0.0,1.0
2023-09-14,1.68,1.795,1.67,1.79,1.79,687432,0.0,1.0
2023-09-13,1.64,1.705,1.6,1.66,1.66,313988,0.0,1.0
2023-09-12,1.69,1.71,1.6,1.6,1.6,1744639,0.0,1.0
2023-09-11,1.71,1.71,1.6701,1.7,1.7,280436,0.0,1.0
2023-09-08,1.79,1.81,1.69,1.69,1.69,273140,0.0,1.0
2023-09-07,1.81,1.83,1.76,1.78,1.78,132973,0.0,1.0
2023-09-06,1.84,1.895,1.76,1.81,1.81,286297,0.0,1.0
2023-09-05,1.97,1.99,1.85,1.86,1.86,320123,0.0,1.0
2023-09-01,1.98,2.07,1.97,1.98,1.98,337107,0.0,1.0
2023-08-31,1.82,2.02,1.81,2.0,2.0,690006,0.0,1.0
2023-08-30,1.74,1.84,1.73,1.8,1.8,644986,0.0,1.0
2023-08-29,1.66,1.8,1.66,1.74,1.74,358347,0.0,1.0
2023-08-28,1.72,1.72,1.625,1.68,1.68,505524,0.0,1.0
2023-08-25,1.76,1.76,1.66,1.67,1.67,659616,0.0,1.0
2023-08-24,1.77,1.8,1.725,1.75,1.75,861239,0.0,1.0
2023-08-23,1.84,1.9,1.73,1.74,1.74,1255025,0.0,1.0
2023-08-22,1.89,1.92,1.77,1.78,1.78,418379,0.0,1.0
2023-08-21,1.94,1.945,1.8534,1.89,1.89,242950,0.0,1.0
2023-08-18,1.95,2.0079,1.87,1.87,1.87,886289,0.0,1.0
2023-08-17,2.05,2.07,1.95,1.97,1.97,327173,0.0,1.0
2023-08-16,2.11,2.175,2.03,2.06,2.06,281712,0.0,1.0
2023-08-15,2.14,2.189,2.06,2.13,2.13,307953,0.0,1.0
2023-08-14,2.3,2.31,2.08,2.14,2.14,609564,0.0,1.0
2023-08-11,2.3,2.35,2.18,2.3,2.3,335972,0.0,1.0
2023-08-10,2.01,2.44,2.01,2.35,2.35,665802,0.0,1.0
2023-08-09,2.2,2.23,2.1,2.1,2.1,465683,0.0,1.0
2023-08-08,2.25,2.2901,2.1606,2.2,2.2,916732,0.0,1.0
2023-08-07,2.36,2.415,2.11,2.24,2.24,827925,0.0,1.0
2023-08-04,2.4,2.49,2.34,2.35,2.35,270429,0.0,1.0
2023-08-03,2.48,2.53,2.36,2.37,2.37,335825,0.0,1.0
2023-08-02,2.5,2.53,2.385,2.48,2.48,307652,0.0,1.0
2023-08-01,2.65,2.65,2.51,2.53,2.53,649233,0.0,1.0
2023-07-31,2.61,2.755,2.5808,2.67,2.67,345748,0.0,1.0
2023-07-28,2.53,2.67,2.495,2.6,2.6,350757,0.0,1.0
2023-07-27,2.53,2.67,2.5,2.5,2.5,371247,0.0,1.0
2023-07-26,2.43,2.55,2.39,2.52,2.52,308200,0.0,1.0
2023-07-25,2.52,2.52,2.405,2.415,2.415,478184,0.0,1.0
2023-07-24,2.92,2.9346,2.45,2.51,2.51,974720,0.0,1.0
2023-07-21,2.97,3.0192,2.81,2.94,2.94,377937,0.0,1.0
2023-07-20,3.23,3.23,2.93,2.96,2.96,438347,0.0,1.0
2023-07-19,3.13,3.25,3.12,3.22,3.22,680346,0.0,1.0
2023-07-18,3.2,3.27,3.085,3.14,3.14,484063,0.0,1.0
2023-07-17,3.12,3.29,3.07,3.21,3.21,481944,0.0,1.0
2023-07-14,3.26,3.295,3.055,3.08,3.08,620630,0.0,1.0
2023-07-13,3.4,3.49,3.22,3.23,3.23,681031,0.0,1.0
2023-07-12,3.33,3.5399,3.2903,3.4,3.4,458562,0.0,1.0
2023-07-11,3.35,3.59,3.205,3.28,3.28,1093529,0.0,1.0
2023-07-10,3.2,3.43,3.18,3.38,3.38,1215952,0.0,1.0
2023-07-07,3.07,3.24,2.9515,3.22,3.22,961953,0.0,1.0
2023-07-06,3.05,3.26,2.9439,3.14,3.14,1764491,0.0,1.0
2023-07-05,2.75,3.3,2.75,3.16,3.16,3514674,0.0,1.0
2023-07-03,2.43,2.82,2.415,2.73,2.73,2228551,0.0,1.0
2023-06-30,2.43,2.56,2.32,2.43,2.43,3095745,0.0,1.0
2023-06-29,2.57,2.6,2.25,2.31,2.31,2883227,0.0,1.0
2023-06-28,2.11,2.66,2.05,2.64,2.64,5261505,0.0,1.0
2023-06-27,3.844,3.95,1.9801,2.13,2.13,8388978,0.0,1.0
2023-06-26,4.66,4.81,4.55,4.66,4.66,535453,0.0,1.0
2023-06-23,4.36,4.81,4.23,4.73,4.73,889059,0.0,1.0
2023-06-22,4.56,4.645,4.34,4.37,4.37,1154738,0.0,1.0
2023-06-21,4.32,4.65,4.23,4.62,4.62,1152750,0.0,1.0
2023-06-20,4.4,4.43,4.18,4.32,4.32,684107,0.0,1.0
2023-06-16,4.69,4.76,4.37,4.4,4.4,582050,0.0,1.0
2023-06-15,4.51,4.7,4.4,4.53,4.53,465660,0.0,1.0
2023-06-14,4.9,5.0,4.4901,4.53,4.53,454078,0.0,1.0
2023-06-13,5.0,5.17,4.78,4.82,4.82,719280,0.0,1.0
2023-06-12,5.38,5.415,4.87,4.95,4.95,505253,0.0,1.0
2023-06-09,5.73,5.74,5.32,5.35,5.35,484436,0.0,1.0
2023-06-08,5.69,5.72,5.31,5.67,5.67,512348,0.0,1.0
2023-06-07,5.33,5.81,5.32,5.71,5.71,298683,0.0,1.0
2023-06-06,5.28,5.43,5.14,5.32,5.32,300583,0.0,1.0
2023-06-05,5.34,5.48,5.24,5.26,5.26,249744,0.0,1.0
2023-06-02,5.3,5.391,5.06,5.35,5.35,326144,0.0,1.0
2023-06-01,5.1,5.3,4.61,5.195,5.195,452525,0.0,1.0
2023-05-31,5.62,5.715,5.4,5.48,5.48,785548,0.0,1.0
2023-05-30,5.64,5.9,5.48,5.61,5.61,205253,0.0,1.0
2023-05-26,5.51,5.785,5.34,5.62,5.62,228697,0.0,1.0
2023-05-25,5.74,5.74,5.32,5.53,5.53,254475,0.0,1.0
2023-05-24,6.15,6.15,5.535,5.71,5.71,255237,0.0,1.0
2023-05-23,6.26,6.65,6.16,6.17,6.17,407497,0.0,1.0
2023-05-22,6.4,6.55,6.25,6.32,6.32,458626,0.0,1.0
2023-05-19,6.55,6.64,6.24,6.28,6.28,198741,0.0,1.0
2023-05-18,6.67,6.71,6.195,6.46,6.46,262678,0.0,1.0
2023-05-17,6.85,6.885,6.52,6.67,6.67,163723,0.0,1.0
2023-05-16,6.97,7.06,6.805,6.83,6.83,546832,0.0,1.0
2023-05-15,6.4,7.28,6.37,7.13,7.13,395965,0.0,1.0
2023-05-12,6.68,6.69,6.34,6.36,6.36,563553,0.0,1.0
2023-05-11,6.9,7.0,6.52,6.66,6.66,207415,0.0,1.0
2023-05-10,6.96,7.5,6.85,6.93,6.93,440420,0.0,1.0
2023-05-09,6.58,6.79,6.45,6.73,6.73,371390,0.0,1.0
2023-05-08,6.48,6.66,6.3,6.66,6.66,171452,0.0,1.0
2023-05-05,6.43,6.64,6.38,6.45,6.45,171109,0.0,1.0
2023-05-04,6.3,6.47,6.21,6.38,6.38,171931,0.0,1.0
2023-05-03,6.11,6.5,6.11,6.34,6.34,192696,0.0,1.0
2023-05-02,6.07,6.24,6.02,6.08,6.08,291431,0.0,1.0
2023-05-01,5.85,6.22,5.85,6.11,6.11,242170,0.0,1.0
2023-04-28,5.81,5.939,5.64,5.84,5.84,212914,0.0,1.0
2023-04-27,5.95,6.0,5.77,5.78,5.78,269489,0.0,1.0
2023-04-26,6.07,6.14,5.88,5.9,5.9,628467,0.0,1.0
2023-04-25,6.08,6.24,6.0,6.08,6.08,227146,0.0,1.0
2023-04-24,6.19,6.27,5.985,6.11,6.11,258460,0.0,1.0
2023-04-21,6.05,6.21,6.0,6.18,6.18,195007,0.0,1.0
2023-04-20,6.04,6.175,5.98,6.05,6.05,173184,0.0,1.0
2023-04-19,5.96,6.15,5.94,6.13,6.13,345088,0.0,1.0
2023-04-18,6.18,6.18,5.98,5.98,5.98,1151362,0.0,1.0
2023-04-17,5.67,6.5,5.64,6.14,6.14,517871,0.0,1.0
2023-04-14,6.08,6.285,5.56,5.61,5.61,466849,0.0,1.0
2023-04-13,5.34,5.97,5.3,5.78,5.78,1384957,0.0,1.0
2023-04-12,5.63,5.68,5.25,5.27,5.27,255177,0.0,1.0
2023-04-11,5.62,5.7,5.51,5.56,5.56,287629,0.0,1.0
2023-04-10,5.73,5.73,5.47,5.64,5.64,339222,0.0,1.0
2023-04-06,5.51,5.695,5.4,5.62,5.62,521208,0.0,1.0
2023-04-05,5.55,5.645,5.27,5.48,5.48,619681,0.0,1.0
2023-04-04,5.75,5.775,5.13,5.35,5.35,401950,0.0,1.0
2023-04-03,5.7,5.89,5.68,5.7,5.7,549029,0.0,1.0
2023-03-31,5.89,6.06,5.725,5.76,5.76,249445,0.0,1.0
2023-03-30,6.07,6.21,5.68,5.84,5.84,483442,0.0,1.0
2023-03-29,5.6,6.12,5.56,6.05,6.05,351611,0.0,1.0
2023-03-28,5.89,5.97,5.51,5.52,5.52,298465,0.0,1.0
2023-03-27,5.96,6.065,5.85,5.92,5.92,295800,0.0,1.0
2023-03-24,5.71,5.96,5.7,5.89,5.89,561159,0.0,1.0
2023-03-23,6.04,6.18,5.64,5.79,5.79,562594,0.0,1.0
2023-03-22,6.57,6.77,5.91,5.98,5.98,547229,0.0,1.0
2023-03-21,6.47,6.8,6.395,6.57,6.57,340587,0.0,1.0
2023-03-20,7.44,7.53,6.4,6.41,6.41,592567,0.0,1.0
2023-03-17,7.62,7.67,7.29,7.43,7.43,3544195,0.0,1.0
2023-03-16,7.43,7.86,7.06,7.71,7.71,740134,0.0,1.0
2023-03-15,7.81,7.89,7.33,7.71,7.71,560903,0.0,1.0
2023-03-14,7.88,8.155,7.76,7.96,7.96,735788,0.0,1.0
2023-03-13,7.02,7.79,7.02,7.73,7.73,820213,0.0,1.0
2023-03-10,7.47,7.47,6.82,7.14,7.14,646282,0.0,1.0
2023-03-09,7.61,7.74,7.33,7.44,7.44,538507,0.0,1.0
2023-03-08,7.69,7.75,7.49,7.61,7.61,457522,0.0,1.0
2023-03-07,7.72,8.095,7.59,7.73,7.73,315735,0.0,1.0
2023-03-06,7.78,7.78,7.475,7.66,7.66,391944,0.0,1.0
2023-03-03,7.6,7.94,7.465,7.78,7.78,287792,0.0,1.0
2023-03-02,7.56,7.685,7.42,7.55,7.55,221143,0.0,1.0
2023-03-01,7.87,7.92,7.53,7.64,7.64,334955,0.0,1.0
2023-02-28,7.92,8.108,7.8,7.88,7.88,303469,0.0,1.0
2023-02-27,7.77,7.99,7.65,7.93,7.93,707962,0.0,1.0
2023-02-24,7.95,8.04,7.63,7.66,7.66,349730,0.0,1.0
2023-02-23,8.13,8.25,7.68,8.08,8.08,367113,0.0,1.0
2023-02-22,7.86,8.22,7.85,8.06,8.06,431381,0.0,1.0
2023-02-21,8.4,8.4188,7.78,7.85,7.85,552878,0.0,1.0
2023-02-17,7.92,8.48,7.77,8.44,8.44,975728,0.0,1.0
2023-02-16,8.05,8.13,7.85,7.89,7.89,418457,0.0,1.0
2023-02-15,7.59,8.18,7.41,8.14,8.14,596099,0.0,1.0
2023-02-14,8.28,8.28,7.59,7.63,7.63,558502,0.0,1.0
2023-02-13,8.12,8.45,7.977,8.31,8.31,336643,0.0,1.0
2023-02-10,8.06,8.15,7.8,8.11,8.11,298414,0.0,1.0
2023-02-09,8.28,8.42,7.96,8.05,8.05,272848,0.0,1.0
2023-02-08,8.61,8.695,8.175,8.21,8.21,350848,0.0,1.0
2023-02-07,8.57,8.645,8.28,8.49,8.49,368817,0.0,1.0
2023-02-06,8.81,8.82,8.45,8.57,8.57,374416,0.0,1.0
2023-02-03,9.08,9.26,8.675,8.76,8.76,400822,0.0,1.0
2023-02-02,9.24,9.525,9.1,9.23,9.23,400325,0.0,1.0
2023-02-01,9.21,9.23,8.77,9.13,9.13,370138,0.0,1.0
2023-01-31,8.75,9.27,8.685,9.15,9.15,355572,0.0,1.0
2023-01-30,8.86,9.02,8.53,8.69,8.69,297760,0.0,1.0
2023-01-27,8.91,9.145,8.8592,8.96,8.96,265800,0.0,1.0
2023-01-26,9.31,9.4,8.77,8.89,8.89,272297,0.0,1.0
2023-01-25,9.0,9.23,8.705,9.21,9.21,283147,0.0,1.0
2023-01-24,8.84,9.23,8.67,9.05,9.05,297276,0.0,1.0
2023-01-23,8.82,8.94,8.6,8.85,8.85,432581,0.0,1.0
2023-01-20,8.46,9.01,8.36,8.84,8.84,548413,0.0,1.0
2023-01-19,8.3,8.58,8.19,8.3,8.3,404513,0.0,1.0
2023-01-18,8.81,9.14,8.345,8.38,8.38,340690,0.0,1.0
2023-01-17,8.7,9.0,8.61,8.73,8.73,600479,0.0,1.0
2023-01-13,8.85,9.07,8.39,8.69,8.69,844090,0.0,1.0
2023-01-12,7.8,8.65,7.49,8.6,8.6,1826262,0.0,1.0
2023-01-11,7.66,7.92,7.47,7.74,7.74,535535,0.0,1.0
2023-01-10,7.62,7.9,7.42,7.68,7.68,1071465,0.0,1.0
2023-01-09,8.47,8.47,7.565,7.63,7.63,771114,0.0,1.0
2023-01-06,8.28,8.67,8.085,8.38,8.38,337769,0.0,1.0
2023-01-05,8.43,8.515,8.15,8.22,8.22,421114,0.0,1.0
2023-01-04,8.72,8.77,8.16,8.5,8.5,764868,0.0,1.0
2023-01-03,9.03,9.25,8.4,8.57,8.57,464158,0.0,1.0
2022-12-30,8.45,8.94,8.4,8.94,8.94,446608,0.0,1.0
2022-12-29,8.17,8.76,8.0,8.55,8.55,636677,0.0,1.0
2022-12-28,7.72,8.21,7.72,8.1,8.1,523211,0.0,1.0
2022-12-27,7.91,8.04,7.58,7.72,7.72,481122,0.0,1.0
2022-12-23,8.05,8.3,7.82,7.93,7.93,363339,0.0,1.0
2022-12-22,7.96,8.15,7.56,8.05,8.05,1178815,0.0,1.0
2022-12-21,8.39,8.535,7.94,8.05,8.05,585113,0.0,1.0
2022-12-20,8.38,8.64,8.155,8.31,8.31,686983,0.0,1.0
2022-12-19,9.31,9.42,8.3,8.38,8.38,795549,0.0,1.0
2022-12-16,9.93,10.12,9.28,9.4,9.4,1464383,0.0,1.0
2022-12-15,10.54,10.92,9.93,9.95,9.95,839632,0.0,1.0
2022-12-14,10.58,11.04,10.24,10.64,10.64,683679,0.0,1.0
2022-12-13,10.44,11.01,10.39,10.79,10.79,2607582,0.0,1.0
2022-12-12,10.85,11.18,9.38,10.425,10.425,7938804,0.0,1.0
2022-12-09,19.79,19.84,16.87,17.27,17.27,1139005,0.0,1.0
2022-12-08,19.89,19.98,19.165,19.88,19.88,725264,0.0,1.0
2022-12-07,19.66,20.13,19.17,19.63,19.63,712185,0.0,1.0
2022-12-06,20.11,20.4953,19.22,19.66,19.66,567396,0.0,1.0
2022-12-05,19.42,20.8797,18.89,20.19,20.19,639794,0.0,1.0
2022-12-02,18.37,19.29,18.01,19.26,19.26,476289,0.0,1.0
2022-12-01,18.3,18.9,18.06,18.58,18.58,678459,0.0,1.0
2022-11-30,17.9,18.32,17.41,18.18,18.18,982107,0.0,1.0
2022-11-29,16.78,17.875,16.4425,17.77,17.77,486454,0.0,1.0
2022-11-28,17.09,17.46,16.57,16.7,16.7,670768,0.0,1.0
2022-11-25,17.18,17.23,16.65,17.15,17.15,277915,0.0,1.0
2022-11-23,17.53,17.98,17.14,17.2,17.2,441711,0.0,1.0
2022-11-22,17.38,18.21,17.1,17.71,17.71,765846,0.0,1.0
2022-11-21,17.33,17.76,16.54,17.3,17.3,573174,0.0,1.0
2022-11-18,17.33,17.67,16.77,17.57,17.57,744602,0.0,1.0
2022-11-17,17.63,17.63,15.96,17.0,17.0,874811,0.0,1.0
2022-11-16,20.13,20.261,17.3401,17.47,17.47,602252,0.0,1.0
2022-11-15,21.29,21.29,20.11,20.34,20.34,465947,0.0,1.0
2022-11-14,21.37,21.8,20.13,20.74,20.74,873821,0.0,1.0
2022-11-11,20.9,21.87,20.84,21.27,21.27,1049906,0.0,1.0
2022-11-10,20.0,21.21,19.4686,20.78,20.78,1033193,0.0,1.0
2022-11-09,19.1,19.77,18.47,19.52,19.52,383388,0.0,1.0
2022-11-08,19.3,19.76,18.79,19.28,19.28,372007,0.0,1.0
2022-11-07,18.0,19.4,18.0,19.16,19.16,628318,0.0,1.0
2022-11-04,18.43,19.0,17.3,17.87,17.87,628542,0.0,1.0
2022-11-03,17.25,18.25,16.51,18.15,18.15,795037,0.0,1.0
2022-11-02,17.01,18.0,16.7,17.26,17.26,670678,0.0,1.0
2022-11-01,16.73,17.24,16.48,16.99,16.99,415794,0.0,1.0
2022-10-31,17.0,17.21,16.43,16.49,16.49,512670,0.0,1.0
2022-10-28,16.35,17.29,16.1,17.19,17.19,405082,0.0,1.0
2022-10-27,17.07,17.07,16.17,16.2,16.2,235272,0.0,1.0
2022-10-26,16.33,17.48,16.33,16.91,16.91,275376,0.0,1.0
2022-10-25,15.93,16.9,15.93,16.28,16.28,343645,0.0,1.0
2022-10-24,17.43,17.558,15.76,15.92,15.92,305798,0.0,1.0
2022-10-21,16.65,17.36,16.36,17.33,17.33,358483,0.0,1.0
2022-10-20,16.23,16.68,16.16,16.51,16.51,215430,0.0,1.0
2022-10-19,16.65,16.65,15.86,16.12,16.12,460904,0.0,1.0
2022-10-18,16.81,17.13,16.17,16.83,16.83,785631,0.0,1.0
2022-10-17,16.73,16.86,15.51,16.29,16.29,391477,0.0,1.0
2022-10-14,16.99,17.28,16.4,16.61,16.61,350140,0.0,1.0
2022-10-13,15.47,16.86,14.5824,16.8,16.8,450404,0.0,1.0
2022-10-12,15.4,16.2,14.91,15.92,15.92,353230,0.0,1.0
2022-10-11,14.51,15.86,14.43,15.39,15.39,380603,0.0,1.0
2022-10-10,14.73,15.15,14.5,14.58,14.58,423868,0.0,1.0
2022-10-07,15.57,15.57,14.81,14.9,14.9,353334,0.0,1.0
2022-10-06,15.2,15.93,14.98,15.7,15.7,355529,0.0,1.0
2022-10-05,15.17,15.35,14.7,15.2,15.2,554638,0.0,1.0
2022-10-04,15.01,15.53,14.67,15.25,15.25,382350,0.0,1.0
2022-10-03,14.59,15.62,14.07,15.04,15.04,637754,0.0,1.0
2022-09-30,13.38,14.38,13.3,14.22,14.22,559275,0.0,1.0
2022-09-29,14.39,14.39,12.75,13.43,13.43,583720,0.0,1.0
2022-09-28,13.96,14.93,13.88,14.57,14.57,901170,0.0,1.0
2022-09-27,14.1,14.23,13.5,13.75,13.75,606540,0.0,1.0
2022-09-26,13.87,14.44,13.685,13.79,13.79,513930,0.0,1.0
2022-09-23,13.4,13.95,13.08,13.9,13.9,722470,0.0,1.0
2022-09-22,14.14,14.14,13.5301,13.66,13.66,522139,0.0,1.0
2022-09-21,15.29,15.29,14.25,14.29,14.29,628719,0.0,1.0
2022-09-20,13.94,14.83,13.76,14.81,14.81,515482,0.0,1.0
2022-09-19,15.35,15.35,13.59,14.09,14.09,830967,0.0,1.0
2022-09-16,16.68,16.68,14.62,15.76,15.76,3495834,0.0,1.0
2022-09-15,17.61,17.975,16.76,17.13,17.13,512925,0.0,1.0
2022-09-14,17.4,18.0227,16.85,17.66,17.66,612801,0.0,1.0
2022-09-13,17.19,18.05,17.12,17.55,17.55,644600,0.0,1.0
2022-09-12,16.46,18.0,16.01,17.75,17.75,740521,0.0,1.0
2022-09-09,15.92,16.56,15.65,16.39,16.39,388994,0.0,1.0
2022-09-08,14.59,15.99,14.4746,15.97,15.97,388597,0.0,1.0
2022-09-07,14.11,14.95,13.89,14.73,14.73,257187,0.0,1.0
2022-09-06,14.41,14.58,14.07,14.22,14.22,377924,0.0,1.0
2022-09-02,14.49,14.66,14.15,14.31,14.31,235488,0.0,1.0
2022-09-01,13.99,14.21,13.7,14.19,14.19,271451,0.0,1.0
2022-08-31,13.83,14.17,13.65,14.16,14.16,319001,0.0,1.0
2022-08-30,14.47,14.47,13.4,13.64,13.64,366796,0.0,1.0
2022-08-29,14.05,14.67,14.05,14.3,14.3,289036,0.0,1.0
2022-08-26,15.02,15.21,14.32,14.35,14.35,444022,0.0,1.0
2022-08-25,15.17,15.26,14.86,15.03,15.03,202490,0.0,1.0
2022-08-24,14.53,15.24,14.465,15.09,15.09,376667,0.0,1.0
2022-08-23,13.97,14.59,13.76,14.54,14.54,212327,0.0,1.0
2022-08-22,14.13,14.92,13.93,14.04,14.04,485471,0.0,1.0
2022-08-19,14.38,14.5,13.86,14.3,14.3,367985,0.0,1.0
2022-08-18,14.0,14.82,13.75,14.69,14.69,482575,0.0,1.0
2022-08-17,13.73,14.16,13.32,14.12,14.12,771096,0.0,1.0
2022-08-16,15.19,15.33,13.76,14.01,14.01,742035,0.0,1.0
2022-08-15,15.23,15.82,15.0719,15.34,15.34,371792,0.0,1.0
2022-08-12,15.55,16.41,15.23,15.4,15.4,450067,0.0,1.0
2022-08-11,16.62,16.85,15.53,15.67,15.67,410540,0.0,1.0
2022-08-10,17.2,18.32,16.42,16.58,16.58,309157,0.0,1.0
2022-08-09,17.83,17.83,16.7,17.23,17.23,3100604,0.0,1.0
2022-08-08,18.88,19.25,17.88,18.15,18.15,410981,0.0,1.0
2022-08-05,17.92,19.305,17.59,18.74,18.74,322363,0.0,1.0
2022-08-04,17.55,18.32,17.55,18.25,18.25,196107,0.0,1.0
2022-08-03,17.5,18.17,17.48,17.5,17.5,229105,0.0,1.0
2022-08-02,16.5,17.27,16.415,17.21,17.21,214876,0.0,1.0
2022-08-01,16.63,17.08,16.28,16.5,16.5,457913,0.0,1.0
2022-07-29,16.65,16.94,15.77,16.89,16.89,336126,0.0,1.0
2022-07-28,17.18,17.18,16.23,16.74,16.74,367940,0.0,1.0
2022-07-27,17.04,17.3,16.75,17.19,17.19,293389,0.0,1.0
2022-07-26,16.72,17.26,16.2601,16.83,16.83,239396,0.0,1.0
2022-07-25,17.06,17.06,16.34,16.67,16.67,320655,0.0,1.0
2022-07-22,17.23,17.69,17.0,17.05,17.05,228055,0.0,1.0
2022-07-21,17.85,17.85,17.08,17.22,17.22,149367,0.0,1.0
2022-07-20,17.28,17.93,17.19,17.72,17.72,225100,0.0,1.0
2022-07-19,17.0,17.5,16.88,17.32,17.32,257654,0.0,1.0
2022-07-18,18.64,18.85,16.555,16.74,16.74,238203,0.0,1.0
2022-07-15,17.75,18.21,17.06,18.19,18.19,355150,0.0,1.0
2022-07-14,17.27,17.89,16.81,17.34,17.34,296543,0.0,1.0
2022-07-13,16.46,17.82,16.42,17.55,17.55,521710,0.0,1.0
2022-07-12,16.65,17.42,15.63,17.11,17.11,599542,0.0,1.0
2022-07-11,18.04,18.48,16.67,16.68,16.68,697837,0.0,1.0
2022-07-08,17.66,18.64,17.46,18.6,18.6,559279,0.0,1.0
2022-07-07,16.51,17.73,16.505,17.68,17.68,461597,0.0,1.0
2022-07-06,15.66,16.55,15.66,16.43,16.43,339163,0.0,1.0
2022-07-05,14.5,15.66,14.5,15.65,15.65,372852,0.0,1.0
2022-07-01,14.6,14.98,14.54,14.68,14.68,288916,0.0,1.0
2022-06-30,14.19,14.71,14.08,14.6,14.6,517749,0.0,1.0
2022-06-29,13.87,14.65,13.519,14.58,14.58,315691,0.0,1.0
2022-06-28,14.4,14.57,13.78,14.0,14.0,434396,0.0,1.0
2022-06-27,13.85,14.42,13.48,14.36,14.36,432102,0.0,1.0
2022-06-24,12.27,13.69,12.11,13.63,13.63,794325,0.0,1.0
2022-06-23,11.89,12.04,11.41,12.02,12.02,475078,0.0,1.0
2022-06-22,11.88,12.34,11.65,11.87,11.87,757375,0.0,1.0
2022-06-21,11.89,12.36,11.77,12.0,12.0,579579,0.0,1.0
2022-06-17,10.91,12.28,10.91,11.72,11.72,677505,0.0,1.0
2022-06-16,11.0,11.18,10.73,10.83,10.83,802028,0.0,1.0
2022-06-15,11.36,11.7,11.02,11.36,11.36,532064,0.0,1.0
2022-06-14,11.45,11.61,11.01,11.29,11.29,1145398,0.0,1.0
2022-06-13,11.38,11.55,11.14,11.35,11.35,801530,0.0,1.0
2022-06-10,12.22,12.45,11.47,11.93,11.93,816829,0.0,1.0
2022-06-09,12.74,12.84,12.34,12.49,12.49,811437,0.0,1.0
2022-06-08,13.04,13.49,12.725,12.8,12.8,1122065,0.0,1.0
2022-06-07,12.2,13.24,12.02,13.21,13.21,2333591,0.0,1.0
2022-06-06,11.77,12.92,11.1,12.26,12.26,3296132,0.0,1.0
2022-06-03,11.35,12.15,11.24,11.5,11.5,575058,0.0,1.0
2022-06-02,11.17,11.85,11.0599,11.49,11.49,449173,0.0,1.0
2022-06-01,11.86,12.5,11.28,11.29,11.29,998224,0.0,1.0
2022-05-31,11.62,11.91,10.99,11.82,11.82,1098894,0.0,1.0
2022-05-27,11.11,11.75,10.77,11.75,11.75,2446089,0.0,1.0
2022-05-26,10.36,10.85,10.19,10.26,10.26,824221,0.0,1.0
2022-05-25,10.47,10.8,10.13,10.3,10.3,527134,0.0,1.0
2022-05-24,10.53,10.6,10.1801,10.58,10.58,290743,0.0,1.0
2022-05-23,10.71,10.94,10.53,10.8,10.8,204368,0.0,1.0
2022-05-20,10.89,10.89,9.88,10.61,10.61,307833,0.0,1.0
2022-05-19,10.69,11.02,10.3,10.44,10.44,309753,0.0,1.0
2022-05-18,11.98,12.49,10.74,10.79,10.79,354084,0.0,1.0
2022-05-17,13.4,13.4,12.0,12.32,12.32,599739,0.0,1.0
2022-05-16,11.67,13.09,11.63,12.9,12.9,399417,0.0,1.0
2022-05-13,11.7,13.07,11.43,11.83,11.83,465723,0.0,1.0
2022-05-12,10.76,10.91,10.23,10.63,10.63,725441,0.0,1.0
2022-05-11,12.15,12.33,10.87,10.89,10.89,716493,0.0,1.0
2022-05-10,12.78,13.28,12.1,12.18,12.18,352596,0.0,1.0
2022-05-09,14.71,14.71,12.46,12.53,12.53,663457,0.0,1.0
2022-05-06,15.2,15.715,14.34,15.0,15.0,611778,0.0,1.0
2022-05-05,15.47,16.02,14.86,15.34,15.34,654231,0.0,1.0
2022-05-04,15.46,15.7,14.72,15.68,15.68,528629,0.0,1.0
2022-05-03,15.35,15.67,15.14,15.56,15.56,239244,0.0,1.0
2022-05-02,14.71,15.38,14.52,15.29,15.29,890878,0.0,1.0
2022-04-29,14.53,15.2,14.5,14.74,14.74,407958,0.0,1.0
2022-04-28,14.83,15.0692,13.85,14.65,14.65,512597,0.0,1.0
2022-04-27,13.74,14.73,13.74,14.65,14.65,785359,0.0,1.0
2022-04-26,14.43,14.44,13.7,13.72,13.72,154239,0.0,1.0
2022-04-25,13.73,14.57,13.73,14.53,14.53,329404,0.0,1.0
2022-04-22,13.82,14.31,13.42,13.93,13.93,250546,0.0,1.0
2022-04-21,15.25,15.6,13.82,13.85,13.85,485011,0.0,1.0
2022-04-20,16.0,16.0,15.18,15.34,15.34,268201,0.0,1.0
2022-04-19,15.95,16.32,15.42,15.9,15.9,250947,0.0,1.0
2022-04-18,16.85,17.09,15.7,15.9,15.9,252127,0.0,1.0
2022-04-14,17.42,17.42,16.71,16.91,16.91,253420,0.0,1.0
2022-04-13,17.38,17.55,17.16,17.46,17.46,186379,0.0,1.0
2022-04-12,18.01,18.02,16.82,17.22,17.22,323702,0.0,1.0
2022-04-11,18.05,18.22,17.0296,17.58,17.58,184841,0.0,1.0
2022-04-08,19.02,19.05,18.22,18.24,18.24,174795,0.0,1.0
2022-04-07,19.36,19.615,18.55,18.99,18.99,259082,0.0,1.0
2022-04-06,18.83,19.65,18.15,19.38,19.38,912036,0.0,1.0
2022-04-05,19.86,20.41,19.18,19.22,19.22,264570,0.0,1.0
2022-04-04,21.0,21.17,19.0,19.8,19.8,351300,0.0,1.0
2022-04-01,20.11,21.0,19.4301,20.81,20.81,1879793,0.0,1.0
2022-03-31,19.64,20.09,19.04,19.97,19.97,571062,0.0,1.0
2022-03-30,19.0,19.59,18.89,19.57,19.57,512052,0.0,1.0
2022-03-29,17.26,19.05,17.07,18.96,18.96,581521,0.0,1.0
2022-03-28,17.17,17.7,16.86,17.05,17.05,232580,0.0,1.0
2022-03-25,16.95,17.48,16.755,17.2,17.2,184826,0.0,1.0
2022-03-24,16.69,17.11,16.39,17.09,17.09,158781,0.0,1.0
2022-03-23,16.73,16.86,16.26,16.56,16.56,148186,0.0,1.0
2022-03-22,15.26,16.8,15.26,16.76,16.76,393257,0.0,1.0
2022-03-21,15.89,16.155,14.94,15.12,15.12,342200,0.0,1.0
2022-03-18,16.0,16.51,15.63,16.1,16.1,1188931,0.0,1.0
2022-03-17,15.61,16.47,15.48,16.24,16.24,533928,0.0,1.0
2022-03-16,12.71,15.98,12.69,15.94,15.94,2018826,0.0,1.0
2022-03-15,12.34,13.35,12.34,12.97,12.97,532658,0.0,1.0
2022-03-14,13.31,14.1799,12.11,12.29,12.29,181067,0.0,1.0
2022-03-11,14.11,14.42,13.08,13.11,13.11,111684,0.0,1.0
2022-03-10,13.96,14.35,13.58,14.11,14.11,195462,0.0,1.0
2022-03-09,13.36,14.36,13.23,14.32,14.32,249907,0.0,1.0
2022-03-08,12.97,13.53,12.27,13.07,13.07,195248,0.0,1.0
2022-03-07,12.49,12.85,12.08,12.56,12.56,245361,0.0,1.0
2022-03-04,12.6,12.8,12.41,12.56,12.56,201197,0.0,1.0
2022-03-03,12.75,12.87,12.12,12.31,12.31,155118,0.0,1.0
2022-03-02,12.46,12.85,12.21,12.58,12.58,117094,0.0,1.0
2022-03-01,12.91,13.36,12.28,12.41,12.41,175888,0.0,1.0
2022-02-28,13.33,13.96,13.06,13.08,13.08,139903,0.0,1.0
2022-02-25,13.37,13.77,12.99,13.74,13.74,151043,0.0,1.0
2022-02-24,11.57,13.41,11.57,13.33,13.33,159881,0.0,1.0
2022-02-23,12.89,13.06,12.09,12.13,12.13,153073,0.0,1.0
2022-02-22,13.5,13.615,12.37,12.68,12.68,343973,0.0,1.0
2022-02-18,14.45,14.84,13.58,13.62,13.62,160326,0.0,1.0
2022-02-17,14.75,15.19,14.64,14.66,14.66,215880,0.0,1.0
2022-02-16,14.935,15.22,14.48,14.87,14.87,151445,0.0,1.0
2022-02-15,14.48,15.22,14.26,15.09,15.09,236527,0.0,1.0
2022-02-14,15.54,15.7,13.4,14.27,14.27,1007707,0.0,1.0
2022-02-11,15.41,15.7399,15.1401,15.63,15.63,217244,0.0,1.0
2022-02-10,14.87,15.925,14.87,15.51,15.51,313520,0.0,1.0
2022-02-09,13.7,15.1,13.63,15.05,15.05,326772,0.0,1.0
2022-02-08,12.86,13.68,12.65,13.59,13.59,236615,0.0,1.0
2022-02-07,12.74,13.1799,12.48,12.99,12.99,154260,0.0,1.0
2022-02-04,12.13,12.805,11.762,12.61,12.61,148916,0.0,1.0
2022-02-03,12.4,12.82,12.0401,12.13,12.13,189770,0.0,1.0
2022-02-02,13.11,13.11,12.26,12.52,12.52,118707,0.0,1.0
2022-02-01,12.82,13.47,12.25,13.14,13.14,239200,0.0,1.0
2022-01-31,11.74,12.65,11.74,12.62,12.62,118232,0.0,1.0
2022-01-28,11.78,11.93,11.17,11.69,11.69,228149,0.0,1.0
2022-01-27,12.12,12.5148,11.45,11.53,11.53,124528,0.0,1.0
2022-01-26,13.12,13.34,11.86,11.95,11.95,151874,0.0,1.0
2022-01-25,12.61,13.18,12.23,12.69,12.69,131874,0.0,1.0
2022-01-24,11.87,13.07,11.13,12.99,12.99,404340,0.0,1.0
2022-01-21,12.57,12.84,11.78,11.93,11.93,392750,0.0,1.0
2022-01-20,12.83,13.74,12.64,12.69,12.69,157775,0.0,1.0
2022-01-19,13.14,13.475,12.84,12.92,12.92,241953,0.0,1.0
2022-01-18,14.41,14.4699,13.085,13.15,13.15,329452,0.0,1.0
2022-01-14,14.14,14.64,13.55,14.56,14.56,433959,0.0,1.0
2022-01-13,15.07,15.25,14.17,14.22,14.22,257877,0.0,1.0
2022-01-12,15.33,15.61,14.7,14.92,14.92,207930,0.0,1.0
2022-01-11,14.7,15.6,14.7,15.33,15.33,211568,0.0,1.0
2022-01-10,15.18,15.26,14.54,14.76,14.76,369224,0.0,1.0
2022-01-07,16.13,16.65,15.25,15.52,15.52,247778,0.0,1.0
2022-01-06,16.85,16.98,15.78,16.01,16.01,329106,0.0,1.0
2022-01-05,16.82,17.4,16.02,16.98,16.98,452838,0.0,1.0
2022-01-04,18.49,18.49,16.53,16.99,16.99,535986,0.0,1.0
2022-01-03,17.76,18.43,17.121,18.33,18.33,565963,0.0,1.0
2021-12-31,16.53,17.5,16.53,17.49,17.49,350421,0.0,1.0
2021-12-30,15.86,17.01,15.86,16.54,16.54,278919,0.0,1.0
2021-12-29,15.27,16.17,14.91,16.07,16.07,182754,0.0,1.0
2021-12-28,15.29,16.165,15.29,15.44,15.44,181069,0.0,1.0
2021-12-27,15.81,16.21,15.15,15.51,15.51,167630,0.0,1.0
2021-12-23,16.01,16.42,15.6164,15.92,15.92,196660,0.0,1.0
2021-12-22,16.11,16.49,15.39,15.66,15.66,312159,0.0,1.0
2021-12-21,15.51,16.585,15.24,16.51,16.51,443924,0.0,1.0
2021-12-20,15.5,16.22,14.57,15.07,15.07,616474,0.0,1.0
2021-12-17,14.35,16.1099,14.06,15.85,15.85,907464,0.0,1.0
2021-12-16,14.2,15.14,13.53,14.24,14.24,351993,0.0,1.0
2021-12-15,14.43,15.0,12.92,14.63,14.63,1041870,0.0,1.0
2021-12-14,14.77,15.38,13.95,14.27,14.27,451862,0.0,1.0
2021-12-13,14.35,15.07,14.07,14.99,14.99,453316,0.0,1.0
2021-12-10,14.01,14.39,13.64,13.89,13.89,636395,0.0,1.0
2021-12-09,14.89,15.36,13.73,13.74,13.74,1340383,0.0,1.0
2021-12-08,15.125,15.77,14.1,15.29,15.29,4797803,0.0,1.0
2021-12-07,13.24,15.28,12.88,14.49,14.49,4556681,0.0,1.0
2021-12-06,13.65,15.67,12.4,13.57,13.57,48611581,0.0,1.0
2021-12-03,10.45,10.45,9.54,9.8,9.8,273581,0.0,1.0
2021-12-02,10.08,10.7,9.7729,10.35,10.35,303830,0.0,1.0
2021-12-01,10.69,10.85,10.18,10.18,10.18,1078602,0.0,1.0
2021-11-30,9.54,10.77,9.54,10.64,10.64,267786,0.0,1.0
2021-11-29,9.44,9.91,9.4286,9.52,9.52,194300,0.0,1.0
2021-11-26,9.62,9.62,9.29,9.4,9.4,51790,0.0,1.0
2021-11-24,9.46,9.88,9.35,9.85,9.85,126558,0.0,1.0
2021-11-23,9.04,9.63,9.04,9.51,9.51,58853,0.0,1.0
2021-11-22,9.34,9.46,9.17,9.33,9.33,71469,0.0,1.0
2021-11-19,9.31,9.46,9.26,9.31,9.31,42297,0.0,1.0
2021-11-18,9.41,9.88,9.12,9.39,9.39,61062,0.0,1.0
2021-11-17,9.35,9.715,9.21,9.39,9.39,77697,0.0,1.0
2021-11-16,9.25,9.44,9.16,9.37,9.37,39671,0.0,1.0
2021-11-15,9.7,9.7047,9.22,9.35,9.35,88481,0.0,1.0
2021-11-12,9.66,9.88,9.44,9.75,9.75,40682,0.0,1.0
2021-11-11,9.15,9.69,9.15,9.58,9.58,49104,0.0,1.0
2021-11-10,9.29,9.6,9.07,9.19,9.19,657860,0.0,1.0
2021-11-09,9.28,9.35,9.07,9.28,9.28,79996,0.0,1.0
2021-11-08,9.34,9.43,9.13,9.32,9.32,111605,0.0,1.0
2021-11-05,9.38,9.38,9.07,9.2,9.2,40694,0.0,1.0
2021-11-04,9.36,9.36,9.08,9.23,9.23,38854,0.0,1.0
2021-11-03,9.22,9.365,9.0,9.31,9.31,85918,0.0,1.0
2021-11-02,9.23,9.4465,9.03,9.25,9.25,66645,0.0,1.0
2021-11-01,8.61,9.14,8.4701,9.13,9.13,62720,0.0,1.0
2021-10-29,8.57,8.72,8.36,8.6,8.6,50449,0.0,1.0
2021-10-28,8.75,8.9628,8.58,8.69,8.69,57988,0.0,1.0
2021-10-27,8.34,8.87,8.1,8.71,8.71,94958,0.0,1.0
2021-10-26,7.83,8.3,7.7049,8.2,8.2,50435,0.0,1.0
2021-10-25,8.09,8.1,7.707,7.88,7.88,44130,0.0,1.0
2021-10-22,8.53,8.53,8.01,8.1,8.1,53560,0.0,1.0
2021-10-21,8.46,8.8699,8.45,8.55,8.55,73474,0.0,1.0
2021-10-20,8.66,8.79,8.31,8.43,8.43,59369,0.0,1.0
2021-10-19,7.96,8.82,7.85,8.74,8.74,154892,0.0,1.0
2021-10-18,7.86,8.19,7.8,7.85,7.85,44547,0.0,1.0
2021-10-15,8.14,8.31,7.86,8.04,8.04,85021,0.0,1.0
2021-10-14,8.03,8.1,7.85,7.97,7.97,35019,0.0,1.0
2021-10-13,7.1916,8.14,7.1916,8.02,8.02,110709,0.0,1.0
2021-10-12,7.41,7.42,7.26,7.38,7.38,13985,0.0,1.0
2021-10-11,7.41,7.47,7.17,7.41,7.41,24978,0.0,1.0
2021-10-08,7.59,7.59,7.2587,7.37,7.37,47391,0.0,1.0
2021-10-07,7.39,7.75,7.13,7.6,7.6,63329,0.0,1.0
2021-10-06,7.36,7.43,7.16,7.37,7.37,67541,0.0,1.0
2021-10-05,8.2,8.2,7.26,7.5,7.5,92324,0.0,1.0
2021-10-04,8.09,8.27,7.7,8.16,8.16,66439,0.0,1.0
2021-10-01,7.81,8.13,7.73,8.13,8.13,43792,0.0,1.0
2021-09-30,8.11,8.11,7.73,7.84,7.84,46146,0.0,1.0
2021-09-29,8.39,8.4251,7.83,8.04,8.04,76741,0.0,1.0
2021-09-28,7.89,8.42,7.81,8.36,8.36,128098,0.0,1.0
2021-09-27,7.56,8.0,7.37,7.79,7.79,353257,0.0,1.0
2021-09-24,7.32,7.89,7.25,7.6,7.6,170597,0.0,1.0
2021-09-23,7.02,7.39,7.01,7.28,7.28,45989,0.0,1.0
2021-09-22,7.05,7.106,6.96,7.01,7.01,35389,0.0,1.0
2021-09-21,6.94,7.17,6.87,7.05,7.05,44952,0.0,1.0
2021-09-20,7.15,7.274,6.75,6.89,6.89,109131,0.0,1.0
2021-09-17,7.08,7.28,7.06,7.19,7.19,92575,0.0,1.0
2021-09-16,7.03,7.6499,6.9501,7.04,7.04,43571,0.0,1.0
2021-09-15,7.21,7.34,7.0,7.06,7.06,56751,0.0,1.0
2021-09-14,7.55,7.94,7.2,7.24,7.24,63646,0.0,1.0
2021-09-13,7.7,7.823,7.48,7.49,7.49,16216,0.0,1.0
2021-09-10,7.98,7.98,7.61,7.61,7.61,41134,0.0,1.0
2021-09-09,8.03,8.32,7.79,7.83,7.83,65767,0.0,1.0
2021-09-08,7.94,8.1,7.7,7.96,7.96,106614,0.0,1.0
2021-09-07,7.9,8.02,7.71,7.85,7.85,75055,0.0,1.0
2021-09-03,8.35,8.38,7.83,7.96,7.96,40803,0.0,1.0
2021-09-02,8.29,8.58,8.0276,8.35,8.35,62683,0.0,1.0
2021-09-01,8.3,8.46,8.05,8.29,8.29,63391,0.0,1.0
2021-08-31,7.99,8.41,7.99,8.35,8.35,115422,0.0,1.0
2021-08-30,8.13,8.18,7.85,8.0,8.0,66096,0.0,1.0
2021-08-27,7.71,8.275,7.7,8.07,8.07,77619,0.0,1.0
2021-08-26,7.35,7.77,7.3,7.7,7.7,92266,0.0,1.0
2021-08-25,7.26,7.54,7.26,7.34,7.34,67914,0.0,1.0
2021-08-24,7.2,7.3284,7.125,7.27,7.27,120255,0.0,1.0
2021-08-23,6.93,7.3099,6.81,7.25,7.25,96335,0.0,1.0
2021-08-20,6.25,6.93,6.25,6.92,6.92,99492,0.0,1.0
2021-08-19,6.74,6.75,6.26,6.29,6.29,80246,0.0,1.0
2021-08-18,6.66,7.12,6.639,6.73,6.73,91793,0.0,1.0
2021-08-17,7.02,7.4014,6.61,6.73,6.73,135929,0.0,1.0
2021-08-16,7.78,8.1999,7.02,7.1,7.1,79321,0.0,1.0
2021-08-13,7.29,7.73,7.16,7.73,7.73,135677,0.0,1.0
2021-08-12,7.09,7.21,6.863,7.13,7.13,67709,0.0,1.0
2021-08-11,7.17,7.19,6.81,7.15,7.15,128785,0.0,1.0
2021-08-10,7.07,7.15,6.91,7.12,7.12,63957,0.0,1.0
2021-08-09,6.94,7.1,6.82,7.0,7.0,232123,0.0,1.0
2021-08-06,7.06,7.195,6.95,6.99,6.99,88586,0.0,1.0
2021-08-05,7.27,7.27,7.0,7.12,7.12,89719,0.0,1.0
2021-08-04,7.31,7.4,7.05,7.25,7.25,70346,0.0,1.0
2021-08-03,7.43,7.43,6.95,7.27,7.27,208437,0.0,1.0
2021-08-02,7.4,7.64,7.3,7.36,7.36,163303,0.0,1.0
2021-07-30,7.59,7.76,7.31,7.4,7.4,207379,0.0,1.0
2021-07-29,7.54,7.69,7.34,7.49,7.49,104342,0.0,1.0
2021-07-28,7.42,7.63,7.35,7.57,7.57,130365,0.0,1.0
2021-07-27,7.53,7.64,7.42,7.49,7.49,113939,0.0,1.0
2021-07-26,8.14,8.255,7.54,7.57,7.57,100014,0.0,1.0
2021-07-23,8.16,8.16,7.8069,8.13,8.13,108796,0.0,1.0
2021-07-22,8.09,8.68,7.95,8.2,8.2,124249,0.0,1.0
2021-07-21,8.51,8.51,7.96,8.02,8.02,179947,0.0,1.0
2021-07-20,8.08,8.49,8.08,8.4,8.4,96397,0.0,1.0
2021-07-19,7.7,8.05,7.61,8.02,8.02,90295,0.0,1.0
2021-07-16,8.02,8.12,7.64,7.8,7.8,75029,0.0,1.0
2021-07-15,8.11,8.28,7.8,7.98,7.98,88317,0.0,1.0
2021-07-14,8.51,8.81,8.05,8.12,8.12,86561,0.0,1.0
2021-07-13,8.91,8.99,8.445,8.5,8.5,62854,0.0,1.0
2021-07-12,9.29,9.32,8.93,9.0,9.0,96737,0.0,1.0
2021-07-09,9.12,9.335,8.94,9.25,9.25,54965,0.0,1.0
2021-07-08,9.03,9.49,8.73,9.12,9.12,87817,0.0,1.0
2021-07-07,9.58,9.59,9.14,9.19,9.19,78918,0.0,1.0
2021-07-06,10.0,10.13,9.525,9.58,9.58,104362,0.0,1.0
2021-07-02,9.71,10.03,9.65,9.93,9.93,99706,0.0,1.0
2021-07-01,10.24,10.3765,9.61,9.7,9.7,119419,0.0,1.0
2021-06-30,10.1,10.4737,9.95,10.29,10.29,293904,0.0,1.0
2021-06-29,9.96,10.36,9.96,10.12,10.12,192692,0.0,1.0
2021-06-28,9.7,10.19,9.48,10.0,10.0,250705,0.0,1.0
2021-06-25,9.72,10.41,9.5,9.7,9.7,2600534,0.0,1.0
2021-06-24,9.32,10.18,9.32,9.73,9.73,263206,0.0,1.0
2021-06-23,9.59,9.7,9.07,9.19,9.19,266282,0.0,1.0
2021-06-22,10.18,10.29,9.41,9.44,9.44,218728,0.0,1.0
2021-06-21,10.54,10.665,9.8257,10.28,10.28,283396,0.0,1.0
2021-06-18,10.3,10.605,10.05,10.54,10.54,478630,0.0,1.0
2021-06-17,10.52,10.66,10.27,10.49,10.49,162560,0.0,1.0
2021-06-16,10.84,10.975,10.33,10.4,10.4,241580,0.0,1.0
2021-06-15,11.7,11.7,10.72,10.97,10.97,124164,0.0,1.0
2021-06-14,11.71,11.96,11.62,11.77,11.77,84740,0.0,1.0
2021-06-11,11.84,12.06,11.66,11.75,11.75,65743,0.0,1.0
2021-06-10,12.42,12.57,11.67,11.91,11.91,83455,0.0,1.0
2021-06-09,12.0,12.64,12.0,12.28,12.28,95401,0.0,1.0
2021-06-08,11.52,12.03,11.45,12.0,12.0,143817,0.0,1.0
2021-06-07,12.31,12.31,11.42,11.51,11.51,233312,0.0,1.0
2021-06-04,12.38,12.415,11.95,12.27,12.27,81882,0.0,1.0
2021-06-03,12.31,12.825,11.5601,12.24,12.24,185172,0.0,1.0
2021-06-02,12.41,13.12,12.31,12.47,12.47,83131,0.0,1.0
2021-06-01,13.37,13.38,12.3,12.39,12.39,119254,0.0,1.0
2021-05-28,13.17,13.65,13.1059,13.42,13.42,56787,0.0,1.0
2021-05-27,13.7,13.74,12.92,13.12,13.12,72512,0.0,1.0
2021-05-26,13.72,13.83,13.32,13.75,13.75,89510,0.0,1.0
2021-05-25,14.43,14.43,13.71,13.89,13.89,64995,0.0,1.0
2021-05-24,14.52,14.71,13.8,14.27,14.27,54353,0.0,1.0
2021-05-21,15.05,15.05,14.17,14.46,14.46,138676,0.0,1.0
2021-05-20,13.78,14.6,13.78,14.6,14.6,49314,0.0,1.0
2021-05-19,13.25,13.89,12.65,13.73,13.73,80316,0.0,1.0
2021-05-18,13.43,14.3199,13.3,13.62,13.62,80792,0.0,1.0
2021-05-17,13.18,13.51,12.641,13.18,13.18,67459,0.0,1.0
2021-05-14,12.91,14.09,12.91,13.42,13.42,89810,0.0,1.0
2021-05-13,13.14,13.75,12.5,12.96,12.96,103730,0.0,1.0
2021-05-12,13.16,13.87,12.9749,13.19,13.19,54452,0.0,1.0
2021-05-11,13.14,13.9,13.14,13.2,13.2,75628,0.0,1.0
2021-05-10,14.07,14.32,13.38,13.4,13.4,61086,0.0,1.0
2021-05-07,14.26,14.84,14.06,14.24,14.24,65664,0.0,1.0
2021-05-06,13.63,14.31,13.31,14.2,14.2,76101,0.0,1.0
2021-05-05,15.04,15.28,13.51,13.63,13.63,94001,0.0,1.0
2021-05-04,15.34,15.56,14.6,15.01,15.01,114655,0.0,1.0
2021-05-03,16.0,16.1,14.76,15.6,15.6,241715,0.0,1.0
2021-04-30,15.46,16.15,15.17,15.93,15.93,88988,0.0,1.0
2021-04-29,15.5,15.805,14.77,15.75,15.75,128905,0.0,1.0
2021-04-28,15.03,15.32,14.49,14.94,14.94,98635,0.0,1.0
2021-04-27,15.69,15.85,14.9,15.12,15.12,113546,0.0,1.0
2021-04-26,14.42,15.88,14.37,15.69,15.69,155340,0.0,1.0
2021-04-23,13.9,15.23,13.8381,14.19,14.19,130013,0.0,1.0
2021-04-22,12.9,13.415,12.77,13.11,13.11,68586,0.0,1.0
2021-04-21,12.07,12.95,11.94,12.78,12.78,66959,0.0,1.0
2021-04-20,12.17,12.455,11.76,12.09,12.09,72992,0.0,1.0
2021-04-19,12.39,12.6024,12.15,12.2,12.2,46581,0.0,1.0
2021-04-16,12.98,12.98,12.12,12.24,12.24,56597,0.0,1.0
2021-04-15,13.25,13.5309,12.75,12.95,12.95,74560,0.0,1.0
2021-04-14,13.17,13.74,12.92,13.02,13.02,193030,0.0,1.0
2021-04-13,12.86,12.9,12.175,12.71,12.71,152827,0.0,1.0
2021-04-12,13.17,13.17,12.71,12.84,12.84,58659,0.0,1.0
2021-04-09,12.76,13.55,12.61,13.19,13.19,76068,0.0,1.0
2021-04-08,14.03,14.03,12.79,12.88,12.88,150350,0.0,1.0
2021-04-07,12.97,13.28,12.69,12.87,12.87,90263,0.0,1.0
2021-04-06,12.79,13.36,12.62,13.01,13.01,88292,0.0,1.0
2021-04-05,13.08,13.46,12.57,12.77,12.77,129947,0.0,1.0
2021-04-01,13.13,13.74,12.655,13.11,13.11,119498,0.0,1.0
2021-03-31,13.16,13.56,12.7,13.08,13.08,170715,0.0,1.0
2021-03-30,12.52,13.62,11.71,13.02,13.02,229907,0.0,1.0
2021-03-29,13.1,13.14,12.31,12.66,12.66,91459,0.0,1.0
2021-03-26,12.98,13.52,12.69,13.14,13.14,86503,0.0,1.0
2021-03-25,13.58,13.58,12.85,13.0,13.0,99949,0.0,1.0
2021-03-24,14.35,14.51,13.43,13.6,13.6,69864,0.0,1.0
2021-03-23,14.55,14.72,13.94,14.37,14.37,180558,0.0,1.0
2021-03-22,14.88,14.99,14.22,14.71,14.71,157772,0.0,1.0
2021-03-19,14.37,15.09,14.04,14.54,14.54,490037,0.0,1.0
2021-03-18,14.83,15.17,14.33,14.55,14.55,185399,0.0,1.0
2021-03-17,15.71,16.0,14.9,15.19,15.19,226731,0.0,1.0
2021-03-16,16.02,16.02,14.475,15.78,15.78,224710,0.0,1.0
2021-03-15,14.84,16.75,14.1988,16.6,16.6,148483,0.0,1.0
2021-03-12,14.0,14.95,13.52,14.76,14.76,94459,0.0,1.0
2021-03-11,14.87,15.3,14.13,14.13,14.13,233097,0.0,1.0
2021-03-10,15.0,15.3334,14.21,14.855,14.855,75312,0.0,1.0
2021-03-09,14.48,15.0,14.33,14.77,14.77,136998,0.0,1.0
2021-03-08,13.55,14.585,13.3,14.11,14.11,76332,0.0,1.0
2021-03-05,14.0,14.0,12.52,13.7,13.7,144032,0.0,1.0
2021-03-04,15.44,15.68,13.63,13.79,13.79,203281,0.0,1.0
2021-03-03,15.57,16.0,14.81,15.59,15.59,197379,0.0,1.0
2021-03-02,15.47,15.79,15.12,15.75,15.75,170497,0.0,1.0
2021-03-01,15.31,15.88,14.62,15.6,15.6,121230,0.0,1.0
2021-02-26,15.85,15.85,14.77,15.31,15.31,218337,0.0,1.0
2021-02-25,16.34,16.89,15.4701,15.75,15.75,89451,0.0,1.0
2021-02-24,15.72,16.89,15.56,16.4,16.4,86239,0.0,1.0
2021-02-23,15.99,15.99,14.27,15.71,15.71,228692,0.0,1.0
2021-02-22,16.17,17.12,15.855,16.28,16.28,153007,0.0,1.0
2021-02-19,16.05,16.38,15.3,16.12,16.12,93454,0.0,1.0
2021-02-18,16.0,16.5,14.01,15.8,15.8,420104,0.0,1.0
2021-02-17,16.75,16.82,15.53,16.11,16.11,316080,0.0,1.0
2021-02-16,16.82,17.17,16.27,16.75,16.75,272589,0.0,1.0
2021-02-12,17.26,17.26,15.35,16.82,16.82,192003,0.0,1.0
2021-02-11,16.17,17.545,15.05,17.17,17.17,288743,0.0,1.0
2021-02-10,14.5,17.8,14.09,16.7,16.7,1564789,0.0,1.0
2021-02-09,14.12,14.16,13.4771,13.69,13.69,36753,0.0,1.0
2021-02-08,12.67,14.08,12.67,13.97,13.97,97471,0.0,1.0
2021-02-05,12.61,13.23,12.13,12.67,12.67,95887,0.0,1.0
2021-02-04,12.19,12.61,12.085,12.54,12.54,72969,0.0,1.0
2021-02-03,12.41,12.9451,12.23,12.37,12.37,46341,0.0,1.0
2021-02-02,12.38,12.965,12.2,12.2,12.2,53007,0.0,1.0
2021-02-01,12.61,12.8023,12.05,12.12,12.12,70871,0.0,1.0
2021-01-29,12.7,13.1222,12.05,12.3,12.3,77911,0.0,1.0
2021-01-28,13.36,13.4999,12.41,12.41,12.41,58570,0.0,1.0
2021-01-27,13.56,13.93,12.6941,13.06,13.06,53494,0.0,1.0
2021-01-26,14.66,14.97,13.81,13.93,13.93,54505,0.0,1.0
2021-01-25,14.76,14.9999,14.0667,14.7,14.7,35269,0.0,1.0
2021-01-22,14.5,14.7,13.9,14.54,14.54,42333,0.0,1.0
2021-01-21,14.4,14.92,13.465,14.5,14.5,94101,0.0,1.0
2021-01-20,13.88,15.185,13.88,14.44,14.44,160169,0.0,1.0
2021-01-19,13.14,13.5,12.68,13.49,13.49,53836,0.0,1.0
2021-01-15,13.4,13.44,12.91,13.1,13.1,25695,0.0,1.0
2021-01-14,13.49,13.53,13.05,13.42,13.42,33320,0.0,1.0
2021-01-13,13.5,13.82,13.03,13.27,13.27,56738,0.0,1.0
2021-01-12,13.87,13.93,13.26,13.51,13.51,47218,0.0,1.0
2021-01-11,13.5,14.03,13.48,13.77,13.77,50765,0.0,1.0
2021-01-08,14.08,14.1,13.47,13.72,13.72,47480,0.0,1.0
2021-01-07,14.06,14.31,13.97,14.06,14.06,34562,0.0,1.0
2021-01-06,13.78,14.08,13.635,14.02,14.02,38406,0.0,1.0
2021-01-05,13.26,13.96,13.1,13.55,13.55,31041,0.0,1.0
2021-01-04,14.06,14.32,13.06,13.42,13.42,61733,0.0,1.0
2020-12-31,14.08,14.08,13.2,14.05,14.05,52939,0.0,1.0
2020-12-30,13.59,14.14,13.54,14.09,14.09,35775,0.0,1.0
2020-12-29,14.41,14.41,13.5,13.66,13.66,33476,0.0,1.0
2020-12-28,14.44,14.73,14.18,14.34,14.34,26115,0.0,1.0
2020-12-24,14.0199,14.44,13.92,14.35,14.35,13555,0.0,1.0
2020-12-23,14.5,14.91,13.77,14.31,14.31,106602,0.0,1.0
2020-12-22,13.8,14.715,13.4,14.6,14.6,168735,0.0,1.0
2020-12-21,13.71,14.93,13.22,13.91,13.91,183561,0.0,1.0
2020-12-18,14.85,15.38,14.27,14.48,14.48,167341,0.0,1.0
2020-12-17,13.93,14.85,13.8,14.77,14.77,233308,0.0,1.0
2020-12-16,13.15,13.98,13.09,13.95,13.95,102563,0.0,1.0
2020-12-15,13.01,13.44,12.9,13.24,13.24,54948,0.0,1.0
2020-12-14,12.58,13.13,12.58,12.98,12.98,51556,0.0,1.0
2020-12-11,12.37,13.07,12.28,12.56,12.56,93645,0.0,1.0
2020-12-10,12.93,13.29,12.35,12.61,12.61,38250,0.0,1.0
2020-12-09,13.47,13.47,12.73,12.87,12.87,52124,0.0,1.0
2020-12-08,10.39,13.45,10.39,13.35,13.35,99813,0.0,1.0
2020-12-07,13.8,13.8,12.845,13.04,13.04,45227,0.0,1.0
2020-12-04,13.38,13.99,12.83,13.76,13.76,90825,0.0,1.0
2020-12-03,11.98,13.39,11.66,13.39,13.39,61079,0.0,1.0
2020-12-02,11.85,12.1,11.4701,12.05,12.05,26805,0.0,1.0
2020-12-01,12.32,12.32,11.7,12.0,12.0,37122,0.0,1.0
2020-11-30,12.43,12.5379,12.0,12.33,12.33,42680,0.0,1.0
2020-11-27,12.23,12.59,12.23,12.43,12.43,20187,0.0,1.0
2020-11-25,12.12,12.608,12.01,12.16,12.16,29806,0.0,1.0
2020-11-24,12.91,12.92,12.2185,12.66,12.66,29579,0.0,1.0
2020-11-23,12.84,13.2,12.49,12.66,12.66,39075,0.0,1.0
2020-11-20,12.25,12.82,11.79,12.8,12.8,27275,0.0,1.0
2020-11-19,12.8,13.02,11.82,12.25,12.25,45761,0.0,1.0
2020-11-18,12.0501,13.17,12.0501,12.56,12.56,58604,0.0,1.0
2020-11-17,12.47,13.34,12.29,13.28,13.28,24238,0.0,1.0
2020-11-16,13.45,13.5,12.4055,12.57,12.57,42202,0.0,1.0
2020-11-13,12.55,13.45,12.55,13.3,13.3,39660,0.0,1.0
2020-11-12,11.91,12.48,11.76,12.48,12.48,30618,0.0,1.0
2020-11-11,12.39,12.5364,11.61,11.96,11.96,39043,0.0,1.0
2020-11-10,11.2,12.35,11.1174,12.28,12.28,65355,0.0,1.0
2020-11-09,12.05,12.09,11.02,11.05,11.05,36747,0.0,1.0
2020-11-06,11.88,12.05,11.1986,11.91,11.91,49746,0.0,1.0
2020-11-05,11.48,12.05,11.33,11.92,11.92,40128,0.0,1.0
2020-11-04,11.75,11.75,11.19,11.25,11.25,57853,0.0,1.0
2020-11-03,10.57,11.01,10.42,10.76,10.76,38876,0.0,1.0
2020-11-02,10.85,10.9814,9.71,10.36,10.36,70686,0.0,1.0
2020-10-30,11.59,11.975,10.62,10.72,10.72,44919,0.0,1.0
2020-10-29,11.31,12.12,11.059,11.67,11.67,17213,0.0,1.0
2020-10-28,11.9,12.15,11.0789,11.27,11.27,36724,0.0,1.0
2020-10-27,12.64,12.64,12.02,12.23,12.23,36593,0.0,1.0
2020-10-26,12.49,12.49,11.265,11.98,11.98,69106,0.0,1.0
2020-10-23,13.0,13.3663,12.1541,12.49,12.49,74948,0.0,1.0
2020-10-22,13.6,13.83,12.57,12.86,12.86,32810,0.0,1.0
2020-10-21,13.18,13.31,12.86,13.1,13.1,26111,0.0,1.0
2020-10-20,13.29,13.4225,12.938,13.18,13.18,32552,0.0,1.0
2020-10-19,13.53,13.75,13.23,13.35,13.35,25945,0.0,1.0
2020-10-16,14.07,14.2,13.35,13.52,13.52,31805,0.0,1.0
2020-10-15,13.18,13.68,12.85,13.04,13.04,45985,0.0,1.0
2020-10-14,14.1,15.0,13.4,13.51,13.51,67684,0.0,1.0
2020-10-13,13.78,14.24,13.5765,14.0,14.0,220086,0.0,1.0
2020-10-12,13.72,14.3499,13.54,13.66,13.66,62522,0.0,1.0
2020-10-09,12.93,13.9599,12.92,13.72,13.72,58359,0.0,1.0
2020-10-08,12.92,12.98,12.37,12.64,12.64,20408,0.0,1.0
2020-10-07,12.22,12.77,11.9629,12.66,12.66,31324,0.0,1.0
2020-10-06,12.28,12.44,12.0,12.14,12.14,30271,0.0,1.0
2020-10-05,12.08,12.3299,11.92,12.03,12.03,32004,0.0,1.0
2020-10-02,11.68,12.31,11.57,11.89,11.89,71455,0.0,1.0
2020-10-01,12.0,12.5,11.89,12.25,12.25,46558,0.0,1.0
2020-09-30,12.82,12.82,11.7,11.89,11.89,84175,0.0,1.0
2020-09-29,10.59,12.71,10.585,12.53,12.53,156112,0.0,1.0
2020-09-28,11.24,11.24,10.53,10.57,10.57,242189,0.0,1.0
2020-09-25,10.69,11.4036,10.69,11.08,11.08,132134,0.0,1.0
2020-09-24,11.1,11.23,10.2,10.55,10.55,218100,0.0,1.0
2020-09-23,12.51,14.93,11.1,11.27,11.27,1599572,0.0,1.0
2020-09-22,13.3,13.3,10.1,10.175,10.175,865576,0.0,1.0
2020-09-21,17.77,18.89,12.92,13.48,13.48,674760,0.0,1.0
2020-09-18,16.69,21.4,16.0,21.4,21.4,378899,0.0,1.0
2020-09-17,14.98,16.2,14.845,16.11,16.11,90589,0.0,1.0
2020-09-16,16.0,16.09,14.56,15.4,15.4,108649,0.0,0.142857142857143
2020-09-15,2.38,2.46,2.21,2.28,15.96,854733,0.0,1.0
2020-09-14,2.14,2.39,2.14,2.37,16.59,715317,0.0,1.0
2020-09-11,2.13,2.19,2.06,2.15,15.05,211654,0.0,1.0
2020-09-10,2.11,2.18,2.03,2.11,14.77,172828,0.0,1.0
2020-09-09,2.0,2.15,2.0,2.09,14.63,230229,0.0,1.0
2020-09-08,2.0,2.06,1.92,1.97,13.79,221526,0.0,1.0
2020-09-04,2.06,2.08,1.882,2.0,14.0,453652,0.0,1.0
2020-09-03,2.18,2.2,2.045,2.08,14.56,240337,0.0,1.0
2020-09-02,2.12,2.2,2.09,2.17,15.19,188278,0.0,1.0
2020-09-01,2.29,2.3,2.1,2.13,14.91,278314,0.0,1.0
2020-08-31,2.05,2.3,2.05,2.28,15.96,608744,0.0,1.0
2020-08-28,2.03,2.13,2.03,2.05,14.35,244363,0.0,1.0
2020-08-27,2.16,2.1792,2.02,2.05,14.35,151797,0.0,1.0
2020-08-26,2.06,2.21,2.02,2.15,15.05,212563,0.0,1.0
2020-08-25,2.03,2.11,2.02,2.05,14.35,317782,0.0,1.0
2020-08-24,2.17,2.18,2.02,2.08,14.56,511025,0.0,1.0
2020-08-21,2.3,2.34,2.14,2.19,15.33,313429,0.0,1.0
2020-08-20,2.15,2.3,2.15,2.27,15.89,250322,0.0,1.0
2020-08-19,2.23,2.29,2.16,2.17,15.19,389088,0.0,1.0
2020-08-18,2.28,2.36,2.23,2.23,15.61,249993,0.0,1.0
2020-08-17,2.35,2.35,2.22,2.25,15.75,322821,0.0,1.0
2020-08-14,2.29,2.32,2.23,2.31,16.17,292393,0.0,1.0
2020-08-13,2.31,2.38,2.26,2.28,15.96,280646,0.0,1.0
2020-08-12,2.4,2.43,2.215,2.31,16.17,810493,0.0,1.0
2020-08-11,2.59,2.59,2.38,2.38,16.66,614703,0.0,1.0
2020-08-10,2.48,2.66,2.45,2.59,18.13,713412,0.0,1.0
2020-08-07,2.5,2.54,2.42,2.45,17.15,311855,0.0,1.0
2020-08-06,2.61,2.6394,2.5,2.51,17.57,397009,0.0,1.0
2020-08-05,2.6,2.7,2.56,2.59,18.13,553736,0.0,1.0
2020-08-04,2.55,2.69,2.51,2.59,18.13,472830,0.0,1.0
2020-08-03,2.51,2.58,2.49,2.54,17.78,444942,0.0,1.0
2020-07-31,2.75,2.85,2.45,2.49,17.43,1026149,0.0,1.0
2020-07-30,2.4,2.775,2.34,2.72,19.04,1185765,0.0,1.0
2020-07-29,2.38,2.49,2.33,2.48,17.36,894614,0.0,1.0
2020-07-28,2.74,2.75,2.25,2.37,16.59,3252445,0.0,1.0
2020-07-27,2.59,2.5951,2.5,2.52,17.64,666680,0.0,1.0
2020-07-24,2.45,2.54,2.37,2.51,17.57,436192,0.0,1.0
2020-07-23,2.63,2.71,2.41,2.46,17.22,809930,0.0,1.0
2020-07-22,2.74,2.79,2.58,2.585,18.095,573581,0.0,1.0
2020-07-21,2.701,2.89,2.66,2.8,19.6,865647,0.0,1.0
2020-07-20,3.04,3.049,2.58,2.63,18.41,2066348,0.0,1.0
2020-07-17,2.52,3.1,2.5,2.99,20.93,4401077,0.0,1.0
2020-07-16,2.35,2.52,2.31,2.49,17.43,890710,0.0,1.0
2020-07-15,2.28,2.4,2.25,2.35,16.45,421698,0.0,1.0
2020-07-14,2.32,2.35,2.19,2.27,15.89,564218,0.0,1.0
2020-07-13,2.48,2.49,2.27,2.3,16.1,955014,0.0,1.0
2020-07-10,2.31,2.51,2.265,2.45,17.15,1251922,0.0,1.0
2020-07-09,2.33,2.404,2.28,2.31,16.17,599809,0.0,1.0
2020-07-08,2.25,2.39,2.24,2.31,16.17,682097,0.0,1.0
2020-07-07,2.4,2.46,2.22,2.31,16.17,1109958,0.0,1.0
2020-07-06,2.56,2.62,2.31,2.49,17.43,2880964,0.0,1.0
2020-07-02,2.14,2.35,2.05,2.31,16.17,2558474,0.0,1.0
2020-07-01,2.14,2.18,2.015,2.06,14.42,819819,0.0,1.0
2020-06-30,2.11,2.16,2.06,2.15,15.05,465158,0.0,1.0
2020-06-29,2.2,2.3,2.08,2.13,14.91,563403,0.0,1.0
2020-06-26,2.12,2.2,2.059,2.18,15.26,2439297,0.0,1.0
2020-06-25,2.14,2.18,2.06,2.14,14.98,851650,0.0,1.0
2020-06-24,2.29,2.37,2.07,2.12,14.84,871135,0.0,1.0
2020-06-23,2.23,2.42,2.224,2.32,16.24,1337873,0.0,1.0
2020-06-22,2.12,2.23,2.035,2.2,15.4,577449,0.0,1.0
2020-06-19,2.12,2.2,2.09,2.1,14.7,758574,0.0,1.0
2020-06-18,2.16,2.16,2.04,2.13,14.91,559952,0.0,1.0
2020-06-17,2.21,2.21,2.11,2.175,15.225,347344,0.0,1.0
2020-06-16,2.25,2.28,2.095,2.16,15.12,688217,0.0,1.0
2020-06-15,2.05,2.25,1.92,2.18,15.26,734979,0.0,1.0
2020-06-12,2.07,2.155,1.99,2.09,14.63,822756,0.0,1.0
2020-06-11,2.18,2.226,1.981,2.04,14.28,1392576,0.0,1.0
2020-06-10,2.44,2.49,2.23,2.25,15.75,831896,0.0,1.0
2020-06-09,2.26,2.45,2.24,2.4,16.8,1555706,0.0,1.0
2020-06-08,2.18,2.33,2.12,2.23,15.61,768655,0.0,1.0
2020-06-05,2.15,2.21,2.05,2.18,15.26,790366,0.0,1.0
2020-06-04,2.27,2.35,2.08,2.135,14.945,1371088,0.0,1.0
2020-06-03,2.06,2.3,2.04,2.23,15.61,1953360,0.0,1.0
2020-06-02,2.0,2.08,1.921,2.0,14.0,1094933,0.0,1.0
2020-06-01,2.18,2.18,1.99,2.02,14.14,784310,0.0,1.0
2020-05-29,2.21,2.272,1.96,2.17,15.19,2818016,0.0,1.0
2020-05-28,2.26,2.49,2.1,2.21,15.47,6489734,0.0,1.0
2020-05-27,2.32,2.34,2.04,2.1,14.7,1249148,0.0,1.0
2020-05-26,2.17,2.37,2.13,2.28,15.96,2285717,0.0,1.0
2020-05-22,2.03,2.13,1.91,2.1,14.7,1146234,0.0,1.0
2020-05-21,1.96,2.12,1.9,2.03,14.21,1167743,0.0,1.0
2020-05-20,1.95,1.985,1.92,1.96,13.72,815172,0.0,1.0
2020-05-19,1.91,1.97,1.89,1.96,13.72,644838,0.0,1.0
2020-05-18,1.96,2.015,1.9,1.93,13.51,675671,0.0,1.0
2020-05-15,1.91,1.94,1.85,1.94,13.58,629525,0.0,1.0
2020-05-14,1.84,1.95,1.78,1.92,13.44,858937,0.0,1.0
2020-05-13,1.94,2.025,1.7,1.83,12.81,2295970,0.0,1.0
2020-05-12,1.94,2.23,1.88,1.93,13.51,4587491,0.0,1.0
2020-05-11,1.91,1.943,1.84,1.92,13.44,1524664,0.0,1.0
2020-05-08,1.69,1.98,1.66,1.91,13.37,4533127,0.0,1.0
2020-05-07,1.75,1.75,1.64,1.73,12.11,1190856,0.0,1.0
2020-05-06,1.73,1.78,1.63,1.75,12.25,1221474,0.0,1.0
2020-05-05,1.58,1.82,1.56,1.71,11.97,5402912,0.0,1.0
2020-05-04,1.45,1.55,1.41,1.52,10.64,746691,0.0,1.0
2020-05-01,1.5,1.55,1.417,1.5,10.5,1126478,0.0,1.0
2020-04-30,1.5,1.58,1.37,1.53,10.71,2856808,0.0,1.0
2020-04-29,1.57,1.58,1.36,1.54,10.78,14262547,0.0,1.0
2020-04-28,1.24,1.25,1.18,1.22,8.53999999999999,227036,0.0,1.0
2020-04-27,1.15,1.24,1.14,1.24,8.67999999999999,318097,0.0,1.0
2020-04-24,1.19,1.21,1.13,1.15,8.04999999999999,377791,0.0,1.0
2020-04-23,1.17,1.195,1.15,1.17,8.18999999999999,177027,0.0,1.0
2020-04-22,1.15,1.19,1.11,1.15,8.04999999999999,214468,0.0,1.0
2020-04-21,1.22,1.23,1.12,1.15,8.04999999999999,403601,0.0,1.0
2020-04-20,1.19,1.33,1.16,1.2,8.39999999999999,643233,0.0,1.0
2020-04-17,1.18,1.22,1.12,1.18,8.25999999999999,372537,0.0,1.0
2020-04-16,1.17,1.18,1.12,1.15,8.04999999999999,208799,0.0,1.0
2020-04-15,1.15,1.2,1.1,1.16,8.11999999999999,218392,0.0,1.0
2020-04-14,1.15,1.22,1.15,1.2,8.39999999999999,704436,0.0,1.0
2020-04-13,1.1,1.15,1.07,1.135,7.94499999999999,401921,0.0,1.0
2020-04-09,1.09,1.12,1.06,1.1,7.69999999999999,229299,0.0,1.0
2020-04-08,1.03,1.11,1.01,1.1,7.69999999999999,421965,0.0,1.0
2020-04-07,1.06,1.07,1.015,1.02,7.13999999999999,270735,0.0,1.0
2020-04-06,1.03,1.08,1.03,1.06,7.41999999999999,379043,0.0,1.0
2020-04-03,1.03,1.07,0.97,1.03,7.20999999999999,426390,0.0,1.0
2020-04-02,1.03,1.06,0.989,1.06,7.41999999999999,345162,0.0,1.0
2020-04-01,1.03,1.08,1.01,1.01,7.06999999999999,292940,0.0,1.0
2020-03-31,1.07,1.12,1.01,1.03,7.20999999999999,596935,0.0,1.0
2020-03-30,1.06,1.09,1.03,1.09,7.62999999999999,185173,0.0,1.0
2020-03-27,1.0,1.12,0.99,1.04,7.27999999999999,300953,0.0,1.0
2020-03-26,1.09,1.13,1.01,1.05,7.34999999999999,309006,0.0,1.0
2020-03-25,1.04,1.14,1.03,1.09,7.62999999999999,402159,0.0,1.0
2020-03-24,1.02,1.06,1.0,1.05,7.34999999999999,1119728,0.0,1.0
2020-03-23,0.978,1.04,0.951,0.97,6.78999999999999,192970,0.0,1.0
2020-03-20,0.966,1.05,0.96,0.97,6.78999999999999,460039,0.0,1.0
2020-03-19,0.873,1.0,0.86,0.956,6.69199999999999,432841,0.0,1.0
2020-03-18,0.97,0.97,0.87,0.874,6.11799999999999,736780,0.0,1.0
2020-03-17,0.97,1.05,0.951,0.97,6.78999999999999,484038,0.0,1.0
2020-03-16,0.991,1.07,0.953,0.96,6.71999999999999,617967,0.0,1.0
2020-03-13,1.06,1.12,0.995,1.07,7.48999999999999,830696,0.0,1.0
2020-03-12,1.01,1.15,1.01,1.06,7.41999999999999,1023250,0.0,1.0
2020-03-11,1.23,1.24,1.13,1.17,8.18999999999999,932292,0.0,1.0
2020-03-10,1.29,1.31,1.2,1.24,8.67999999999999,1063813,0.0,1.0
2020-03-09,1.31,1.31,1.18,1.26,8.81999999999999,1937796,0.0,1.0
2020-03-06,1.37,1.4,1.32,1.35,9.44999999999999,1294454,0.0,1.0
2020-03-05,1.41,1.47,1.37,1.38,9.65999999999999,738833,0.0,1.0
2020-03-04,1.44,1.47,1.415,1.44,10.08,521383,0.0,1.0
2020-03-03,1.44,1.47,1.41,1.43,10.01,420207,0.0,1.0
2020-03-02,1.39,1.48,1.35,1.42,9.93999999999999,567201,0.0,1.0
2020-02-28,1.35,1.41,1.33,1.39,9.72999999999999,1025018,0.0,1.0
2020-02-27,1.43,1.44,1.31,1.36,9.51999999999999,1821007,0.0,1.0
2020-02-26,1.46,1.508,1.42,1.45,10.15,826303,0.0,1.0
2020-02-25,1.52,1.585,1.43,1.47,10.29,1016938,0.0,1.0
2020-02-24,1.46,1.62,1.43,1.51,10.57,1348244,0.0,1.0
2020-02-21,1.45,1.55,1.44,1.52,10.64,1634925,0.0,1.0
2020-02-20,1.47,1.49,1.41,1.46,10.22,1011430,0.0,1.0
2020-02-19,1.39,1.53,1.36,1.47,10.29,3958879,0.0,1.0
2020-02-18,1.35,1.35,1.32,1.33,9.30999999999999,509027,0.0,1.0
2020-02-14,1.37,1.38,1.33,1.35,9.44999999999999,750955,0.0,1.0
2020-02-13,1.4,1.42,1.37,1.38,9.65999999999999,538579,0.0,1.0
2020-02-12,1.4,1.45,1.39,1.4,9.79999999999999,505167,0.0,1.0
2020-02-11,1.38,1.41,1.37,1.39,9.72999999999999,407712,0.0,1.0
2020-02-10,1.4,1.416,1.37,1.38,9.65999999999999,491910,0.0,1.0
2020-02-07,1.41,1.43,1.37,1.4,9.79999999999999,899318,0.0,1.0
2020-02-06,1.39,1.49,1.39,1.395,9.76499999999999,2354029,0.0,1.0
2020-02-05,1.34,1.4,1.34,1.37,9.58999999999999,509448,0.0,1.0
2020-02-04,1.4,1.42,1.32,1.35,9.44999999999999,909745,0.0,1.0
2020-02-03,1.36,1.43,1.35,1.4,9.79999999999999,861322,0.0,1.0
2020-01-31,1.3,1.4,1.29,1.38,9.65999999999999,1339874,0.0,1.0
2020-01-30,1.33,1.34,1.26,1.28,8.95999999999999,1500382,0.0,1.0
2020-01-29,1.39,1.41,1.32,1.32,9.23999999999999,1368601,0.0,1.0
2020-01-28,1.41,1.43,1.36,1.41,9.86999999999999,1269607,0.0,1.0
2020-01-27,1.4,1.46,1.33,1.37,9.58999999999999,2798903,0.0,1.0
2020-01-24,1.49,1.49,1.39,1.41,9.86999999999999,2800846,0.0,1.0
2020-01-23,1.5,1.507,1.45,1.46,10.22,1750210,0.0,1.0
2020-01-22,1.52,1.561,1.45,1.48,10.36,2553001,0.0,1.0
2020-01-21,1.49,1.58,1.47,1.49,10.43,2350428,0.0,1.0
2020-01-17,1.53,1.54,1.46,1.46,10.22,3113182,0.0,1.0
2020-01-16,1.53,1.55,1.49,1.5,10.5,1032764,0.0,1.0
2020-01-15,1.48,1.6,1.48,1.52,10.64,1017842,0.0,1.0
2020-01-14,1.57,1.58,1.4,1.49,10.43,1811623,0.0,1.0
2020-01-13,1.68,1.69,1.52,1.57,10.99,2914854,0.0,1.0
2020-01-10,1.48,1.76,1.44,1.7,11.9,5431811,0.0,1.0
2020-01-09,1.41,1.49,1.37,1.48,10.36,1309420,0.0,1.0
2020-01-08,1.44,1.45,1.37,1.41,9.86999999999999,954737,0.0,1.0
2020-01-07,1.46,1.46,1.42,1.45,10.15,1058433,0.0,1.0
2020-01-06,1.46,1.47,1.42,1.46,10.22,1140454,0.0,1.0
2020-01-03,1.43,1.47,1.41,1.46,10.22,1550945,0.0,1.0
2020-01-02,1.49,1.5,1.41,1.41,9.86999999999999,2047511,0.0,1.0
2019-12-31,1.52,1.525,1.37,1.49,10.43,4909291,0.0,1.0
2019-12-30,1.31,1.35,1.27,1.34,9.37999999999999,1476769,0.0,1.0
2019-12-27,1.33,1.36,1.31,1.32,9.23999999999999,724763,0.0,1.0
2019-12-26,1.44,1.44,1.3,1.33,9.30999999999999,1414763,0.0,1.0
2019-12-24,1.42,1.42,1.34,1.4,9.79999999999999,1398633,0.0,1.0
2019-12-23,1.31,1.48,1.27,1.38,9.65999999999999,3495836,0.0,1.0
2019-12-20,1.24,1.3,1.18,1.3,9.09999999999999,1926954,0.0,1.0
2019-12-19,1.18,1.24,1.15,1.24,8.67999999999999,1232427,0.0,1.0
2019-12-18,1.13,1.2,1.13,1.18,8.25999999999999,13504492,0.0,1.0
2019-12-17,1.17,1.17,1.11,1.14,7.97999999999999,1480855,0.0,1.0
2019-12-16,1.23,1.264,1.16,1.165,8.15499999999999,1227946,0.0,1.0
2019-12-13,1.24,1.26,1.21,1.23,8.60999999999999,780148,0.0,1.0
2019-12-12,1.25,1.27,1.22,1.24,8.67999999999999,978872,0.0,1.0
2019-12-11,1.24,1.26,1.22,1.25,8.74999999999999,519249,0.0,1.0
2019-12-10,1.28,1.31,1.24,1.24,8.67999999999999,1210034,0.0,1.0
2019-12-09,1.28,1.3,1.24,1.29,9.02999999999999,843638,0.0,1.0
2019-12-06,1.22,1.308,1.2,1.27,8.88999999999999,1489399,0.0,1.0
2019-12-05,1.17,1.22,1.14,1.21,8.46999999999999,1495187,0.0,1.0
2019-12-04,1.19,1.23,1.14,1.18,8.25999999999999,1073607,0.0,1.0
2019-12-03,1.2,1.25,1.18,1.19,8.32999999999999,923115,0.0,1.0
2019-12-02,1.19,1.27,1.16,1.25,8.74999999999999,1069933,0.0,1.0
2019-11-29,1.19,1.23,1.17,1.2,8.39999999999999,607229,0.0,1.0
2019-11-27,1.24,1.26,1.11,1.21,8.46999999999999,1352546,0.0,1.0
2019-11-26,1.29,1.3,1.18,1.23,8.60999999999999,1641288,0.0,1.0
2019-11-25,1.22,1.37,1.2,1.28,8.95999999999999,3702932,0.0,1.0
2019-11-22,1.09,1.23,1.06,1.21,8.46999999999999,4307717,0.0,1.0
2019-11-21,1.08,1.12,1.04,1.08,7.55999999999999,1517471,0.0,1.0
2019-11-20,1.08,1.11,1.02,1.07,7.48999999999999,1778210,0.0,1.0
2019-11-19,1.1,1.12,1.03,1.11,7.76999999999999,2993292,0.0,1.0
2019-11-18,1.15,1.25,1.09,1.14,7.97999999999999,6256354,0.0,1.0
2019-11-15,1.62,1.92,0.94,1.09,7.62999999999999,26330381,0.0,1.0
2019-11-14,8.3,8.338,7.791,7.95,55.6499999999999,234746,0.0,1.0
2019-11-13,9.36,9.88,8.13,8.41,58.8699999999999,521897,0.0,1.0
2019-11-12,8.99,9.73,8.88,9.27,64.8899999999999,647691,0.0,1.0
2019-11-11,8.92,8.95,8.4,8.88,62.1599999999999,277510,0.0,1.0
2019-11-08,8.3,8.88,8.2,8.7,60.8999999999999,238218,0.0,1.0
2019-11-07,7.87,8.39,7.84,8.2,57.3999999999999,186984,0.0,1.0
2019-11-06,7.56,7.84,7.5,7.72,54.0399999999999,166546,0.0,1.0
2019-11-05,8.18,8.302,7.361,7.57,52.99,233614,0.0,1.0
2019-11-04,8.05,8.42,7.785,8.15,57.0499999999999,296824,0.0,1.0
2019-11-01,7.31,7.94,7.31,7.85,54.9499999999999,136440,0.0,1.0
2019-10-31,7.17,7.39,7.08,7.25,50.75,241749,0.0,1.0
2019-10-30,7.03,7.461,7.0,7.14,49.98,295778,0.0,1.0
2019-10-29,7.0,7.28,6.88,7.03,49.21,355757,0.0,1.0
2019-10-28,6.95,7.1,6.67,6.97,48.79,224521,0.0,1.0
2019-10-25,6.76,7.12,6.63,6.83,47.81,299154,0.0,1.0
2019-10-24,7.21,7.25,6.59,6.82,47.74,295175,0.0,1.0
2019-10-23,6.73,7.14,6.61,7.04,49.28,225195,0.0,1.0
2019-10-22,7.07,7.21,6.41,6.72,47.04,228618,0.0,1.0
2019-10-21,7.13,7.343,6.93,7.07,49.49,170961,0.0,1.0
2019-10-18,6.82,7.28,6.72,6.99,48.93,98799,0.0,1.0
2019-10-17,6.95,7.19,6.8,6.85,47.95,214706,0.0,1.0
2019-10-16,6.93,7.04,6.75,6.92,48.44,109849,0.0,1.0
2019-10-15,7.04,7.45,6.74,6.91,48.37,214487,0.0,1.0
2019-10-14,7.3,7.68,6.98,7.0,49.0,134942,0.0,1.0
2019-10-11,7.42,7.92,7.23,7.28,50.96,105961,0.0,1.0
2019-10-10,7.11,7.37,7.11,7.32,51.24,63359,0.0,1.0
2019-10-09,7.8,7.92,6.95,7.11,49.77,124106,0.0,1.0
2019-10-08,8.08,8.16,7.62,7.74,54.1799999999999,147267,0.0,1.0
2019-10-07,8.22,8.44,8.1,8.19,57.3299999999999,114361,0.0,1.0
2019-10-04,8.48,8.88,8.05,8.21,57.47,99291,0.0,1.0
2019-10-03,8.22,8.44,8.01,8.39,58.7299999999999,45878,0.0,1.0
2019-10-02,8.36,8.45,7.82,8.18,57.2599999999999,140456,0.0,1.0
2019-10-01,9.04,9.18,8.36,8.38,58.66,84367,0.0,1.0
2019-09-30,8.7,8.99,8.61,8.84,61.8799999999999,102813,0.0,1.0
2019-09-27,9.1,9.35,8.55,8.7,60.8999999999999,94799,0.0,1.0
2019-09-26,9.21,9.43,9.0,9.04,63.2799999999999,74160,0.0,1.0
2019-09-25,9.06,9.29,9.0,9.2,64.3999999999999,63582,0.0,1.0
2019-09-24,9.4,9.46,9.0,9.05,63.3499999999999,143761,0.0,1.0
2019-09-23,9.62,9.687,9.25,9.4,65.7999999999999,116656,0.0,1.0
2019-09-20,9.73,9.92,9.55,9.68,67.7599999999999,103582,0.0,1.0
2019-09-19,9.72,9.92,9.57,9.77,68.3899999999999,60694,0.0,1.0
2019-09-18,10.04,10.046,9.61,9.68,67.7599999999999,70655,0.0,1.0
2019-09-17,10.43,10.49,9.99,10.08,70.5599999999999,66913,0.0,1.0
2019-09-16,10.14,10.5,10.05,10.44,73.0799999999999,234104,0.0,1.0
2019-09-13,10.2,10.475,10.11,10.26,71.8199999999999,128268,0.0,1.0
2019-09-12,9.96,10.3,9.82,10.14,70.9799999999999,109265,0.0,1.0
2019-09-11,9.98,10.1,9.76,9.97,69.7899999999999,207043,0.0,1.0
2019-09-10,9.85,10.01,9.81,9.93,69.5099999999999,123459,0.0,1.0
2019-09-09,10.0,10.05,9.753,9.89,69.2299999999999,132821,0.0,1.0
2019-09-06,10.0,10.04,9.72,9.81,68.6699999999999,69425,0.0,1.0
2019-09-05,9.8,10.035,9.7,9.97,69.7899999999999,136737,0.0,1.0
2019-09-04,9.46,9.72,9.25,9.68,67.7599999999999,268293,0.0,1.0
2019-09-03,9.42,9.6,9.25,9.36,65.5199999999999,77027,0.0,1.0
2019-08-30,9.73,9.73,9.325,9.62,67.3399999999999,100464,0.0,1.0
2019-08-29,9.89,10.162,9.6,9.7,67.8999999999999,77491,0.0,1.0
2019-08-28,9.54,10.01,9.469,9.67,67.6899999999999,82122,0.0,1.0
2019-08-27,9.9,10.045,9.5,9.6,67.1999999999999,61022,0.0,1.0
2019-08-26,10.08,10.08,9.7,9.91,69.3699999999999,71305,0.0,1.0
2019-08-23,10.62,10.65,9.85,10.0,69.9999999999999,84768,0.0,1.0
2019-08-22,10.91,11.0,10.2,10.62,74.3399999999999,129715,0.0,1.0
2019-08-21,10.2,10.99,10.18,10.8,75.5999999999999,143105,0.0,1.0
2019-08-20,10.05,10.26,9.896,10.1,70.6999999999999,83042,0.0,1.0
2019-08-19,10.15,10.28,10.0,10.1,70.6999999999999,122433,0.0,1.0
2019-08-16,9.93,10.29,9.66,10.01,70.0699999999999,165191,0.0,1.0
2019-08-15,9.49,10.25,9.38,9.85,68.9499999999999,112426,0.0,1.0
2019-08-14,9.55,10.259,9.32,9.34,65.3799999999999,183739,0.0,1.0
2019-08-13,9.26,9.91,9.23,9.75,68.2499999999999,85326,0.0,1.0
2019-08-12,9.55,9.683,9.24,9.27,64.8899999999999,114358,0.0,1.0
2019-08-09,9.91,9.95,9.5,9.58,67.0599999999999,133142,0.0,1.0
2019-08-08,9.97,10.19,9.66,9.89,69.2299999999999,70954,0.0,1.0
2019-08-07,9.65,10.24,9.52,9.91,69.3699999999999,91991,0.0,1.0
2019-08-06,9.86,9.86,9.23,9.78,68.4599999999999,109506,0.0,1.0
2019-08-05,10.36,10.48,9.444,9.79,68.5299999999999,248071,0.0,1.0
2019-08-02,10.65,10.96,10.08,10.32,72.2399999999999,175663,0.0,1.0
2019-08-01,11.0,11.128,10.24,10.66,74.6199999999999,154409,0.0,1.0
2019-07-31,11.09,11.36,10.8,10.88,76.1599999999999,237618,0.0,1.0
2019-07-30,10.55,11.055,10.55,10.99,76.9299999999999,279548,0.0,1.0
2019-07-29,9.56,10.633,9.56,10.53,73.7099999999999,259613,0.0,1.0
2019-07-26,9.93,10.36,9.25,9.5,66.4999999999999,210276,0.0,1.0
2019-07-25,10.87,10.87,9.87,9.89,69.2299999999999,346805,0.0,1.0
2019-07-24,11.46,11.48,10.52,10.77,75.3899999999999,335696,0.0,1.0
2019-07-23,11.61,11.96,10.5,11.45,80.1499999999999,405067,0.0,1.0
2019-07-22,10.19,11.31,10.19,11.22,78.5399999999999,257970,0.0,1.0
2019-07-19,10.38,10.779,9.74,10.01,70.0699999999999,182742,0.0,1.0
2019-07-18,10.47,10.9,10.28,10.37,72.5899999999999,193273,0.0,1.0
2019-07-17,10.18,10.804,10.11,10.39,72.7299999999999,303365,0.0,1.0
2019-07-16,10.48,10.55,10.02,10.26,71.8199999999999,149982,0.0,1.0
2019-07-15,10.01,10.55,9.89,10.39,72.7299999999999,208845,0.0,1.0
2019-07-12,9.68,10.18,9.52,9.85,68.9499999999999,131367,0.0,1.0
2019-07-11,9.82,10.03,9.37,9.6,67.1999999999999,156269,0.0,1.0
2019-07-10,9.86,9.99,9.552,9.75,68.2499999999999,136901,0.0,1.0
2019-07-09,10.09,10.19,9.56,9.74,68.1799999999999,118898,0.0,1.0
2019-07-08,10.36,10.44,9.99,10.15,71.0499999999999,124409,0.0,1.0
2019-07-05,10.29,10.43,10.15,10.27,71.8899999999999,94389,0.0,1.0
2019-07-03,10.31,10.419,10.17,10.28,71.9599999999999,38227,0.0,1.0
2019-07-02,10.47,10.47,10.03,10.28,71.9599999999999,64219,0.0,1.0
2019-07-01,10.45,10.72,10.16,10.29,72.0299999999999,106791,0.0,1.0
2019-06-28,10.4,10.545,10.09,10.2,71.3999999999999,908772,0.0,1.0
2019-06-27,10.0,10.54,9.88,10.25,71.7499999999999,145598,0.0,1.0
2019-06-26,10.02,10.448,9.75,9.91,69.3699999999999,106244,0.0,1.0
2019-06-25,10.11,10.43,9.91,9.98,69.8599999999999,122607,0.0,1.0
2019-06-24,10.3,10.683,9.98,10.1,70.6999999999999,115372,0.0,1.0
2019-06-21,10.51,10.59,9.9,10.35,72.4499999999999,306105,0.0,1.0
2019-06-20,10.49,11.0,10.17,10.52,73.6399999999999,157234,0.0,1.0
2019-06-19,9.43,10.35,9.43,10.21,71.4699999999999,223320,0.0,1.0
2019-06-18,9.54,9.9,8.9,9.3,65.1,154642,0.0,1.0
2019-06-17,9.01,9.676,9.01,9.45,66.1499999999999,149250,0.0,1.0
2019-06-14,8.71,9.18,8.71,8.95,62.6499999999999,66904,0.0,1.0
2019-06-13,9.07,9.2,8.67,9.05,63.3499999999999,86054,0.0,1.0
2019-06-12,8.37,8.96,8.3,8.9,62.2999999999999,70216,0.0,1.0
2019-06-11,8.97,9.275,8.19,8.34,58.3799999999999,104444,0.0,1.0
2019-06-10,8.8,9.31,8.44,8.82,61.7399999999999,307368,0.0,1.0
2019-06-07,8.13,8.99,8.07,8.79,61.5299999999999,280957,0.0,1.0
2019-06-06,7.46,8.28,7.45,8.0,56.0,74774,0.0,1.0
2019-06-05,7.44,7.5,7.035,7.43,52.0099999999999,87680,0.0,1.0
2019-06-04,7.13,7.25,6.88,7.07,49.49,65297,0.0,1.0
2019-06-03,7.14,7.21,6.85,6.97,48.79,88032,0.0,1.0
2019-05-31,7.42,7.44,6.93,7.21,50.47,93379,0.0,1.0
2019-05-30,7.9,7.99,7.3,7.57,52.99,114619,0.0,1.0
2019-05-29,7.43,7.98,7.43,7.85,54.9499999999999,58146,0.0,1.0
2019-05-28,7.67,8.11,7.34,7.5,52.5,61419,0.0,1.0
2019-05-24,7.47,7.91,7.45,7.64,53.4799999999999,33675,0.0,1.0
2019-05-23,7.49,7.49,7.23,7.44,52.08,40347,0.0,1.0
2019-05-22,8.03,8.26,7.22,7.6,53.1999999999999,111588,0.0,1.0
2019-05-21,8.11,8.3,7.84,8.08,56.5599999999999,68561,0.0,1.0
2019-05-20,7.88,8.46,7.7,8.12,56.8399999999999,166341,0.0,1.0
2019-05-17,7.98,8.15,7.7,7.88,55.1599999999999,43528,0.0,1.0
2019-05-16,7.9,8.22,7.7,8.08,56.5599999999999,71556,0.0,1.0
2019-05-15,8.04,8.33,7.68,7.93,55.5099999999999,132580,0.0,1.0
2019-05-14,7.94,8.33,7.94,8.13,56.91,71380,0.0,1.0
2019-05-13,8.6,8.65,7.896,8.08,56.5599999999999,95844,0.0,1.0
2019-05-10,8.73,8.88,8.1,8.79,61.5299999999999,149358,0.0,1.0
2019-05-09,7.9,8.9,7.771,8.71,60.9699999999999,125600,0.0,1.0
2019-05-08,7.99,8.48,7.97,7.99,55.9299999999999,87118,0.0,1.0
2019-05-07,8.02,8.17,7.75,8.0,56.0,86403,0.0,1.0
2019-05-06,7.85,8.29,7.85,8.14,56.98,124353,0.0,1.0
2019-05-03,8.12,8.35,8.03,8.16,57.1199999999999,76399,0.0,1.0
2019-05-02,8.0,8.08,7.719,8.08,56.5599999999999,54495,0.0,1.0
2019-05-01,8.06,8.24,7.75,8.04,56.2799999999999,65529,0.0,1.0
2019-04-30,8.36,8.388,7.72,8.05,56.35,132229,0.0,1.0
2019-04-29,7.75,8.515,7.6,8.31,58.17,218525,0.0,1.0
2019-04-26,7.56,7.78,7.31,7.77,54.3899999999999,150893,0.0,1.0
2019-04-25,7.56,7.609,7.43,7.54,52.78,143125,0.0,1.0
2019-04-24,7.04,7.72,7.04,7.68,53.7599999999999,236920,0.0,1.0
2019-04-23,6.5,7.15,6.5,7.04,49.28,130085,0.0,1.0
2019-04-22,6.76,6.78,6.33,6.5,45.5,177588,0.0,1.0
2019-04-18,7.04,7.06,6.6,6.72,47.04,139160,0.0,1.0
2019-04-17,7.33,7.36,6.964,7.02,49.14,194522,0.0,1.0
2019-04-16,7.31,7.4,7.0,7.26,50.82,122676,0.0,1.0
2019-04-15,7.87,7.87,7.08,7.17,50.19,136858,0.0,1.0
2019-04-12,7.35,7.9,7.15,7.81,54.6699999999999,102919,0.0,1.0
2019-04-11,7.55,7.615,6.98,7.3,51.1,173407,0.0,1.0
2019-04-10,6.98,7.52,6.8,7.47,52.2899999999999,240405,0.0,1.0
2019-04-09,6.96,6.98,6.79,6.97,48.79,416175,0.0,1.0
2019-04-08,6.98,6.99,6.9,6.96,48.72,168669,0.0,1.0
2019-04-05,6.94,6.97,6.87,6.96,48.72,127759,0.0,1.0
2019-04-04,6.91,6.946,6.75,6.92,48.44,143113,0.0,1.0
2019-04-03,6.99,6.99,6.72,6.94,48.58,120859,0.0,1.0
2019-04-02,6.95,6.98,6.75,6.95,48.65,164754,0.0,1.0
2019-04-01,6.56,6.99,6.505,6.95,48.65,320141,0.0,1.0
2019-03-29,7.03,7.155,6.67,6.82,47.74,520095,0.0,1.0
2019-03-28,7.05,7.1,6.72,7.02,49.14,228709,0.0,1.0
2019-03-27,7.19,7.19,6.78,7.02,49.14,505502,0.0,1.0
2019-03-26,6.77,6.94,6.5,6.85,47.95,222091,0.0,1.0
2019-03-25,6.4,6.753,6.363,6.49,45.43,301392,0.0,1.0
2019-03-22,6.55,6.85,6.39,6.47,45.29,305339,0.0,1.0
2019-03-21,6.34,6.6,6.33,6.44,45.08,406039,0.0,1.0
2019-03-20,7.35,7.52,6.21,6.33,44.31,1855079,0.0,1.0
2019-03-19,8.3,8.3,6.7,6.98,48.86,602076,0.0,1.0
2019-03-18,9.26,10.0,8.25,9.05,63.3499999999999,123363,0.0,1.0
2019-03-15,8.73,9.09,8.407,8.76,61.3199999999999,58388,0.0,1.0
2019-03-14,8.49,8.81,8.49,8.67,60.6899999999999,15742,0.0,1.0
2019-03-13,8.36,8.66,8.3,8.61,60.2699999999999,16551,0.0,1.0
2019-03-12,8.9,8.92,8.15,8.25,57.75,46063,0.0,1.0
2019-03-11,8.31,8.97,8.0,8.85,61.9499999999999,38787,0.0,1.0
2019-03-08,8.25,8.56,7.96,8.22,57.5399999999999,76963,0.0,1.0
2019-03-07,8.19,8.28,7.9,7.99,55.9299999999999,14806,0.0,1.0
2019-03-06,8.34,8.5,7.9,8.15,57.0499999999999,53602,0.0,1.0
2019-03-05,8.84,8.895,8.58,8.58,60.0599999999999,25321,0.0,1.0
2019-03-04,8.86,8.946,8.54,8.77,61.3899999999999,35519,0.0,1.0
2019-03-01,8.64,8.82,8.52,8.77,61.3899999999999,48093,0.0,1.0
2019-02-28,8.51,8.74,8.33,8.56,59.92,31574,0.0,1.0
2019-02-27,8.3,8.64,8.16,8.53,59.7099999999999,21870,0.0,1.0
2019-02-26,7.98,8.35,7.98,8.27,57.8899999999999,18876,0.0,1.0
2019-02-25,8.18,8.6,7.97,8.01,56.07,56859,0.0,1.0
2019-02-22,8.0,8.22,7.8,8.06,56.42,85441,0.0,1.0
2019-02-21,8.06,8.4,7.73,8.03,56.2099999999999,97482,0.0,1.0
2019-02-20,8.43,8.43,7.92,8.03,56.2099999999999,50487,0.0,1.0
2019-02-19,8.05,8.4,8.05,8.32,58.2399999999999,17623,0.0,1.0
2019-02-15,8.03,8.38,7.88,8.02,56.1399999999999,25961,0.0,1.0
2019-02-14,8.34,8.41,7.75,7.98,55.8599999999999,49143,0.0,1.0
2019-02-13,8.1,8.39,8.07,8.39,58.7299999999999,21004,0.0,1.0
2019-02-12,8.19,8.849,7.91,8.06,56.42,56842,0.0,1.0
2019-02-11,8.56,8.74,7.94,8.08,56.5599999999999,53591,0.0,1.0
2019-02-08,8.42,8.861,8.37,8.47,59.2899999999999,35591,0.0,1.0
2019-02-07,7.75,8.475,7.75,8.36,58.5199999999999,43591,0.0,1.0
2019-02-06,7.85,7.9,7.65,7.76,54.32,51501,0.0,1.0
2019-02-05,8.11,8.41,7.31,7.79,54.53,106144,0.0,1.0
2019-02-04,8.55,8.64,8.0,8.01,56.07,95711,0.0,1.0
2019-02-01,9.03,9.206,8.53,8.62,60.3399999999999,53616,0.0,1.0
2019-01-31,8.99,9.36,8.66,8.88,62.1599999999999,159494,0.0,1.0
2019-01-30,8.2,9.0,8.05,8.91,62.3699999999999,85042,0.0,1.0
2019-01-29,8.13,8.7,8.02,8.17,57.1899999999999,36463,0.0,1.0
2019-01-28,8.28,8.53,7.985,8.49,59.4299999999999,35155,0.0,1.0
2019-01-25,7.82,8.4,7.75,8.28,57.9599999999999,99490,0.0,1.0
2019-01-24,8.46,8.48,7.59,7.86,55.02,58798,0.0,1.0
2019-01-23,8.42,8.75,8.1,8.25,57.75,84576,0.0,1.0
2019-01-22,8.63,8.72,8.205,8.31,58.17,48042,0.0,1.0
2019-01-18,8.09,8.83,8.02,8.63,60.4099999999999,53785,0.0,1.0
2019-01-17,8.04,8.299,8.0,8.05,56.35,34519,0.0,1.0
2019-01-16,8.18,8.229,8.0,8.09,56.6299999999999,19661,0.0,1.0
2019-01-15,8.05,8.39,7.91,8.08,56.5599999999999,157192,0.0,1.0
2019-01-14,8.04,8.48,7.88,8.02,56.1399999999999,86657,0.0,1.0
2019-01-11,8.29,8.44,8.01,8.13,56.91,37067,0.0,1.0
2019-01-10,8.59,8.88,8.03,8.28,57.9599999999999,66355,0.0,1.0
2019-01-09,8.58,9.0,8.43,8.65,60.5499999999999,27402,0.0,1.0
2019-01-08,9.03,9.03,7.95,8.48,59.3599999999999,43207,0.0,1.0
2019-01-07,8.88,9.19,8.51,8.91,62.3699999999999,45079,0.0,1.0
2019-01-04,8.46,8.88,8.3,8.78,61.4599999999999,36685,0.0,1.0
2019-01-03,8.89,8.89,8.09,8.29,58.0299999999999,40419,0.0,1.0
2019-01-02,8.36,9.02,8.05,8.9,62.2999999999999,66271,0.0,1.0
2018-12-31,9.13,9.13,8.064,8.62,60.3399999999999,90295,0.0,1.0
2018-12-28,8.49,8.96,8.36,8.8,61.6,67291,0.0,1.0
2018-12-27,7.72,8.62,7.53,8.56,59.92,139391,0.0,1.0
2018-12-26,8.09,8.09,7.29,7.97,55.7899999999999,228510,0.0,1.0
2018-12-24,7.87,8.51,7.61,8.04,56.2799999999999,51251,0.0,1.0
2018-12-21,8.96,9.0,7.68,8.03,56.2099999999999,597619,0.0,1.0
2018-12-20,9.6,9.92,8.81,9.0,62.9999999999999,269606,0.0,1.0
2018-12-19,10.09,11.21,9.16,9.62,67.3399999999999,201235,0.0,1.0
2018-12-18,10.87,10.92,9.94,10.06,70.4199999999999,128108,0.0,1.0
2018-12-17,12.38,12.61,10.65,10.85,75.9499999999999,105455,0.0,1.0
2018-12-14,13.4,13.5,12.01,12.32,86.2399999999999,102638,0.0,1.0
2018-12-13,13.3,13.57,12.636,13.4,93.7999999999999,109661,0.0,1.0
2018-12-12,12.7,13.45,12.315,13.14,91.9799999999999,101438,0.0,1.0
2018-12-11,12.71,13.095,12.179,12.63,88.4099999999999,56025,0.0,1.0
2018-12-10,11.86,13.16,11.824,12.6,88.1999999999999,48148,0.0,1.0
2018-12-07,12.58,13.22,11.8,12.06,84.4199999999999,22314,0.0,1.0
2018-12-06,11.46,12.88,11.41,12.59,88.1299999999999,42900,0.0,1.0
2018-12-04,13.03,13.03,11.72,11.83,82.8099999999999,52813,0.0,1.0
2018-12-03,13.31,13.31,12.75,13.04,91.2799999999999,46730,0.0,1.0
2018-11-30,13.07,13.4,12.7,13.06,91.4199999999999,50846,0.0,1.0
2018-11-29,13.18,13.63,12.565,13.13,91.9099999999999,60293,0.0,1.0
2018-11-28,13.4,14.05,12.76,13.42,93.9399999999999,74767,0.0,1.0
2018-11-27,13.07,13.62,12.7,13.37,93.5899999999999,26979,0.0,1.0
2018-11-26,13.04,13.7,11.56,13.47,94.2899999999999,53587,0.0,1.0
2018-11-23,12.45,13.47,12.16,12.97,90.7899999999999,30101,0.0,1.0
2018-11-21,12.33,13.37,11.82,12.58,88.0599999999999,77977,0.0,1.0
2018-11-20,12.28,13.0,11.56,12.21,85.4699999999999,57918,0.0,1.0
2018-11-19,12.9,13.57,12.32,12.54,87.7799999999999,40314,0.0,1.0
2018-11-16,12.57,13.29,12.41,13.15,92.0499999999999,84125,0.0,1.0
2018-11-15,11.71,13.19,11.41,12.71,88.9699999999999,72021,0.0,1.0
2018-11-14,11.0,12.203,11.0,11.73,82.1099999999999,45654,0.0,1.0
2018-11-13,11.56,12.89,10.8,11.04,77.2799999999999,89009,0.0,1.0
2018-11-12,11.16,12.2,10.77,11.3,79.0999999999999,54316,0.0,1.0
2018-11-09,12.06,12.07,10.91,11.36,79.5199999999999,51306,0.0,1.0
2018-11-08,11.78,12.718,11.66,12.18,85.2599999999999,80671,0.0,1.0
2018-11-07,12.02,12.08,11.5,11.91,83.3699999999999,46163,0.0,1.0
2018-11-06,11.73,12.04,11.56,11.99,83.9299999999999,173703,0.0,1.0
2018-11-05,11.46,12.07,11.35,11.82,82.7399999999999,43886,0.0,1.0
2018-11-02,11.7,11.7,11.102,11.41,79.8699999999999,64687,0.0,1.0
2018-11-01,11.12,12.395,11.12,11.73,82.1099999999999,85659,0.0,1.0
2018-10-31,11.26,11.374,10.85,11.06,77.4199999999999,28201,0.0,1.0
2018-10-30,10.84,11.56,10.51,11.17,78.1899999999999,42920,0.0,1.0
2018-10-29,11.78,11.96,10.57,10.9,76.2999999999999,97274,0.0,1.0
2018-10-26,11.09,11.92,11.04,11.68,81.7599999999999,64974,0.0,1.0
2018-10-25,11.29,12.27,11.22,11.5,80.4999999999999,92551,0.0,1.0
2018-10-24,11.45,11.45,11.03,11.2,78.3999999999999,102694,0.0,1.0
2018-10-23,11.03,11.66,11.03,11.5,80.4999999999999,61083,0.0,1.0
2018-10-22,11.94,12.065,10.61,11.03,77.2099999999999,124273,0.0,1.0
2018-10-19,12.0,12.504,11.77,11.91,83.3699999999999,48303,0.0,1.0
2018-10-18,12.69,13.096,11.6,12.1,84.6999999999999,119519,0.0,1.0
2018-10-17,12.45,12.835,11.58,12.67,88.6899999999999,70080,0.0,1.0
2018-10-16,11.5,13.015,11.49,12.46,87.2199999999999,148299,0.0,1.0
2018-10-15,11.32,11.77,11.13,11.28,78.9599999999999,121181,0.0,1.0
2018-10-12,11.28,11.71,11.19,11.35,79.4499999999999,78537,0.0,1.0
2018-10-11,11.39,11.638,10.7,11.1,77.6999999999999,196602,0.0,1.0
2018-10-10,12.44,12.815,11.27,11.42,79.9399999999999,164171,0.0,1.0
2018-10-09,12.69,12.85,12.08,12.45,87.1499999999999,188822,0.0,1.0
2018-10-08,13.35,13.35,12.45,12.79,89.5299999999999,128216,0.0,1.0
2018-10-05,14.45,14.684,13.25,13.51,94.5699999999999,75578,0.0,1.0
2018-10-04,13.7,14.77,13.125,14.47,101.29,80636,0.0,1.0
2018-10-03,13.45,13.97,13.2,13.58,95.0599999999999,63284,0.0,1.0
2018-10-02,13.84,13.84,12.85,13.35,93.4499999999999,147599,0.0,1.0
2018-10-01,15.33,15.46,13.668,13.95,97.6499999999999,108687,0.0,1.0
2018-09-28,15.22,15.77,15.02,15.14,105.98,124715,0.0,1.0
2018-09-27,15.94,16.45,14.94,15.22,106.54,129783,0.0,1.0
2018-09-26,15.7,16.66,15.7,15.8,110.6,161050,0.0,1.0
2018-09-25,15.62,16.4,15.46,15.71,109.97,128863,0.0,1.0
2018-09-24,15.07,15.75,14.637,15.62,109.34,127836,0.0,1.0
2018-09-21,15.04,15.18,14.3,15.04,105.28,393316,0.0,1.0
2018-09-20,14.38,15.5,14.38,15.12,105.84,222356,0.0,1.0
2018-09-19,14.26,14.98,13.48,14.06,98.4199999999999,148280,0.0,1.0
2018-09-18,14.0,14.85,13.77,14.19,99.3299999999999,215609,0.0,1.0
2018-09-17,13.56,14.4,13.08,13.94,97.5799999999999,116601,0.0,1.0
2018-09-14,12.97,13.8,12.77,13.66,95.6199999999999,104533,0.0,1.0
2018-09-13,12.9,13.55,12.46,12.9,90.2999999999999,334957,0.0,1.0
2018-09-12,12.16,13.0,12.16,12.79,89.5299999999999,90923,0.0,1.0
2018-09-11,12.1,12.4054,11.951,12.22,85.5399999999999,107759,0.0,1.0
2018-09-10,11.8,12.414,11.8,12.28,85.9599999999999,62818,0.0,1.0
2018-09-07,11.35,11.945,11.04,11.77,82.3899999999999,54992,0.0,1.0
2018-09-06,12.14,12.14,11.5,11.51,80.5699999999999,66758,0.0,1.0
2018-09-05,13.25,13.39,11.5,12.17,85.1899999999999,152681,0.0,1.0
2018-09-04,11.96,13.4,11.94,13.35,93.4499999999999,180767,0.0,1.0
2018-08-31,11.62,11.999,11.47,11.83,82.8099999999999,62039,0.0,1.0
2018-08-30,10.92,11.83,10.846,11.54,80.7799999999999,188584,0.0,1.0
2018-08-29,10.69,10.97,10.41,10.89,76.2299999999999,196930,0.0,1.0
2018-08-28,10.65,10.878,10.33,10.71,74.9699999999999,59758,0.0,1.0
2018-08-27,10.09,10.66,10.09,10.62,74.3399999999999,52056,0.0,1.0
2018-08-24,10.13,10.52,9.8,10.0,69.9999999999999,225067,0.0,1.0
2018-08-23,10.62,10.7,10.04,10.2,71.3999999999999,164553,0.0,1.0
2018-08-22,10.74,10.91,10.12,10.7,74.8999999999999,148772,0.0,1.0
2018-08-21,10.21,10.99,10.08,10.7,74.8999999999999,122944,0.0,1.0
2018-08-20,10.69,11.249,10.13,10.24,71.6799999999999,84138,0.0,1.0
2018-08-17,10.27,11.31,10.1,10.61,74.2699999999999,166795,0.0,1.0
2018-08-16,10.1,10.47,10.05,10.33,72.3099999999999,80696,0.0,1.0
2018-08-15,10.35,10.576,9.95,10.06,70.4199999999999,324341,0.0,1.0
2018-08-14,11.4,11.45,10.4,10.42,72.9399999999999,213421,0.0,1.0
2018-08-13,11.41,11.627,11.21,11.37,79.5899999999999,101675,0.0,1.0
2018-08-10,11.29,11.96,11.25,11.32,79.2399999999999,166190,0.0,1.0
2018-08-09,11.84,12.067,11.31,11.33,79.3099999999999,138770,0.0,1.0
2018-08-08,11.78,12.25,11.61,11.94,83.5799999999999,104464,0.0,1.0
2018-08-07,11.83,12.25,11.33,11.77,82.3899999999999,115804,0.0,1.0
2018-08-06,12.49,12.77,11.8,11.86,83.0199999999999,122778,0.0,1.0
2018-08-03,13.58,13.9,12.16,12.31,86.1699999999999,279304,0.0,1.0
2018-08-02,13.01,13.88,12.895,13.66,95.6199999999999,378839,0.0,1.0
2018-08-01,13.5,14.1,13.005,13.24,92.6799999999999,952796,0.0,1.0
2018-07-31,15.06,15.78,14.18,15.39,107.73,654322,0.0,1.0
2018-07-30,14.63,15.7,13.114,15.01,105.07,1051651,0.0,1.0
2018-07-27,12.69,14.92,12.5,14.57,101.99,570338,0.0,1.0
2018-07-26,13.58,13.653,11.79,12.9,90.2999999999999,1484550,0.0,1.0
2018-07-25,19.86,20.595,12.81,13.47,94.2899999999999,7160008,0.0,1.0
2018-07-24,9.12,9.18,8.95,9.01,63.0699999999999,62729,0.0,1.0
2018-07-23,8.76,9.05,8.74,9.01,63.0699999999999,181292,0.0,1.0
2018-07-20,8.67,8.96,8.661,8.72,61.0399999999999,275251,0.0,1.0
2018-07-19,8.66,8.94,8.49,8.72,61.0399999999999,71698,0.0,1.0
2018-07-18,8.67,8.75,8.44,8.65,60.5499999999999,72577,0.0,1.0
2018-07-17,8.99,8.99,8.5,8.67,60.6899999999999,143384,0.0,1.0
2018-07-16,9.1,9.19,8.66,8.95,62.6499999999999,183150,0.0,1.0
2018-07-13,9.14,9.243,8.78,9.15,64.0499999999999,115787,0.0,1.0
2018-07-12,9.38,9.385,8.661,9.13,63.9099999999999,307277,0.0,1.0
2018-07-11,8.38,10.51,8.2,9.3,65.1,1303528,0.0,1.0
2018-07-10,8.59,8.59,8.2,8.38,58.66,252357,0.0,1.0
2018-07-09,9.0,9.134,8.391,8.58,60.0599999999999,178251,0.0,1.0
2018-07-06,8.92,9.002,8.81,8.93,62.5099999999999,143775,0.0,1.0
2018-07-05,9.08,9.32,8.8,8.9,62.2999999999999,185449,0.0,1.0
2018-07-03,9.05,9.22,8.94,9.01,63.0699999999999,46336,0.0,1.0
2018-07-02,9.25,9.73,8.88,9.03,63.2099999999999,110111,0.0,1.0
2018-06-29,9.05,9.9,9.05,9.15,64.0499999999999,166063,0.0,1.0
2018-06-28,8.57,9.2,8.57,9.0,62.9999999999999,101269,0.0,1.0
2018-06-27,9.29,10.1,8.5,8.58,60.0599999999999,144739,0.0,1.0
2018-06-26,9.58,9.85,9.2,9.33,65.3099999999999,83916,0.0,1.0
2018-06-25,9.88,10.0,9.5,9.62,67.3399999999999,140233,0.0,1.0
2018-06-22,10.58,10.66,9.47,9.87,69.0899999999999,307987,0.0,1.0
2018-06-21,10.87,11.535,10.25,10.53,73.7099999999999,128836,0.0,1.0
2018-06-20,10.97,11.53,10.84,10.86,76.0199999999999,120292,0.0,1.0
2018-06-19,11.12,11.65,10.81,10.97,76.7899999999999,130330,0.0,1.0
2018-06-18,11.88,11.88,10.93,11.23,78.6099999999999,117984,0.0,1.0
2018-06-15,10.99,12.505,10.35,11.97,83.7899999999999,291719,0.0,1.0
2018-06-14,10.69,11.24,10.34,10.86,76.0199999999999,153099,0.0,1.0
2018-06-13,10.26,10.669,10.07,10.54,73.7799999999999,129160,0.0,1.0
2018-06-12,10.2,10.49,10.05,10.2,71.3999999999999,156273,0.0,1.0
2018-06-11,9.87,10.2,9.8,10.14,70.9799999999999,154086,0.0,1.0
2018-06-08,9.63,10.01,9.47,9.8,68.5999999999999,126309,0.0,1.0
2018-06-07,9.79,9.975,9.585,9.67,67.6899999999999,109502,0.0,1.0
2018-06-06,9.9,10.065,9.63,9.86,69.0199999999999,66427,0.0,1.0
2018-06-05,9.78,10.0,9.55,9.91,69.3699999999999,115783,0.0,1.0
2018-06-04,9.87,9.99,9.71,9.8,68.5999999999999,75342,0.0,1.0
2018-06-01,9.85,10.08,9.66,9.91,69.3699999999999,80635,0.0,1.0
2018-05-31,9.8,10.01,9.49,9.79,68.5299999999999,93699,0.0,1.0
2018-05-30,9.76,10.1,9.65,9.79,68.5299999999999,82643,0.0,1.0
2018-05-29,9.14,9.71,9.14,9.6,67.1999999999999,75598,0.0,1.0
2018-05-25,9.15,9.28,8.93,9.14,63.9799999999999,73053,0.0,1.0
2018-05-24,9.1,9.6838,8.83,9.03,63.2099999999999,116997,0.0,1.0
2018-05-23,8.8,9.24,8.8,9.13,63.9099999999999,98292,0.0,1.0
2018-05-22,8.77,8.91,8.65,8.75,61.2499999999999,90766,0.0,1.0
2018-05-21,9.35,9.35,8.36,8.79,61.5299999999999,148841,0.0,1.0
2018-05-18,9.09,9.51,8.925,9.24,64.6799999999999,77594,0.0,1.0
2018-05-17,9.86,10.27,8.88,9.18,64.2599999999999,327298,0.0,1.0
2018-05-16,11.47,11.48,10.12,10.135,70.9449999999999,229187,0.0,1.0
2018-05-15,11.38,11.78,10.9,11.4,79.7999999999999,76072,0.0,1.0
2018-05-14,11.95,12.795,11.19,11.37,79.5899999999999,196857,0.0,1.0
2018-05-11,11.2,12.08,10.971,11.96,83.7199999999999,139241,0.0,1.0
2018-05-10,11.0,12.32,10.85,11.23,78.6099999999999,229844,0.0,1.0
2018-05-09,9.87,11.0,9.68,10.85,75.9499999999999,327964,0.0,1.0
2018-05-08,9.73,9.96,9.45,9.65,67.5499999999999,29494,0.0,1.0
2018-05-07,9.6,10.245,9.36,9.72,68.0399999999999,103572,0.0,1.0
2018-05-04,9.69,9.72,9.23,9.59,67.1299999999999,69381,0.0,1.0
2018-05-03,10.15,10.59,9.61,9.75,68.2499999999999,152003,0.0,1.0
2018-05-02,9.66,10.64,9.645,10.18,71.2599999999999,145615,0.0,1.0
2018-05-01,9.04,10.0,8.98,9.66,67.6199999999999,134996,0.0,1.0
2018-04-30,8.95,9.09,8.81,9.0,62.9999999999999,88090,0.0,1.0
2018-04-27,8.69,9.1,8.51,8.89,62.2299999999999,99039,0.0,1.0
2018-04-26,8.62,9.2,8.49,8.63,60.4099999999999,251438,0.0,1.0
2018-04-25,8.5,9.05,8.2,8.57,59.9899999999999,42552,0.0,1.0
2018-04-24,8.96,9.05,8.35,8.53,59.7099999999999,63766,0.0,1.0
2018-04-23,8.83,8.98,8.3,8.92,62.4399999999999,109313,0.0,1.0
2018-04-20,8.79,9.03,8.5,8.77,61.3899999999999,69520,0.0,1.0
2018-04-19,9.1,9.55,8.63,8.79,61.5299999999999,117769,0.0,1.0
2018-04-18,8.45,9.2,8.415,9.09,63.6299999999999,102531,0.0,1.0
2018-04-17,8.68,8.999,8.2,8.41,58.8699999999999,123862,0.0,1.0
2018-04-16,9.03,9.15,8.57,8.58,60.0599999999999,119166,0.0,1.0
2018-04-13,9.24,9.49,8.8,8.97,62.7899999999999,136541,0.0,1.0
2018-04-12,9.61,10.26,9.07,9.18,64.2599999999999,114918,0.0,1.0
2018-04-11,9.36,9.99,8.76,9.5,66.4999999999999,129575,0.0,1.0
2018-04-10,8.12,9.42,7.546,9.38,65.6599999999999,141150,0.0,1.0
2018-04-09,8.6,9.419,7.82,8.03,56.2099999999999,143576,0.0,1.0
2018-04-06,9.49,9.67,8.256,8.49,59.4299999999999,221280,0.0,1.0
2018-04-05,8.85,10.38,8.85,9.57,66.9899999999999,279928,0.0,1.0
2018-04-04,8.59,8.9,8.42,8.79,61.5299999999999,55765,0.0,1.0
2018-04-03,8.64,9.3,8.44,8.85,61.9499999999999,212619,0.0,1.0
2018-04-02,9.55,9.99,8.557,8.57,59.9899999999999,97179,0.0,1.0
2018-03-29,10.6,11.04,9.35,9.58,67.0599999999999,104432,0.0,1.0
2018-03-28,11.22,11.22,10.16,10.56,73.9199999999999,88823,0.0,1.0
2018-03-27,10.97,11.7,10.565,11.24,78.6799999999999,100626,0.0,1.0
2018-03-26,11.99,12.284,10.76,10.95,76.6499999999999,100487,0.0,1.0
2018-03-23,13.22,13.83,11.721,11.78,82.4599999999999,134579,0.0,1.0
2018-03-22,14.57,15.0,13.04,13.18,92.2599999999999,210985,0.0,1.0
2018-03-21,14.87,15.34,14.5,14.7,102.9,121498,0.0,1.0
2018-03-20,15.11,15.792,14.68,14.88,104.16,149401,0.0,1.0
2018-03-19,14.89,16.33,14.2,15.07,105.49,164278,0.0,1.0
2018-03-16,14.82,15.35,14.115,14.95,104.65,773448,0.0,1.0
2018-03-15,15.17,15.94,14.74,14.92,104.44,127296,0.0,1.0
2018-03-14,16.4,16.4,14.56,15.08,105.56,247804,0.0,1.0
2018-03-13,15.9,16.51,15.23,15.45,108.15,125644,0.0,1.0
2018-03-12,15.9,16.51,15.51,15.9,111.3,176176,0.0,1.0
2018-03-09,16.3,17.24,15.56,15.9,111.3,103363,0.0,1.0
2018-03-08,17.0,17.72,16.077,16.18,113.26,91770,0.0,1.0
2018-03-07,17.07,17.6,16.791,17.01,119.07,105923,0.0,1.0
2018-03-06,17.71,18.5,16.501,17.2,120.4,163278,0.0,1.0
2018-03-05,17.84,18.89,17.4,17.63,123.41,47634,0.0,1.0
2018-03-02,18.21,18.88,17.708,17.73,124.11,111216,0.0,1.0
2018-03-01,19.4,19.55,18.37,18.37,128.59,57644,0.0,1.0
2018-02-28,19.63,19.9,19.27,19.5,136.5,74703,0.0,1.0
2018-02-27,20.55,20.64,19.3,19.75,138.25,148814,0.0,1.0
2018-02-26,21.0,21.097,20.19,20.6,144.2,52990,0.0,1.0
2018-02-23,19.88,20.98,19.8,20.85,145.95,111418,0.0,1.0
2018-02-22,19.76,20.74,19.35,19.65,137.55,78671,0.0,1.0
2018-02-21,19.32,19.94,19.229,19.69,137.83,78685,0.0,1.0
2018-02-20,18.97,20.0,18.9,19.5,136.5,199664,0.0,1.0
2018-02-16,18.24,18.76,17.81,18.76,131.32,99584,0.0,1.0
2018-02-15,17.95,18.25,16.49,18.22,127.54,30351,0.0,1.0
2018-02-14,18.0,18.5,17.468,18.09,126.63,17618,0.0,1.0
2018-02-13,18.17,18.86,17.355,18.25,127.75,80455,0.0,1.0
2018-02-12,17.0,18.36,16.8,18.1,126.7,200466,0.0,1.0
2018-02-09,16.45,17.0,15.541,17.0,119.0,28620,0.0,1.0
2018-02-08,16.49,16.88,15.175,16.5,115.5,57583,0.0,1.0
2018-02-07,16.02,16.759,16.0,16.22,113.54,45949,0.0,1.0
2018-02-06,16.72,17.0,15.5,16.08,112.56,105555,0.0,1.0
2018-02-05,16.95,17.249,15.78,16.94,118.58,200063,0.0,1.0
2018-02-02,16.6,17.25,16.05,17.04,119.28,147317,0.0,1.0
2018-02-01,16.22,17.401,16.023,16.75,117.25,82714,0.0,1.0
2018-01-31,15.71,16.56,15.58,16.22,113.54,180525,0.0,1.0
2018-01-30,16.28,16.541,15.28,15.74,110.18,152538,0.0,1.0
2018-01-29,17.21,17.21,15.83,16.23,113.61,289433,0.0,1.0
2018-01-26,18.62,20.5,16.21,16.88,118.16,2376961,0.0,1.0
