,EDR_Open,EDR_High,EDR_Low,EDR_Close,EDR_Adj Close,EDR_Volume,EDR_Dividend Amount,EDR_Split Coefficient
2024-10-04,29.09,29.11,28.94,28.99,28.99,2913845,0.0,1.0
2024-10-03,28.69,29.14,28.61,29.13,29.13,3328504,0.0,1.0
2024-10-02,28.44,28.8,28.33,28.72,28.72,4072915,0.0,1.0
2024-10-01,28.53,28.64,28.35,28.4,28.4,3393427,0.0,1.0
2024-09-30,28.47,28.58,28.38,28.56,28.56,2637024,0.0,1.0
2024-09-27,28.31,28.62,28.25,28.55,28.55,2833483,0.0,1.0
2024-09-26,28.03,28.33,27.8901,28.31,28.31,5084539,0.0,1.0
2024-09-25,28.2,28.28,27.98,28.0,28.0,4389324,0.0,1.0
2024-09-24,27.9,28.28,27.9,28.25,28.25,3650419,0.0,1.0
2024-09-23,27.99,28.01,27.795,27.91,27.91,3396494,0.0,1.0
2024-09-20,27.7,28.1,27.65,28.08,28.08,5395228,0.0,1.0
2024-09-19,27.6,27.71,27.59,27.71,27.71,5837258,0.0,1.0
2024-09-18,27.59,27.66,27.57,27.64,27.64,5313608,0.0,1.0
2024-09-17,27.63,27.63,27.57,27.58,27.58,3324983,0.0,1.0
2024-09-16,27.58,27.609,27.53,27.58,27.58,5431400,0.06,1.0
2024-09-13,27.63,27.65,27.59,27.6,27.5400868306802,4116340,0.0,1.0
2024-09-12,27.55,27.64,27.55,27.64,27.58,2982303,0.0,1.0
2024-09-11,27.53,27.6,27.52,27.59,27.5301085383502,1510490,0.0,1.0
2024-09-10,27.62,27.62,27.53,27.57,27.5101519536903,2281326,0.0,1.0
2024-09-09,27.46,27.64,27.45,27.62,27.5600434153401,9271925,0.0,1.0
2024-09-06,27.43,27.46,27.395,27.43,27.3704558610709,1640455,0.0,1.0
2024-09-05,27.48,27.49,27.375,27.39,27.3305426917511,5451292,0.0,1.0
2024-09-04,27.45,27.49,27.44,27.48,27.4203473227207,3719933,0.0,1.0
2024-09-03,27.48,27.48,27.43,27.48,27.4203473227207,3081898,0.0,1.0
2024-08-30,27.47,27.48,27.45,27.48,27.4203473227207,1875765,0.0,1.0
2024-08-29,27.44,27.49,27.44,27.46,27.4003907380608,1810072,0.0,1.0
2024-08-28,27.45,27.46,27.43,27.45,27.3904124457308,1993080,0.0,1.0
2024-08-27,27.45,27.475,27.43,27.45,27.3904124457308,1706325,0.0,1.0
2024-08-26,27.47,27.48,27.43,27.44,27.3804341534009,2088979,0.0,1.0
2024-08-23,27.49,27.49,27.41,27.46,27.4003907380608,7974726,0.0,1.0
2024-08-22,27.48,27.51,27.44,27.51,27.4502821997106,4105135,0.0,1.0
2024-08-21,27.48,27.5,27.45,27.49,27.4303256150507,3272663,0.0,1.0
2024-08-20,27.47,27.49,27.42,27.49,27.4303256150507,4965667,0.0,1.0
2024-08-19,27.48,27.49,27.44,27.47,27.4103690303907,2733784,0.0,1.0
2024-08-16,27.5,27.5,27.44,27.48,27.4203473227207,3608190,0.0,1.0
2024-08-15,27.49,27.5,27.375,27.49,27.4303256150507,3324701,0.0,1.0
2024-08-14,27.45,27.5,27.43,27.48,27.4203473227207,3530460,0.0,1.0
2024-08-13,27.46,27.49,27.42,27.49,27.4303256150507,6794194,0.0,1.0
2024-08-12,27.55,27.55,27.44,27.44,27.3804341534009,1590747,0.0,1.0
2024-08-09,27.45,27.57,27.42,27.56,27.5001736613603,6873770,0.0,1.0
2024-08-08,27.29,27.51,27.255,27.49,27.4303256150507,4453198,0.0,1.0
2024-08-07,27.24,27.32,27.18,27.18,27.120998552822,2139954,0.0,1.0
2024-08-06,27.24,27.31,27.17,27.18,27.120998552822,1562368,0.0,1.0
2024-08-05,27.07,27.27,27.07,27.14,27.0810853835022,5306525,0.0,1.0
2024-08-02,27.35,27.425,27.225,27.3,27.2407380607815,1441606,0.0,1.0
2024-08-01,27.43,27.47,27.31,27.43,27.3704558610709,1282486,0.0,1.0
2024-07-31,27.25,27.5,27.22,27.42,27.360477568741,3253307,0.0,1.0
2024-07-30,27.3,27.42,27.26,27.37,27.3105861070912,1266981,0.0,1.0
2024-07-29,27.24,27.315,27.205,27.29,27.2307597684515,720728,0.0,1.0
2024-07-26,27.29,27.29,27.2,27.26,27.2008248914617,1771760,0.0,1.0
2024-07-25,27.35,27.41,27.2,27.2,27.1409551374819,2102111,0.0,1.0
2024-07-24,27.36,27.37,27.245,27.32,27.2606946454414,594543,0.0,1.0
2024-07-23,27.29,27.38,27.25,27.38,27.3205643994211,1302912,0.0,1.0
2024-07-22,27.16,27.33,27.12,27.31,27.2507163531114,1143767,0.0,1.0
2024-07-19,27.17,27.265,27.17,27.18,27.120998552822,1533085,0.0,1.0
2024-07-18,27.14,27.22,27.07,27.13,27.0711070911722,2069247,0.0,1.0
2024-07-17,27.35,27.39,26.955,27.05,26.9912807525326,8144688,0.0,1.0
2024-07-16,27.45,27.52,27.3,27.37,27.3105861070912,1970881,0.0,1.0
2024-07-15,27.57,27.62,27.38,27.46,27.4003907380608,2986459,0.0,1.0
2024-07-12,27.54,27.54,27.45,27.45,27.3904124457308,3921600,0.0,1.0
2024-07-11,27.44,27.48,27.42,27.48,27.4203473227207,2515176,0.0,1.0
2024-07-10,27.42,27.47,27.4,27.44,27.3804341534009,5384328,0.0,1.0
2024-07-09,27.38,27.545,27.365,27.45,27.3904124457308,4065586,0.0,1.0
2024-07-08,27.39,27.42,27.3,27.4,27.340520984081,1860057,0.0,1.0
2024-07-05,27.23,27.44,27.22,27.42,27.360477568741,5164264,0.0,1.0
2024-07-03,27.03,27.24,27.03,27.2,27.1409551374819,3123725,0.0,1.0
2024-07-02,27.04,27.09,27.0,27.03,26.9713241678727,1682004,0.0,1.0
2024-07-01,27.06,27.06,27.0,27.04,26.9813024602026,1595831,0.0,1.0
2024-06-28,26.92,27.05,26.92,27.03,26.9713241678727,2725186,0.0,1.0
2024-06-27,26.86,26.92,26.8,26.9,26.8416063675832,4814958,0.0,1.0
2024-06-26,26.84,26.91,26.76,26.85,26.7917149059334,4355655,0.0,1.0
2024-06-25,26.84,26.89,26.78,26.87,26.8116714905933,4080506,0.0,1.0
2024-06-24,26.83,26.8875,26.8,26.84,26.7817366136035,2727484,0.0,1.0
2024-06-21,26.7,26.84,26.69,26.84,26.7817366136035,5015064,0.0,1.0
2024-06-20,26.67,26.76,26.62,26.68,26.6220839363242,5487975,0.0,1.0
2024-06-18,26.78,26.79,26.64,26.66,26.6021273516643,6302791,0.0,1.0
2024-06-17,26.87,26.88,26.635,26.75,26.6919319826339,5163903,0.0,1.0
2024-06-14,26.85,26.88,26.795,26.87,26.8116714905933,2563489,0.06,1.0
2024-06-13,26.85,26.9,26.85,26.86,26.7419790656271,2603221,0.0,1.0
2024-06-12,26.84,26.9,26.83,26.85,26.7320230049176,3475211,0.0,1.0
2024-06-11,26.81,26.85,26.8,26.8,26.6822427013703,3004398,0.0,1.0
2024-06-10,26.87,26.9,26.81,26.85,26.7320230049176,2382581,0.0,1.0
2024-06-07,26.88,26.94,26.86,26.87,26.7519351263366,5230195,0.0,1.0
2024-06-06,26.9,26.93,26.88,26.9,26.7818033084649,2441335,0.0,1.0
2024-06-05,26.82,26.925,26.81,26.86,26.7419790656271,2434366,0.0,1.0
2024-06-04,26.85,26.85,26.785,26.82,26.7021548227892,2539739,0.0,1.0
2024-06-03,26.84,26.88,26.77,26.88,26.761891187046,2765180,0.0,1.0
2024-05-31,26.78,26.83,26.75,26.83,26.7121108834987,936780,0.0,1.0
2024-05-30,26.75,26.87,26.72,26.76,26.6424184585324,1530406,0.0,1.0
2024-05-29,26.71,26.815,26.7,26.76,26.6424184585324,1537399,0.0,1.0
2024-05-28,26.75,26.81,26.68,26.75,26.632462397823,2622694,0.0,1.0
2024-05-24,26.76,26.86,26.74,26.77,26.6523745192419,1543224,0.0,1.0
2024-05-23,26.76,26.81,26.66,26.71,26.5926381549851,2445920,0.0,1.0
2024-05-22,26.78,26.8119,26.72,26.73,26.612550276404,2761524,0.0,1.0
2024-05-21,26.9,27.01,26.77,26.77,26.6523745192419,4069745,0.0,1.0
2024-05-20,26.68,26.96,26.66,26.94,26.8216275513028,2989480,0.0,1.0
2024-05-17,26.7,26.77,26.66,26.71,26.5926381549851,3183036,0.0,1.0
2024-05-16,26.64,26.724,26.64,26.68,26.5627699728567,2485710,0.0,1.0
2024-05-15,26.55,26.69,26.54,26.62,26.5030336085999,3611336,0.0,1.0
2024-05-14,26.48,26.55,26.46,26.54,26.4233851229242,2124733,0.0,1.0
2024-05-13,26.49,26.49,26.4,26.49,26.3736048193768,2160960,0.0,1.0
2024-05-10,26.46,26.49,26.4,26.47,26.3536926979579,5332204,0.0,1.0
2024-05-09,26.46,26.49,26.39,26.41,26.2939563337011,8391043,0.0,1.0
2024-05-08,26.47,26.5,26.44,26.47,26.3536926979579,1549834,0.0,1.0
2024-05-07,26.53,26.53,26.45,26.46,26.3437366372484,2721356,0.0,1.0
2024-05-06,26.52,26.54,26.45,26.46,26.3437366372484,3090971,0.0,1.0
2024-05-03,26.54,26.55,26.47,26.5,26.3835608800863,1764990,0.0,1.0
2024-05-02,26.45,26.56,26.44,26.49,26.3736048193768,2006712,0.0,1.0
2024-05-01,26.41,26.475,26.39,26.41,26.2939563337011,2371444,0.0,1.0
2024-04-30,26.44,26.47,26.39,26.41,26.2939563337011,6033302,0.0,1.0
2024-04-29,26.48,26.53,26.42,26.45,26.333780576539,2803137,0.0,1.0
2024-04-26,26.46,26.5281,26.41,26.5,26.3835608800863,1622459,0.0,1.0
2024-04-25,26.37,26.49,26.34,26.43,26.31386845512,1452493,0.0,1.0
2024-04-24,26.38,26.44,26.335,26.44,26.3238245158295,4165402,0.0,1.0
2024-04-23,26.45,26.49,26.35,26.35,26.2342199694443,2205902,0.0,1.0
2024-04-22,26.49,26.54,26.4,26.42,26.3039123944106,1736994,0.0,1.0
2024-04-19,26.4,26.5,26.34,26.5,26.3835608800863,1460814,0.0,1.0
2024-04-18,26.33,26.45,26.32,26.44,26.3238245158295,4932400,0.0,1.0
2024-04-17,26.4,26.4,26.3,26.33,26.2143078480254,6568794,0.0,1.0
2024-04-16,26.39,26.44,26.29,26.36,26.2441760301538,8317640,0.0,1.0
2024-04-15,26.4,26.51,26.38,26.38,26.2640881515727,5169275,0.0,1.0
2024-04-12,26.4,26.48,26.35,26.41,26.2939563337011,3947955,0.0,1.0
2024-04-11,26.44,26.47,26.37,26.4,26.2840002729916,2874533,0.0,1.0
2024-04-10,26.5,26.54,26.39,26.39,26.2740442122822,8006735,0.0,1.0
2024-04-09,26.51,26.6,26.47,26.56,26.4432972443431,2200661,0.0,1.0
2024-04-08,26.47,26.63,26.4,26.55,26.4333411836336,3730741,0.0,1.0
2024-04-05,26.36,26.55,26.26,26.37,26.2541320908632,7346808,0.0,1.0
2024-04-04,26.2,26.4,26.15,26.33,26.2143078480254,13501025,0.0,1.0
2024-04-03,25.93,26.32,25.86,26.2,26.0848790588023,42094169,0.0,1.0
2024-04-02,25.25,26.06,25.07,25.81,25.6965926911331,48899951,0.0,1.0
2024-04-01,25.63,25.745,25.2,25.29,25.1788775342408,1630961,0.0,1.0
2024-03-28,25.58,25.93,25.42,25.73,25.6169442054574,2096938,0.0,1.0
2024-03-27,25.7,25.8,25.41,25.51,25.3979108698491,2473401,0.0,1.0
2024-03-26,25.72,25.84,25.575,25.61,25.4974714769438,2125909,0.0,1.0
2024-03-25,25.62,25.74,25.445,25.62,25.5074275376532,1408567,0.0,1.0
2024-03-22,25.52,25.58,25.34,25.52,25.4078669305586,1336740,0.0,1.0
2024-03-21,25.34,25.48,25.17,25.4,25.288394202045,1271630,0.0,1.0
2024-03-20,24.77,25.51,24.41,25.47,25.3580866270112,5464637,0.0,1.0
2024-03-19,24.75,24.865,24.55,24.64,24.5317335881255,2347882,0.0,1.0
2024-03-18,25.1,25.17,24.73,24.74,24.6312941952202,2128855,0.0,1.0
2024-03-15,24.96,25.18,24.92,25.01,24.9001078343758,5736469,0.0,1.0
2024-03-14,24.61,25.17,24.55,25.16,25.0494487450178,2646324,0.06,1.0
2024-03-13,24.7,24.955,24.635,24.71,24.5428976403406,1920377,0.0,1.0
2024-03-12,24.86,24.9,24.51,24.73,24.5627623895436,1488101,0.0,1.0
2024-03-11,24.61,24.92,24.485,24.92,24.7514775069724,1832372,0.0,1.0
2024-03-08,24.33,24.65,24.33,24.46,24.2945882753027,1200151,0.0,1.0
2024-03-07,24.44,24.51,24.31,24.33,24.165467405483,1019193,0.0,1.0
2024-03-06,24.7,24.79,24.21,24.23,24.0661436594679,1431427,0.0,1.0
2024-03-05,24.61,24.65,24.27,24.49,24.3243853991073,1658640,0.0,1.0
2024-03-04,24.78,24.88,24.38,24.54,24.3740472721148,2426883,0.0,1.0
2024-03-01,24.0,24.82,23.98,24.8,24.6322890117542,4309459,0.0,1.0
2024-02-29,23.76,24.17,23.5101,24.05,23.8873609166407,3419722,0.0,1.0
2024-02-28,24.0,24.6,23.2,23.5,23.3410803135574,8330174,0.0,1.0
2024-02-27,23.28,24.525,23.14,24.44,24.2747235260997,6824549,0.0,1.0
2024-02-26,24.2,24.2,23.3,23.32,23.1622975707302,3896304,0.0,1.0
2024-02-23,24.32,24.71,24.095,24.17,24.0065494118588,3687694,0.0,1.0
2024-02-22,24.34,24.66,23.95,24.27,24.105873157874,3950725,0.0,1.0
2024-02-21,23.97,24.33,23.91,24.13,23.9668199134528,2555741,0.0,1.0
2024-02-20,24.05,24.29,23.879,24.02,23.8575637928361,2230214,0.0,1.0
2024-02-16,24.4,24.535,24.01,24.17,24.0065494118588,4045384,0.0,1.0
2024-02-15,24.04,24.56,23.69,24.53,24.3641148975133,2975256,0.0,1.0
2024-02-14,24.12,24.24,23.895,23.91,23.7483076722195,2090249,0.0,1.0
2024-02-13,24.15,24.3,24.01,24.05,23.8873609166407,1866465,0.0,1.0
2024-02-12,24.15,24.49,24.15,24.34,24.1753997800846,1676203,0.0,1.0
2024-02-09,24.12,24.32,24.01,24.16,23.9966170372573,1244399,0.0,1.0
2024-02-08,24.44,24.62,24.18,24.2,24.0363465356634,1790703,0.0,1.0
2024-02-07,24.34,24.665,24.2,24.34,24.1753997800846,1594591,0.0,1.0
2024-02-06,24.57,24.7254,24.25,24.32,24.1555350308815,1452443,0.0,1.0
2024-02-05,24.52,24.67,24.28,24.43,24.2647911514982,3260429,0.0,1.0
2024-02-02,24.82,25.14,24.62,24.74,24.5726947641451,1690652,0.0,1.0
2024-02-01,24.89,25.31,24.765,24.89,24.7216803831678,1553144,0.0,1.0
2024-01-31,25.42,25.42,24.74,24.75,24.5826271387466,2189385,0.0,1.0
2024-01-30,25.22,25.48,24.94,25.48,25.3076904846571,1862603,0.0,1.0
2024-01-29,25.3,25.435,24.94,25.33,25.1587048656344,1690964,0.0,1.0
2024-01-26,25.12,25.43,25.02,25.43,25.2580286116496,2410981,0.0,1.0
2024-01-25,24.95,25.36,24.71,25.25,25.0792458688223,2202319,0.0,1.0
2024-01-24,25.53,25.535,24.73,24.73,24.5627623895436,3028136,0.0,1.0
2024-01-23,25.92,26.26,25.17,25.39,25.2182991132435,11050894,0.0,1.0
2024-01-22,24.48,24.83,24.24,24.6,24.4336415197239,1933514,0.0,1.0
2024-01-19,24.11,24.6591,23.69,24.57,24.4038443959194,7213017,0.0,1.0
2024-01-18,23.16,23.26,22.77,23.04,22.8841910818878,4623383,0.0,1.0
2024-01-17,23.29,23.465,22.905,22.93,22.7749349612711,3396891,0.0,1.0
2024-01-16,23.58,24.02,23.21,23.63,23.4702011833771,2866475,0.0,1.0
2024-01-12,24.45,24.475,23.44,23.55,23.390742186565,2824306,0.0,1.0
2024-01-11,24.44,24.54,24.2,24.21,24.0462789102649,2206395,0.0,1.0
2024-01-10,24.38,24.565,24.15,24.44,24.2747235260997,1839602,0.0,1.0
2024-01-09,24.13,24.51,24.07,24.43,24.2647911514982,1912373,0.0,1.0
2024-01-08,23.66,24.27,23.58,24.27,24.105873157874,2343049,0.0,1.0
2024-01-05,23.23,23.64,23.2001,23.53,23.3708774373619,3278895,0.0,1.0
2024-01-04,23.1,23.75,22.75,23.45,23.2914184405498,3152167,0.0,1.0
2024-01-03,23.07,23.28,22.97,23.01,22.8543939580832,4293774,0.0,1.0
2024-01-02,23.81,23.81,23.22,23.33,23.1722299453317,2597836,0.0,1.0
2023-12-29,23.68,23.885,23.68,23.73,23.5695249293922,1266572,0.0,1.0
2023-12-28,23.95,24.05,23.75,23.79,23.6291191770013,1228370,0.0,1.0
2023-12-27,23.71,24.065,23.65,23.91,23.7483076722195,1451914,0.0,1.0
2023-12-26,23.43,23.75,23.4,23.68,23.5198630563847,1176401,0.0,1.0
2023-12-22,23.4,23.75,23.4,23.54,23.3808098119635,994617,0.0,1.0
2023-12-21,23.4,23.65,23.16,23.43,23.2715536913468,1579702,0.0,1.0
2023-12-20,23.44,23.63,23.18,23.31,23.1523651961286,1264064,0.0,1.0
2023-12-19,23.17,23.68,23.05,23.63,23.4702011833771,2345441,0.0,1.0
2023-12-18,23.26,23.345,22.99,23.04,22.8841910818878,2004042,0.0,1.0
2023-12-15,23.4,23.4,22.86,23.27,23.1126356977226,3246674,0.0,1.0
2023-12-14,23.46,23.63,23.23,23.29,23.1325004469256,2729913,0.06,1.0
2023-12-13,23.0,23.4,22.98,23.22,23.0037113652083,2755459,0.0,1.0
2023-12-12,22.93,23.235,22.64,23.03,22.8154811688521,2979224,0.0,1.0
2023-12-11,24.6,24.93,22.645,22.78,22.5678098578572,8845062,0.0,1.0
2023-12-08,24.42,24.845,24.3201,24.6,24.3708570019002,3539457,0.0,1.0
2023-12-07,24.05,24.425,23.9504,24.36,24.1330925433451,1205261,0.0,1.0
2023-12-06,24.35,24.56,24.125,24.13,23.9052349372298,1547528,0.0,1.0
2023-12-05,24.3,24.44,24.16,24.34,24.1132788384655,1084850,0.0,1.0
2023-12-04,24.09,24.46,23.88,24.43,24.2024405104237,2903383,0.0,1.0
2023-12-01,24.3,24.44,24.15,24.26,24.0340240189471,1592052,0.0,1.0
2023-11-30,24.29,24.45,24.235,24.31,24.0835582811461,2898878,0.0,1.0
2023-11-29,24.42,24.7,24.215,24.47,24.2420679201829,2661929,0.0,1.0
2023-11-28,24.75,24.75,24.39,24.39,24.1628131006645,2672277,0.0,1.0
2023-11-27,24.64,24.885,24.64,24.69,24.4600186738584,2105725,0.0,1.0
2023-11-24,24.73,25.08,24.73,24.81,24.578900903136,1110209,0.0,1.0
2023-11-22,24.76,24.89,24.51,24.55,24.3213227397012,2640988,0.0,1.0
2023-11-21,24.46,24.62,24.41,24.51,24.281695329942,1446815,0.0,1.0
2023-11-20,24.47,24.74,24.325,24.47,24.2420679201829,2563033,0.0,1.0
2023-11-17,24.21,24.49,24.105,24.42,24.1925336579839,1925250,0.0,1.0
2023-11-16,24.58,24.7692,24.31,24.32,24.0934651335859,2287661,0.0,1.0
2023-11-15,24.55,24.71,24.12,24.52,24.2916021823818,3301986,0.0,1.0
2023-11-14,24.86,25.0605,24.46,24.6,24.3708570019002,4006505,0.0,1.0
2023-11-13,24.32,24.62,24.21,24.51,24.281695329942,3040773,0.0,1.0
2023-11-10,24.03,24.42,23.53,24.31,24.0835582811461,7426196,0.0,1.0
2023-11-09,24.38,24.58,24.32,24.44,24.2123473628635,2272544,0.0,1.0
2023-11-08,23.74,24.74,23.74,24.31,24.0835582811461,3425677,0.0,1.0
2023-11-07,24.17,24.29,23.98,24.08,23.8557006750308,2899718,0.0,1.0
2023-11-06,23.77,24.25,23.64,24.12,23.89532808479,3271765,0.0,1.0
2023-11-03,23.69,24.05,23.61,23.95,23.7269115933134,3059829,0.0,1.0
2023-11-02,23.69,23.71,23.31,23.48,23.261289528643,2931512,0.0,1.0
2023-11-01,22.85,23.88,22.59,23.47,23.2513826762032,7224948,0.0,1.0
2023-10-31,22.91,23.115,22.645,22.76,22.5479961529776,3856369,0.0,1.0
2023-10-30,22.88,23.085,22.6701,22.73,22.5182755956582,3783119,0.0,1.0
2023-10-27,22.19,23.345,22.05,22.85,22.6371578249358,9357307,0.0,1.0
2023-10-26,21.5,22.36,20.81,22.26,22.0526535309878,26261351,0.0,1.0
2023-10-25,17.86,18.01,17.675,17.72,17.55494252332,4122112,0.0,1.0
2023-10-24,17.73,18.115,17.69,18.08,17.9115892111527,2669795,0.0,1.0
2023-10-23,17.85,18.185,17.65,17.67,17.505408261121,3420542,0.0,1.0
2023-10-20,18.01,18.23,17.96,17.97,17.8026138343149,3302853,0.0,1.0
2023-10-19,18.23,18.385,18.01,18.1,17.9314029160323,2812764,0.0,1.0
2023-10-18,18.58,18.73,18.12,18.19,18.0205645879904,2912326,0.0,1.0
2023-10-17,18.69,19.035,18.6104,18.66,18.4861866526609,1738553,0.0,1.0
2023-10-16,18.47,18.95,18.33,18.85,18.674416849017,2771899,0.0,1.0
2023-10-13,19.21,19.41,18.32,18.33,18.1592605221476,4950171,0.0,1.0
2023-10-12,20.26,20.26,19.44,19.47,19.2886417002844,2268884,0.0,1.0
2023-10-11,20.56,20.73,20.215,20.27,20.0811898954682,2096656,0.0,1.0
2023-10-10,20.51,20.735,20.39,20.52,20.3288612064631,1714717,0.0,1.0
2023-10-09,20.39,20.57,20.27,20.51,20.3189543540233,1243530,0.0,1.0
2023-10-06,20.21,20.52,20.15,20.5,20.3090475015835,1722042,0.0,1.0
2023-10-05,20.0,20.38,20.0,20.35,20.1604447149866,2203743,0.0,1.0
2023-10-04,19.93,20.195,19.91,20.06,19.8731459942325,2054928,0.0,1.0
2023-10-03,19.68,20.04,19.63,19.95,19.7641706173947,2676099,0.0,1.0
2023-10-02,19.79,19.9,19.59,19.8,19.6155678307977,3544870,0.0,1.0
2023-09-29,20.1,20.1,19.725,19.9,19.7146363551957,4368171,0.0,1.0
2023-09-28,20.06,20.29,19.83,19.86,19.6750089454365,4172620,0.0,1.0
2023-09-27,19.73,20.32,19.61,20.15,19.9623076661906,4002709,0.0,1.0
2023-09-26,19.69,19.94,19.42,19.67,19.4867787490804,2708686,0.0,1.0
2023-09-25,20.27,20.565,19.875,19.89,19.7047295027559,3053968,0.0,1.0
2023-09-22,20.83,20.96,20.325,20.43,20.2396995345049,4651958,0.0,1.0
2023-09-21,22.15,22.15,19.64,20.75,20.5567188125784,12776044,0.0,1.0
2023-09-20,22.37,22.55,22.215,22.37,22.1616289078255,2603117,0.0,1.0
2023-09-19,21.59,22.45,21.59,22.36,22.1517220553857,2845775,0.0,1.0
2023-09-18,21.01,21.785,21.01,21.73,21.5275903516785,3023901,0.0,1.0
2023-09-15,21.41,21.58,21.14,21.22,21.0223408772489,3194177,0.0,1.0
2023-09-14,21.65,21.86,21.35,21.43,21.2303847784846,1654710,0.06,1.0
2023-09-13,22.245,22.29,21.48,21.65,21.3884518591993,2578103,0.0,1.0
2023-09-12,22.2,22.44,22.0092,22.15,21.8824114864325,2028535,0.0,1.0
2023-09-11,22.11,22.285,21.765,21.92,21.6551900579052,1941884,0.0,1.0
2023-09-08,21.65,22.05,21.65,21.81,21.5465189399139,1653293,0.0,1.0
2023-09-07,21.45,21.85,21.4002,21.66,21.3983310517439,2405631,0.0,1.0
2023-09-06,21.51,21.6,21.26,21.51,21.250143163574,2118907,0.0,1.0
2023-09-05,22.53,22.66,21.17,21.41,21.1513512381273,5792365,0.0,1.0
2023-09-01,21.85,22.93,21.83,22.71,22.4356462689337,5402337,0.0,1.0
2023-08-31,24.27,24.32,21.48,21.89,21.6255524802712,11245195,0.0,1.0
2023-08-30,24.25,24.57,24.015,24.15,23.8582499953655,1937300,0.0,1.0
2023-08-29,23.9,24.435,23.825,24.25,23.9570419208121,2498038,0.0,1.0
2023-08-28,24.2,24.265,23.97,24.11,23.8187332251868,2350674,0.0,1.0
2023-08-25,24.08,24.18,23.66,23.67,23.3840487532215,3065689,0.0,1.0
2023-08-24,24.1,24.325,23.95,24.0,23.7100621071955,2897245,0.0,1.0
2023-08-23,24.82,25.0,24.15,24.3,24.0064378835354,2616611,0.0,1.0
2023-08-22,24.52,24.885,24.52,24.75,24.4510015480453,2942468,0.0,1.0
2023-08-21,24.11,24.625,24.11,24.52,24.2237801195181,1476253,0.0,1.0
2023-08-18,24.11,24.635,24.0,24.44,24.1447465791607,1663691,0.0,1.0
2023-08-17,24.54,24.59,24.09,24.11,23.8187332251868,3051145,0.0,1.0
2023-08-16,24.94,25.06,24.475,24.49,24.1941425418841,1583735,0.0,1.0
2023-08-15,24.75,25.27,24.69,25.1,24.7967732871086,2376336,0.0,1.0
2023-08-14,25.05,25.39,25.04,25.18,24.8758068274659,2728147,0.0,1.0
2023-08-11,24.76,25.39,24.76,25.18,24.8758068274659,3635705,0.0,1.0
2023-08-10,25.1,25.15,24.19,24.86,24.5596726660367,3719469,0.0,1.0
2023-08-09,24.22,25.5,24.0,25.03,24.727618939296,4515282,0.0,1.0
2023-08-08,23.63,23.82,23.28,23.58,23.2951360203196,2955147,0.0,1.0
2023-08-07,23.65,23.865,23.18,23.58,23.2951360203196,2681961,0.0,1.0
2023-08-04,23.84,23.94,23.57,23.76,23.4729614861235,1858852,0.0,1.0
2023-08-03,23.49,23.79,23.47,23.78,23.4927198712129,991733,0.0,1.0
2023-08-02,23.21,23.75,23.08,23.67,23.3840487532215,1562174,0.0,1.0
2023-08-01,23.55,23.605,23.28,23.4,23.1173105545156,831260,0.0,1.0
2023-07-31,23.74,23.78,23.39,23.6,23.3148944054089,974833,0.0,1.0
2023-07-28,23.44,23.805,23.35,23.67,23.3840487532215,968112,0.0,1.0
2023-07-27,23.7,23.79,23.08,23.14,22.8604515483543,1923638,0.0,1.0
2023-07-26,23.82,23.82,23.395,23.66,23.3741695606769,1266221,0.0,1.0
2023-07-25,23.64,23.99,23.595,23.74,23.4532031010342,2534254,0.0,1.0
2023-07-24,23.25,23.76,23.22,23.73,23.4433239084895,1931894,0.0,1.0
2023-07-21,23.49,23.5,22.955,23.17,22.8900891259883,1517208,0.0,1.0
2023-07-20,23.13,23.35,22.955,23.34,23.0580353992476,1733115,0.0,1.0
2023-07-19,23.24,23.47,23.08,23.13,22.8505723558096,1334174,0.0,1.0
2023-07-18,22.64,23.325,22.64,23.2,22.9197267036223,2127783,0.0,1.0
2023-07-17,23.07,23.07,22.58,22.69,22.4158878838444,2141791,0.0,1.0
2023-07-14,22.5,23.71,22.4,23.19,22.9098475110776,3461779,0.0,1.0
2023-07-13,22.66,22.765,22.255,22.29,22.0207201820578,3325914,0.0,1.0
2023-07-12,23.26,23.26,22.475,22.56,22.2874583807638,3296158,0.0,1.0
2023-07-11,23.23,23.265,22.745,22.95,22.6727468900057,3801185,0.0,1.0
2023-07-10,23.12,23.52,23.06,23.19,22.9098475110776,1486906,0.0,1.0
2023-07-07,23.1,23.285,22.975,23.18,22.899968318533,1667695,0.0,1.0
2023-07-06,23.14,23.36,22.96,23.17,22.8900891259883,1384837,0.0,1.0
2023-07-05,23.57,23.81,23.22,23.41,23.1271897470603,1621159,0.0,1.0
2023-07-03,23.84,23.935,23.63,23.77,23.4828406786682,573688,0.0,1.0
2023-06-30,23.98,23.98,23.75,23.92,23.6310285668382,1150016,0.0,1.0
2023-06-29,23.51,23.96,23.32,23.86,23.5717534115702,2273348,0.0,1.0
2023-06-28,23.71,23.95,23.52,23.73,23.4433239084895,1478958,0.0,1.0
2023-06-27,22.94,23.82,22.92,23.7,23.4136863308555,2193827,0.0,1.0
2023-06-26,22.16,23.07,22.13,22.75,22.4751630391124,2291596,0.0,1.0
2023-06-23,22.1,22.52,22.04,22.23,21.9614450267898,837781,0.0,1.0
2023-06-22,22.25,22.37,22.03,22.25,21.9812034118791,1489363,0.0,1.0
2023-06-21,22.03,22.35,21.96,22.24,21.9713242193345,1538730,0.0,1.0
2023-06-20,22.15,22.46,22.03,22.1,21.8330155237092,1129323,0.0,1.0
2023-06-16,22.7,22.77,22.23,22.33,22.0602369522365,2333293,0.0,1.0
2023-06-15,22.55,22.7,22.2802,22.58,22.3072167658531,1946917,0.0,1.0
2023-06-14,22.23,22.64,22.1908,22.54,22.2676999956744,2025664,0.0,1.0
2023-06-13,22.44,22.53,22.2539,22.4,22.1293913000491,1295102,0.0,1.0
2023-06-12,22.54,22.555,22.2,22.34,22.0701161447811,1337717,0.0,1.0
2023-06-09,22.55,22.614,22.255,22.33,22.0602369522365,1485349,0.0,1.0
2023-06-08,22.7,22.7765,22.52,22.53,22.2578208031298,1090406,0.0,1.0
2023-06-07,22.55,22.88,22.46,22.7,22.4257670763891,1581797,0.0,1.0
2023-06-06,22.14,22.46,22.085,22.44,22.1689080702278,1454095,0.0,1.0
2023-06-05,22.47,22.6721,22.2,22.27,22.0009617969685,1646308,0.0,1.0
2023-06-02,22.38,22.625,22.22,22.62,22.3467335360317,2269651,0.0,1.0
2023-06-01,22.55,22.6,22.19,22.19,21.9219282566112,1390336,0.0,1.0
2023-05-31,22.29,22.69,22.1675,22.52,22.2479416105851,3439684,0.0,1.0
2023-05-30,22.695,22.785,22.295,22.49,22.2183040329511,1594127,0.0,1.0
2023-05-26,22.63,22.71,22.43,22.59,22.3170959583977,1325441,0.0,1.0
2023-05-25,22.53,22.56,22.18,22.41,22.1392704925938,1499020,0.0,1.0
2023-05-24,22.27,22.765,22.17,22.54,22.2676999956744,1528814,0.0,1.0
2023-05-23,22.91,22.98,22.141,22.38,22.1096329149598,3816113,0.0,1.0
2023-05-22,23.1,23.33,22.905,23.01,22.7320220452737,1368404,0.0,1.0
2023-05-19,23.57,23.58,22.98,23.13,22.8505723558096,1712501,0.0,1.0
2023-05-18,23.28,23.48,22.95,23.47,23.1864649023282,2558324,0.0,1.0
2023-05-17,24.0,24.0,22.7,23.13,22.8505723558096,4630943,0.0,1.0
2023-05-16,24.1,24.31,23.645,23.81,23.5223574488469,3352682,0.0,1.0
2023-05-15,24.0,24.28,23.86,24.2,23.9076459580888,1523234,0.0,1.0
2023-05-12,23.67,24.17,23.61,23.97,23.6804245295615,2559296,0.0,1.0
2023-05-11,24.06,24.33,23.48,23.5,23.2161024799622,3179275,0.0,1.0
2023-05-10,25.0,25.41,23.89,24.13,23.8384916102761,5004420,0.0,1.0
2023-05-09,25.2,25.34,24.77,24.92,24.6189478213046,4673317,0.0,1.0
2023-05-08,25.4,25.5,24.9,25.18,24.8758068274659,2744103,0.0,1.0
2023-05-05,24.86,25.24,24.63,25.1,24.7967732871086,1544156,0.0,1.0
2023-05-04,25.25,25.48,24.455,24.73,24.431243162956,2938238,0.0,1.0
2023-05-03,25.0,25.99,25.0,25.53,25.2215785665292,2481432,0.0,1.0
2023-05-02,25.33,25.43,24.76,25.05,24.7473773243853,2330629,0.0,1.0
2023-05-01,25.88,25.97,25.44,25.65,25.3401288770652,1416675,0.0,1.0
2023-04-28,25.69,25.99,25.46,25.78,25.4685583801458,2144442,0.0,1.0
2023-04-27,25.55,25.84,25.22,25.81,25.4981959577798,1515212,0.0,1.0
2023-04-26,25.75,26.05,25.43,25.5,25.1919409888952,2447476,0.0,1.0
2023-04-25,25.5,26.26,25.03,25.88,25.5673503055925,6952593,0.0,1.0
2023-04-24,25.2,25.35,24.55,24.63,24.3324512375094,1482863,0.0,1.0
2023-04-21,24.4,25.11,24.19,25.01,24.7078605542066,3325117,0.0,1.0
2023-04-20,24.33,24.51,24.16,24.4,24.1052298089821,1614591,0.0,1.0
2023-04-19,24.07,24.64,23.85,24.51,24.2139009269734,1861863,0.0,1.0
2023-04-18,24.35,24.58,24.1,24.2,23.9076459580888,2082522,0.0,1.0
2023-04-17,24.89,24.9,24.19,24.35,24.0558338462587,1989092,0.0,1.0
2023-04-14,24.35,24.61,24.05,24.45,24.1546257717054,3027981,0.0,1.0
2023-04-13,24.08,24.62,24.0,24.23,23.9372835357228,3092311,0.0,1.0
2023-04-12,24.15,24.35,23.775,23.86,23.5717534115702,2417950,0.0,1.0
2023-04-11,23.99,24.22,23.81,23.92,23.6310285668382,5521680,0.0,1.0
2023-04-10,22.84,23.91,22.84,23.9,23.6112701817488,4671988,0.0,1.0
2023-04-06,21.97,22.845,21.44,22.84,22.5640757720144,5621533,0.0,1.0
2023-04-05,22.975,23.1,21.59,22.0,21.7342235982625,8609506,0.0,1.0
2023-04-04,22.62,23.81,22.0,23.05,22.7715388154523,12703405,0.0,1.0
2023-04-03,24.49,24.5,21.7,22.52,22.2479416105851,13237908,0.0,1.0
2023-03-31,23.25,23.94,23.13,23.93,23.6409077593828,2853252,0.0,1.0
2023-03-30,23.34,23.45,23.1,23.15,22.870330740899,1326495,0.0,1.0
2023-03-29,23.04,23.23,22.81,23.06,22.781418007997,1490421,0.0,1.0
2023-03-28,22.78,23.04,22.451,22.91,22.633230119827,3024299,0.0,1.0
2023-03-27,23.24,23.41,22.79,22.84,22.5640757720144,2674672,0.0,1.0
2023-03-24,22.82,23.5,22.8,23.24,22.959243473801,3542354,0.0,1.0
2023-03-23,22.98,23.47,22.71,23.07,22.7912972005417,3168290,0.0,1.0
2023-03-22,23.5,23.5,22.77,22.77,22.4949214242017,1462767,0.0,1.0
2023-03-21,23.09,23.62,23.0,23.46,23.1765857097836,1836203,0.0,1.0
2023-03-20,22.95,23.25,22.53,22.82,22.544317386925,1942456,0.0,1.0
2023-03-17,23.27,23.4999,22.8,22.99,22.7122636601843,1189622,0.0,1.0
2023-03-16,22.79,23.31,22.61,23.24,22.959243473801,2331235,0.0,1.0
2023-03-15,23.0,23.27,22.52,22.95,22.6727468900057,2387129,0.0,1.0
2023-03-14,23.01,23.639,23.01,23.39,23.1074313619709,1345037,0.0,1.0
2023-03-13,22.81,23.08,22.29,22.71,22.4356462689337,1516673,0.0,1.0
2023-03-10,23.38,23.43,22.52,23.06,22.781418007997,1278187,0.0,1.0
2023-03-09,23.53,24.08,23.43,23.44,23.1568273246943,1859790,0.0,1.0
2023-03-08,23.88,23.95,23.28,23.5,23.2161024799622,1238514,0.0,1.0
2023-03-07,23.73,23.96,23.56,23.83,23.5421158339362,1851977,0.0,1.0
2023-03-06,24.04,24.38,23.64,23.64,23.3544111755876,1204738,0.0,1.0
2023-03-03,23.7,24.4,23.57,24.04,23.7495788773741,3556478,0.0,1.0
2023-03-02,21.92,23.86,21.42,23.67,23.3840487532215,3287593,0.0,1.0
2023-03-01,21.99,22.49,20.7,22.05,21.7836195609859,4971955,0.0,1.0
2023-02-28,22.22,22.6,22.07,22.31,22.0404785671471,3081316,0.0,1.0
2023-02-27,22.22,22.52,22.13,22.29,22.0207201820578,1240108,0.0,1.0
2023-02-24,22.18,22.26,21.88,22.22,21.9515658342451,1487958,0.0,1.0
2023-02-23,22.41,22.67,21.99,22.44,22.1689080702278,915941,0.0,1.0
2023-02-22,21.64,22.48,21.57,22.16,21.8922906789772,1324677,0.0,1.0
2023-02-21,21.55,21.91,21.34,21.46,21.2007472008506,721481,0.0,1.0
2023-02-17,21.75,22.045,21.51,21.88,21.6156732877265,887880,0.0,1.0
2023-02-16,21.72,22.06,21.605,21.83,21.5662773250032,536267,0.0,1.0
2023-02-15,21.59,22.1,21.4,22.02,21.7539819833519,596991,0.0,1.0
2023-02-14,21.48,21.8,21.28,21.59,21.3291767039313,460364,0.0,1.0
2023-02-13,21.24,21.69,21.0,21.55,21.2896599337526,1351386,0.0,1.0
2023-02-10,21.5,21.55,20.97,21.1,20.8450962692427,1088436,0.0,1.0
2023-02-09,22.08,22.105,21.59,21.6,21.3390558964759,1145690,0.0,1.0
2023-02-08,22.03,22.27,21.66,21.96,21.6947068280839,631570,0.0,1.0
2023-02-07,21.35,22.045,21.315,22.0,21.7342235982625,1267068,0.0,1.0
2023-02-06,21.67,21.78,21.235,21.28,21.0229217350467,865801,0.0,1.0
2023-02-03,22.37,22.48,21.86,21.9,21.6354316728159,1300998,0.0,1.0
2023-02-02,22.7,23.0,22.46,22.68,22.4060086912997,928444,0.0,1.0
2023-02-01,22.41,22.695,22.225,22.45,22.1787872627724,957645,0.0,1.0
2023-01-31,21.97,22.47,21.9,22.43,22.1590288776831,1506046,0.0,1.0
2023-01-30,21.88,22.46,21.78,22.05,21.7836195609859,1227405,0.0,1.0
2023-01-27,21.6,22.29,21.52,22.09,21.8231363311645,1918295,0.0,1.0
2023-01-26,21.62,21.68,21.17,21.6,21.3390558964759,1084046,0.0,1.0
2023-01-25,21.05,21.65,21.01,21.45,21.190868008306,1021547,0.0,1.0
2023-01-24,21.3,21.61,21.2,21.25,20.9932841574127,1665302,0.0,1.0
2023-01-23,21.33,21.65,21.06,21.49,21.2303847784846,2449530,0.0,1.0
2023-01-20,20.84,21.29,20.73,21.28,21.0229217350467,2873446,0.0,1.0
2023-01-19,20.64,21.05,20.57,20.64,20.3906534121881,1655224,0.0,1.0
2023-01-18,21.85,21.85,20.79,20.82,20.5684788779921,3422988,0.0,1.0
2023-01-17,21.32,22.05,21.0,21.66,21.3983310517439,2494489,0.0,1.0
2023-01-13,21.61,21.7419,21.25,21.4,21.1414720455826,2348668,0.0,1.0
2023-01-12,21.63,22.41,21.45,21.73,21.4674853995566,2163335,0.0,1.0
2023-01-11,21.64,22.36,21.31,21.55,21.2896599337526,3598914,0.0,1.0
2023-01-10,21.76,22.27,21.305,21.51,21.250143163574,2137169,0.0,1.0
2023-01-09,21.46,21.82,20.995,21.7,21.4378478219226,2117829,0.0,1.0
2023-01-06,21.87,21.93,20.42,21.33,21.07231769777,3390766,0.0,1.0
2023-01-05,21.66,22.3,21.5,21.9,21.6354316728159,1709410,0.0,1.0
2023-01-04,21.52,22.24,21.4922,21.86,21.5959149026372,1836792,0.0,1.0
2023-01-03,22.75,22.82,20.6,21.2,20.9438881946893,3694486,0.0,1.0
2022-12-30,21.72,22.665,21.63,22.54,22.2676999956744,2036143,0.0,1.0
2022-12-29,20.93,21.95,20.72,21.93,21.6650692504499,1449039,0.0,1.0
2022-12-28,20.87,21.1,20.5925,20.74,20.4894453376348,698961,0.0,1.0
2022-12-27,20.66,21.12,20.48,20.93,20.6771499959834,677373,0.0,1.0
2022-12-23,20.81,20.87,20.44,20.69,20.4400493749114,1295213,0.0,1.0
2022-12-22,20.52,20.84,20.42,20.82,20.5684788779921,636719,0.0,1.0
2022-12-21,20.37,20.77,20.29,20.75,20.4993245301794,745151,0.0,1.0
2022-12-20,20.13,20.5,20.01,20.24,19.9954857104015,1682392,0.0,1.0
2022-12-19,19.9,20.36,19.77,20.21,19.9658481327675,1258816,0.0,1.0
2022-12-16,20.5,20.635,19.64,19.93,19.6892307415169,2606798,0.0,1.0
2022-12-15,21.12,21.255,20.52,20.74,20.4894453376348,2191383,0.0,1.0
2022-12-14,21.93,22.11,21.405,21.48,21.22050558594,1088524,0.0,1.0
2022-12-13,22.09,22.29,21.76,21.98,21.7144652131732,1061796,0.0,1.0
2022-12-12,21.15,21.74,21.05,21.67,21.4082102442886,908234,0.0,1.0
2022-12-09,20.95,21.39,20.88,21.15,20.894492231966,803031,0.0,1.0
2022-12-08,21.12,21.46,20.92,21.0,20.746304343796,640982,0.0,1.0
2022-12-07,21.11,21.41,20.91,21.04,20.7858211139747,959364,0.0,1.0
2022-12-06,21.88,22.06,21.0,21.31,21.0525593126807,1067235,0.0,1.0
2022-12-05,21.57,22.11,21.52,21.86,21.5959149026372,2415690,0.0,1.0
2022-12-02,21.8,21.94,21.52,21.83,21.5662773250032,830529,0.0,1.0
2022-12-01,21.98,22.49,21.92,22.04,21.7737403684412,2106310,0.0,1.0
2022-11-30,21.62,22.19,21.5,21.99,21.7243444057179,4342064,0.0,1.0
2022-11-29,21.37,21.86,21.15,21.59,21.3291767039313,1872723,0.0,1.0
2022-11-28,21.11,21.64,21.06,21.25,20.9932841574127,1206569,0.0,1.0
2022-11-25,21.71,21.71,21.32,21.35,21.0920760828593,496054,0.0,1.0
2022-11-23,21.68,22.34,21.62,21.63,21.3686934741099,865755,0.0,1.0
2022-11-22,21.17,21.79,21.1,21.72,21.4576062070119,945632,0.0,1.0
2022-11-21,21.65,21.68,21.23,21.32,21.0624385052253,664433,0.0,1.0
2022-11-18,21.99,22.28,21.51,21.65,21.3884518591993,934266,0.0,1.0
2022-11-17,21.25,22.19,21.08,21.99,21.7243444057179,626105,0.0,1.0
2022-11-16,21.94,22.15,21.5046,21.68,21.4180894368333,928293,0.0,1.0
2022-11-15,22.03,23.08,22.03,22.23,21.9614450267898,1119008,0.0,1.0
2022-11-14,22.31,22.59,21.86,21.88,21.6156732877265,1159865,0.0,1.0
2022-11-11,21.3,24.19,21.1894,22.44,22.1689080702278,2394836,0.0,1.0
2022-11-10,21.56,22.33,21.37,21.76,21.4971229771906,1560859,0.0,1.0
2022-11-09,21.12,21.32,20.57,20.77,20.5190829152688,1031903,0.0,1.0
2022-11-08,21.15,22.08,21.05,21.57,21.3094183188419,1093062,0.0,1.0
2022-11-07,20.49,21.625,20.4,21.41,21.1513512381273,1173352,0.0,1.0
2022-11-04,20.99,20.99,20.18,20.4,20.1535527911162,783184,0.0,1.0
2022-11-03,20.56,21.06,20.47,20.53,20.2819822941968,667579,0.0,1.0
2022-11-02,21.89,21.96,20.85,20.88,20.6277540332601,1709192,0.0,1.0
2022-11-01,22.33,22.79,21.94,21.96,21.6947068280839,794139,0.0,1.0
2022-10-31,22.27,22.4,21.83,21.84,21.5761565175479,712532,0.0,1.0
2022-10-28,21.66,22.39,21.57,22.3,22.0305993746025,595759,0.0,1.0
2022-10-27,22.08,22.5,21.82,21.9,21.6354316728159,788676,0.0,1.0
2022-10-26,21.54,22.53,21.29,21.77,21.5070021697352,674701,0.0,1.0
2022-10-25,21.83,22.02,21.53,21.64,21.3785726666546,909905,0.0,1.0
2022-10-24,21.73,21.86,21.31,21.77,21.5070021697352,840064,0.0,1.0
2022-10-21,21.52,21.73,21.115,21.66,21.3983310517439,915595,0.0,1.0
2022-10-20,20.55,21.62,20.44,21.3,21.042680120136,3686593,0.0,1.0
2022-10-19,21.29,21.51,20.5,20.67,20.4202909898221,2463209,0.0,1.0
2022-10-18,21.95,22.37,20.93,21.29,21.0328009275913,1489596,0.0,1.0
2022-10-17,20.82,21.74,20.82,21.29,21.0328009275913,936317,0.0,1.0
2022-10-14,20.44,21.02,20.2,20.44,20.1930695612948,1308389,0.0,1.0
2022-10-13,20.58,20.6,19.83,20.25,20.0053649029462,2102015,0.0,1.0
2022-10-12,21.01,21.38,20.61,21.06,20.805579499064,1325773,0.0,1.0
2022-10-11,20.78,21.18,20.15,21.0,20.746304343796,1344893,0.0,1.0
2022-10-10,21.27,21.73,20.61,20.78,20.5289621078134,1031369,0.0,1.0
2022-10-07,21.07,21.37,20.7,21.1,20.8450962692427,1098586,0.0,1.0
2022-10-06,21.05,21.44,21.05,21.39,21.131592853038,942684,0.0,1.0
2022-10-05,21.19,21.54,20.77,21.18,20.9241298096,810089,0.0,1.0
2022-10-04,20.83,21.855,20.684,21.6,21.3390558964759,1075388,0.0,1.0
2022-10-03,20.45,20.67,19.96,20.23,19.9856065178569,1511238,0.0,1.0
2022-09-30,19.38,20.36,19.38,20.26,20.0152440954909,2201468,0.0,1.0
2022-09-29,19.06,19.33,18.58,19.27,19.037204033569,1917310,0.0,1.0
2022-09-28,19.08,19.55,18.93,19.31,19.0767208037477,1358001,0.0,1.0
2022-09-27,19.25,19.72,18.93,19.01,18.7803450274078,2340928,0.0,1.0
2022-09-26,19.54,19.73,18.85,18.9,18.6716739094164,2223302,0.0,1.0
2022-09-23,20.73,20.9,19.61,19.71,19.4718885055343,2577198,0.0,1.0
2022-09-22,22.04,22.04,21.12,21.19,20.9340090021447,1142049,0.0,1.0
2022-09-21,23.12,23.18,22.07,22.07,21.8033779460752,1106947,0.0,1.0
2022-09-20,23.51,23.64,22.82,23.11,22.8308139707203,928127,0.0,1.0
2022-09-19,22.73,23.87,22.7036,23.8,23.5124782563022,1320910,0.0,1.0
2022-09-16,24.42,24.42,23.01,23.08,22.8011763930863,12171299,0.0,1.0
2022-09-15,24.99,25.38,24.69,24.77,24.4707599331347,1676049,0.0,1.0
2022-09-14,25.06,25.52,24.955,25.11,24.8066524796533,2110916,0.0,1.0
2022-09-13,24.63,25.3,24.475,24.87,24.5695518585813,1822141,0.0,1.0
2022-09-12,26.0,26.12,25.155,25.19,24.8856860200106,1911068,0.0,1.0
2022-09-09,25.04,25.94,24.94,25.93,25.6167462683158,2631961,0.0,1.0
2022-09-08,24.27,25.09,24.13,24.72,24.4213639704113,1780421,0.0,1.0
2022-09-07,23.71,24.58,23.7,24.45,24.1546257717054,1949439,0.0,1.0
2022-09-06,23.28,23.92,22.905,23.87,23.5816326041148,2050648,0.0,1.0
2022-09-02,22.73,23.24,22.61,22.79,22.514679809291,701531,0.0,1.0
2022-09-01,22.35,22.61,22.09,22.54,22.2676999956744,1016758,0.0,1.0
2022-08-31,22.69,22.89,22.45,22.62,22.3467335360317,519215,0.0,1.0
2022-08-30,23.1,23.1,22.39,22.59,22.3170959583977,835367,0.0,1.0
2022-08-29,22.1,23.24,22.04,22.97,22.692505275095,1021274,0.0,1.0
2022-08-26,23.06,23.19,22.48,22.59,22.3170959583977,634197,0.0,1.0
2022-08-25,23.11,23.11,22.88,23.03,22.751780430363,358673,0.0,1.0
2022-08-24,22.87,23.225,22.75,22.93,22.6529885049164,589271,0.0,1.0
2022-08-23,22.34,22.93,22.32,22.79,22.514679809291,638449,0.0,1.0
2022-08-22,23.17,23.19,22.46,22.49,22.2183040329511,757566,0.0,1.0
2022-08-19,23.73,23.83,23.21,23.58,23.2951360203196,658546,0.0,1.0
2022-08-18,23.84,24.1525,23.61,24.04,23.7495788773741,1007390,0.0,1.0
2022-08-17,24.08,24.08,23.52,23.83,23.5421158339362,817024,0.0,1.0
2022-08-16,24.16,24.3825,23.87,24.31,24.0163170760801,1493633,0.0,1.0
2022-08-15,23.96,24.23,23.685,24.06,23.7693372624635,1434635,0.0,1.0
2022-08-12,23.37,24.95,23.31,24.2,23.9076459580888,2367077,0.0,1.0
2022-08-11,24.35,24.75,23.84,23.86,23.5717534115702,1911564,0.0,1.0
2022-08-10,23.89,24.31,23.82,24.06,23.7693372624635,960958,0.0,1.0
2022-08-09,24.0,24.02,23.19,23.42,23.1370689396049,1042076,0.0,1.0
2022-08-08,24.25,24.54,23.83,23.83,23.5421158339362,793468,0.0,1.0
2022-08-05,23.28,24.36,23.11,24.21,23.9175251506334,833475,0.0,1.0
2022-08-04,23.65,24.01,23.48,23.66,23.3741695606769,1237539,0.0,1.0
2022-08-03,22.99,23.54,22.74,23.44,23.1568273246943,483841,0.0,1.0
2022-08-02,22.06,23.11,21.92,22.73,22.4554046540231,620326,0.0,1.0
2022-08-01,22.67,22.67,22.12,22.32,22.0503577596918,426807,0.0,1.0
2022-07-29,21.9,22.84,21.56,22.79,22.514679809291,1158801,0.0,1.0
2022-07-28,21.93,22.64,21.85,21.91,21.6453108653605,569507,0.0,1.0
2022-07-27,21.94,22.07,21.71,22.0,21.7342235982625,2009414,0.0,1.0
2022-07-26,21.93,22.005,21.42,21.49,21.2303847784846,1256350,0.0,1.0
2022-07-25,22.6,22.6,21.9801,22.14,21.8725322938878,871950,0.0,1.0
2022-07-22,22.46,22.79,22.41,22.52,22.2479416105851,1007581,0.0,1.0
2022-07-21,22.34,22.75,22.2705,22.48,22.2084248404064,1154899,0.0,1.0
2022-07-20,21.95,22.74,21.8445,22.54,22.2676999956744,515066,0.0,1.0
2022-07-19,21.75,22.16,21.7,21.93,21.6650692504499,882170,0.0,1.0
2022-07-18,21.4,22.05,21.4,21.56,21.2995391262973,449066,0.0,1.0
2022-07-15,20.97,21.37,20.91,21.21,20.953767387234,984226,0.0,1.0
2022-07-14,20.62,21.12,20.45,20.76,20.5092037227241,795338,0.0,1.0
2022-07-13,20.92,21.285,20.66,21.04,20.7858211139747,529305,0.0,1.0
2022-07-12,21.27,21.85,21.205,21.35,21.0920760828593,498701,0.0,1.0
2022-07-11,21.73,21.78,21.1975,21.31,21.0525593126807,531341,0.0,1.0
2022-07-08,21.78,22.15,21.5023,21.91,21.6453108653605,581064,0.0,1.0
2022-07-07,22.0,22.06,21.68,21.87,21.6057940951819,554196,0.0,1.0
2022-07-06,21.37,21.84,20.93,21.19,20.9340090021447,582872,0.0,1.0
2022-07-05,21.5,21.6,21.05,21.59,21.3291767039313,443529,0.0,1.0
2022-07-01,20.73,21.96,20.73,21.83,21.5662773250032,765338,0.0,1.0
2022-06-30,20.75,21.01,20.28,20.56,20.3116198718308,794767,0.0,1.0
2022-06-29,20.71,21.05,20.43,20.9,20.6475124183494,615831,0.0,1.0
2022-06-28,21.15,21.42,20.79,20.85,20.5981164556261,818352,0.0,1.0
2022-06-27,22.01,22.11,20.83,21.11,20.8549754617874,765167,0.0,1.0
2022-06-24,21.36,22.06,21.19,21.91,21.6453108653605,550093,0.0,1.0
2022-06-23,20.47,21.02,20.16,20.99,20.7364251512514,690857,0.0,1.0
2022-06-22,20.0,20.68,20.0,20.33,20.0843984433035,869461,0.0,1.0
2022-06-21,20.54,20.82,20.07,20.12,19.8769353998655,936892,0.0,1.0
2022-06-17,19.96,20.7,19.9212,20.27,20.0251232880355,865542,0.0,1.0
2022-06-16,19.93,20.1,19.38,19.75,19.5114052757129,1634891,0.0,1.0
2022-06-15,20.04,20.52,19.925,20.37,20.1239152134822,937146,0.0,1.0
2022-06-14,20.14,20.2826,19.66,19.78,19.5410428533469,738663,0.0,1.0
2022-06-13,20.8,21.1,20.05,20.18,19.9362105551335,806099,0.0,1.0
2022-06-10,21.92,22.09,21.28,21.34,21.0821968903146,790391,0.0,1.0
2022-06-09,22.41,22.74,21.79,22.45,22.1787872627724,876472,0.0,1.0
2022-06-08,23.14,23.49,22.26,22.55,22.2775791882191,991172,0.0,1.0
2022-06-07,22.58,23.325,22.48,23.23,22.9493642812563,928419,0.0,1.0
2022-06-06,23.31,23.5,22.4,22.84,22.5640757720144,1661905,0.0,1.0
2022-06-03,23.22,23.85,23.03,23.4,23.1173105545156,2213844,0.0,1.0
2022-06-02,21.95,23.55,21.6603,23.5,23.2161024799622,1214006,0.0,1.0
2022-06-01,22.65,23.43,22.03,22.11,21.8428947162538,3383291,0.0,1.0
2022-05-31,22.65,23.06,22.25,22.72,22.4455254614784,2900707,0.0,1.0
2022-05-27,22.53,23.34,22.5,22.77,22.4949214242017,1366254,0.0,1.0
2022-05-26,22.55,23.55,22.14,22.54,22.2676999956744,1446409,0.0,1.0
2022-05-25,20.8,22.04,20.8,21.91,21.6453108653605,918579,0.0,1.0
2022-05-24,21.58,21.89,20.4,20.96,20.7067875736174,2056347,0.0,1.0
2022-05-23,21.01,21.985,20.84,21.75,21.4872437846459,1873141,0.0,1.0
2022-05-20,20.0,20.95,20.0,20.91,20.6573916108941,2740051,0.0,1.0
2022-05-19,19.49,20.0593,19.35,19.76,19.5212844682576,1354159,0.0,1.0
2022-05-18,19.65,20.29,19.21,19.53,19.2940630397303,2187431,0.0,1.0
2022-05-17,19.88,20.08,19.11,19.5,19.2644254620963,2596556,0.0,1.0
2022-05-16,19.52,20.0388,19.41,19.5,19.2644254620963,3352598,0.0,1.0
2022-05-13,22.09,22.64,19.285,19.3,19.066841611203,5551261,0.0,1.0
2022-05-12,18.01,18.98,17.67,18.34,18.1184391269152,2177576,0.0,1.0
2022-05-11,17.99,18.96,17.83,18.02,17.8023049654859,1959021,0.0,1.0
2022-05-10,18.22,18.88,17.58,18.26,18.0394055865579,1647435,0.0,1.0
2022-05-09,19.2,19.32,17.42,17.9,17.68375465495,2884409,0.0,1.0
2022-05-06,20.0,20.0,18.59,19.61,19.3730965800876,2621309,0.0,1.0
2022-05-05,21.4,21.4,18.81,20.0,19.7583850893296,5188588,0.0,1.0
2022-05-04,22.8,22.83,20.925,21.83,21.5662773250032,3323372,0.0,1.0
2022-05-03,22.96,23.21,22.52,22.9,22.6233509272824,2957575,0.0,1.0
2022-05-02,22.75,23.56,22.24,22.99,22.7122636601843,3199473,0.0,1.0
2022-04-29,24.01,24.195,22.75,22.75,22.4751630391124,1422588,0.0,1.0
2022-04-28,24.52,24.665,23.2,24.03,23.7396996848295,2204115,0.0,1.0
2022-04-27,23.9,24.55,23.3718,24.42,24.1249881940714,1645600,0.0,1.0
2022-04-26,24.53,24.53,23.66,24.12,23.8286124177315,956737,0.0,1.0
2022-04-25,24.18,24.83,23.55,24.71,24.4114847778667,961577,0.0,1.0
2022-04-22,25.22,25.28,24.07,24.42,24.1249881940714,1381461,0.0,1.0
2022-04-21,26.14,26.54,25.04,25.32,25.0141155230912,1310521,0.0,1.0
2022-04-20,26.57,26.89,25.6,25.83,25.5179543428691,1673000,0.0,1.0
2022-04-19,26.54,27.8,26.36,26.97,26.6441822929609,2193131,0.0,1.0
2022-04-18,26.67,26.98,26.27,26.62,26.2984105538977,448312,0.0,1.0
2022-04-14,27.26,27.39,26.81,26.91,26.5849071376929,397912,0.0,1.0
2022-04-13,26.76,27.5,26.76,27.09,26.7627326034969,756318,0.0,1.0
2022-04-12,27.0,27.48,26.46,26.75,26.4268400569783,870020,0.0,1.0
2022-04-11,26.89,27.97,26.38,26.78,26.4564776346123,887208,0.0,1.0
2022-04-08,27.31,27.5,26.83,26.95,26.6244239078716,781366,0.0,1.0
2022-04-07,28.0,28.81,27.36,27.49,27.1579003052835,2604420,0.0,1.0
2022-04-06,28.49,28.62,27.67,28.08,27.7407726654187,1062013,0.0,1.0
2022-04-05,29.5,29.74,28.76,28.88,28.5311080689919,437889,0.0,1.0
2022-04-04,29.57,29.86,29.1,29.55,29.1930139694844,454511,0.0,1.0
2022-04-01,29.55,29.98,29.17,29.5,29.1436180067611,454433,0.0,1.0
2022-03-31,29.26,29.94,29.0,29.52,29.1633763918504,456872,0.0,1.0
2022-03-30,29.82,30.2,29.211,29.35,28.9954301185911,600716,0.0,1.0
2022-03-29,29.67,30.43,29.52,30.06,29.6968527892623,538924,0.0,1.0
2022-03-28,29.61,29.8048,29.04,29.49,29.1337388142164,648375,0.0,1.0
2022-03-25,29.7,29.95,28.8,29.46,29.1041012365825,605597,0.0,1.0
2022-03-24,30.41,30.72,29.4,29.78,29.4202353980117,653401,0.0,1.0
2022-03-23,30.22,31.13,30.02,30.12,29.7561279445303,687287,0.0,1.0
2022-03-22,31.02,31.32,30.225,30.35,29.9833493730576,890946,0.0,1.0
2022-03-21,29.98,30.93,29.61,30.63,30.2599667643082,1402667,0.0,1.0
2022-03-18,29.44,30.01,29.3,29.99,29.6276984414497,1688727,0.0,1.0
2022-03-17,28.75,30.0,28.3,29.8,29.4399937831011,2801356,0.0,1.0
2022-03-16,27.1,28.4,26.8992,27.87,27.5333096219808,1194922,0.0,1.0
2022-03-15,27.17,27.66,26.47,26.78,26.4564776346123,805910,0.0,1.0
2022-03-14,28.13,28.24,27.09,27.16,26.8318869513096,1224750,0.0,1.0
2022-03-11,27.66,27.89,26.98,27.08,26.7528534109522,976100,0.0,1.0
2022-03-10,26.02,27.56,26.0,27.53,27.1974170754622,796186,0.0,1.0
2022-03-09,27.36,27.99,26.61,26.63,26.3082897464423,1265990,0.0,1.0
2022-03-08,25.05,27.15,24.65,26.61,26.288531361353,1438994,0.0,1.0
2022-03-07,26.88,26.99,24.28,25.21,24.9054444050999,2473032,0.0,1.0
2022-03-04,28.62,28.982,26.81,27.05,26.7232158333182,1367252,0.0,1.0
2022-03-03,30.63,30.63,28.77,28.98,28.6298999944385,812496,0.0,1.0
2022-03-02,30.06,30.98,29.96,30.46,30.0920204910489,502183,0.0,1.0
2022-03-01,30.24,30.43,29.56,30.0,29.6375776339944,832180,0.0,1.0
2022-02-28,30.61,30.75,29.38,30.13,29.766007137075,657658,0.0,1.0
2022-02-25,30.61,31.3,29.62,31.06,30.6847720437288,705275,0.0,1.0
2022-02-24,28.58,30.58,28.5,30.56,30.1908124164956,607337,0.0,1.0
2022-02-23,30.2,30.225,29.52,29.66,29.3016850874758,356214,0.0,1.0
2022-02-22,30.45,30.745,29.55,29.91,29.5486649010924,606366,0.0,1.0
2022-02-18,30.82,31.39,30.5,30.79,30.4180338450229,530536,0.0,1.0
2022-02-17,31.6,31.69,30.45,30.76,30.3883962673889,671135,0.0,1.0
2022-02-16,32.0,32.22,31.32,31.83,31.445469869668,441141,0.0,1.0
2022-02-15,31.84,32.39,31.38,31.92,31.53438260257,472654,0.0,1.0
2022-02-14,31.24,31.9,30.82,31.25,30.8724767020774,620832,0.0,1.0
2022-02-11,32.27,32.7936,31.07,31.43,31.0503021678814,747415,0.0,1.0
2022-02-10,32.45,33.435,32.06,32.51,32.1172549627052,708804,0.0,1.0
2022-02-09,32.16,33.22,32.16,33.12,32.7198857079298,801762,0.0,1.0
2022-02-08,30.84,31.76,30.755,31.63,31.2478860187747,923239,0.0,1.0
2022-02-07,31.33,32.12,30.42,30.98,30.6057385033715,690494,0.0,1.0
2022-02-04,30.51,31.93,30.49,31.24,30.8625975095328,969889,0.0,1.0
2022-02-03,30.78,31.235,30.32,30.57,30.2006916090402,588372,0.0,1.0
2022-02-02,32.28,32.33,30.28,31.33,30.9515102424348,689607,0.0,1.0
2022-02-01,31.63,32.38,31.38,32.1,31.712208068374,1255883,0.0,1.0
2022-01-31,30.3,31.51,30.26,31.37,30.9910270126134,641713,0.0,1.0
2022-01-28,29.57,30.355,28.2,30.27,29.9043158327003,1095407,0.0,1.0
2022-01-27,30.1,30.53,29.4801,29.63,29.2720475098418,1648326,0.0,1.0
2022-01-26,28.99,30.42,28.8,29.46,29.1041012365825,1259862,0.0,1.0
2022-01-25,29.52,29.81,28.17,28.51,28.1655779448393,1299124,0.0,1.0
2022-01-24,29.01,30.08,27.9,29.84,29.4795105532797,1458831,0.0,1.0
2022-01-21,29.96,31.1,29.44,29.7,29.3412018576544,1596548,0.0,1.0
2022-01-20,30.86,31.59,30.179,30.23,29.8647990625216,940761,0.0,1.0
2022-01-19,30.66,31.07,30.04,30.61,30.2402083792189,1219466,0.0,1.0
2022-01-18,31.93,32.36,30.33,30.44,30.0722621059596,1193378,0.0,1.0
2022-01-14,32.11,32.7089,31.746,32.15,31.7616040310973,778512,0.0,1.0
2022-01-13,32.83,33.83,32.13,32.21,31.8208791863653,835657,0.0,1.0
2022-01-12,32.05,33.62,31.84,32.86,32.4630267017685,1088665,0.0,1.0
2022-01-11,32.88,32.96,31.71,32.39,31.9987046521692,1852153,0.0,1.0
2022-01-10,33.58,33.795,31.89,33.17,32.7692816706531,1734483,0.0,1.0
2022-01-07,33.66,34.06,33.15,33.87,33.4608251487796,1953318,0.0,1.0
2022-01-06,32.81,34.35,32.72,33.59,33.184207757529,1375028,0.0,1.0
2022-01-05,33.58,34.39,32.58,33.0,32.6013353973938,1583920,0.0,1.0
2022-01-04,35.0,35.19,32.73,33.53,33.124932602261,2086574,0.0,1.0
2022-01-03,34.8,35.285,33.96,34.81,34.3894692479781,1522188,0.0,1.0
2021-12-31,34.52,35.28,34.5,34.89,34.4685027883354,700010,0.0,1.0
2021-12-30,33.69,34.64,33.66,34.37,33.9547847760129,531261,0.0,1.0
2021-12-29,34.25,34.79,33.27,33.63,33.2237245277077,1209467,0.0,1.0
2021-12-28,33.16,34.025,33.16,34.02,33.6090130369496,1056765,0.0,1.0
2021-12-27,33.81,33.93,32.6,33.15,32.7495232855638,1738326,0.0,1.0
2021-12-23,32.18,33.75,32.17,33.47,33.065657446993,1631933,0.0,1.0
2021-12-22,31.15,32.445,30.88,31.98,31.593657757838,2706503,0.0,1.0
2021-12-21,30.6,31.84,30.57,30.93,30.5563425406482,4445811,0.0,1.0
2021-12-20,30.57,32.28,30.36,30.4,30.0327453357809,4092144,0.0,1.0
2021-12-17,30.96,32.25,30.301,31.12,30.7440471989968,7036966,0.0,1.0
2021-12-16,30.82,32.96,30.6,31.31,30.9317518573454,5280934,0.0,1.0
2021-12-15,30.965,31.5299,29.96,30.25,29.884557447611,5107118,0.0,1.0
2021-12-14,29.76,30.74,29.51,30.03,29.6672152116283,2777398,0.0,1.0
2021-12-13,30.33,31.62,29.89,30.0,29.6375776339944,2855825,0.0,1.0
2021-12-10,29.19,30.29,29.19,30.1,29.736369559441,1898504,0.0,1.0
2021-12-09,30.4,31.11,29.14,29.22,28.8670006155105,2642754,0.0,1.0
2021-12-08,31.15,31.4099,29.5501,30.5,30.1315372612276,2327549,0.0,1.0
2021-12-07,30.77,32.16,30.29,30.79,30.4180338450229,2932216,0.0,1.0
2021-12-06,29.36,30.86,29.02,30.09,29.7264903668963,3029764,0.0,1.0
2021-12-03,29.42,29.5,28.82,29.29,28.9361549633232,1597448,0.0,1.0
2021-12-02,28.45,29.59,28.3,29.44,29.0843428514931,1269697,0.0,1.0
2021-12-01,28.54,29.85,28.37,28.4,28.056906826848,2164073,0.0,1.0
2021-11-30,28.4,28.63,27.8,28.12,27.7802894355974,1342808,0.0,1.0
2021-11-29,28.27,28.74,27.42,28.49,28.14581955975,1605290,0.0,1.0
2021-11-26,28.0,28.57,27.8907,28.33,27.9877524790353,642859,0.0,1.0
2021-11-24,27.93,28.77,27.62,28.52,28.175457137384,1092709,0.0,1.0
2021-11-23,27.93,28.36,27.33,28.11,27.7704102430527,2007009,0.0,1.0
2021-11-22,29.37,29.94,27.14,28.15,27.8099270132314,1990400,0.0,1.0
2021-11-19,30.05,30.3,28.43,29.34,28.9855509260465,1713886,0.0,1.0
2021-11-18,31.41,31.6999,29.33,29.65,29.2918058949311,3207767,0.0,1.0
2021-11-17,29.0,30.98,28.82,29.51,29.1534971993058,3440249,0.0,1.0
2021-11-16,27.53,29.27,27.2,28.58,28.234732292652,4233059,0.0,1.0
2021-11-15,27.55,27.645,26.535,26.89,26.5651487526036,1748569,0.0,1.0
2021-11-12,27.64,28.09,27.22,27.6,27.2665714232748,1609090,0.0,1.0
2021-11-11,27.34,28.0,27.17,27.78,27.4443968890788,1097120,0.0,1.0
2021-11-10,26.61,27.54,26.61,27.23,26.9010412991222,909810,0.0,1.0
2021-11-09,27.55,27.79,26.7,27.0,26.6738198705949,790269,0.0,1.0
2021-11-08,26.61,28.2,26.58,27.47,27.1381419201942,1678067,0.0,1.0
2021-11-05,25.57,26.58,25.56,26.2,25.8834844670217,5276865,0.0,1.0
2021-11-04,24.96,25.75,24.88,25.34,25.0338739081806,1580238,0.0,1.0
2021-11-03,26.58,26.67,24.69,24.86,24.5596726660367,3188987,0.0,1.0
2021-11-02,26.28,27.19,26.28,26.5,26.1798602433617,941376,0.0,1.0
2021-11-01,26.8,27.23,25.543,26.45,26.1304642806384,2348763,0.0,1.0
2021-10-29,27.85,27.93,26.3,26.88,26.5552695600589,2449557,0.0,1.0
2021-10-28,27.0,28.31,26.7,27.98,27.6419807399721,1533938,0.0,1.0
2021-10-27,26.53,27.71,26.3262,27.13,26.8022493736756,1426164,0.0,1.0
2021-10-26,24.81,27.29,24.81,26.57,26.2490145911743,3659530,0.0,1.0
2021-10-25,24.27,25.16,23.77,24.86,24.5596726660367,1973310,0.0,1.0
2021-10-22,24.3,25.07,23.8,24.27,23.9768003059014,2357135,0.0,1.0
2021-10-21,24.82,25.06,24.29,24.64,24.342330430054,1553455,0.0,1.0
2021-10-20,24.95,25.11,24.33,24.82,24.520155895858,759398,0.0,1.0
2021-10-19,25.18,25.42,24.305,24.96,24.6584645914833,2019375,0.0,1.0
2021-10-18,24.68,25.32,24.38,25.31,25.0042363305466,1340593,0.0,1.0
2021-10-15,25.0,25.09,24.53,24.68,24.3818472002327,475482,0.0,1.0
2021-10-14,24.94,25.31,24.76,24.99,24.6881021691173,760315,0.0,1.0
2021-10-13,24.92,25.11,24.8,24.94,24.638706206394,715542,0.0,1.0
2021-10-12,25.02,25.08,24.22,24.92,24.6189478213046,1090598,0.0,1.0
2021-10-11,25.8,25.85,24.87,24.97,24.668343784028,908338,0.0,1.0
2021-10-08,26.3,26.98,25.66,25.78,25.4685583801458,459062,0.0,1.0
2021-10-07,25.55,26.37,25.49,26.31,25.992155585013,3507502,0.0,1.0
2021-10-06,26.42,26.7201,25.51,25.59,25.2808537217972,679009,0.0,1.0
2021-10-05,27.1,27.69,26.68,26.82,26.495994404791,600126,0.0,1.0
2021-10-04,29.08,29.106,26.57,27.09,26.7627326034969,920196,0.0,1.0
2021-10-01,28.49,29.15,28.07,29.02,28.6694167646172,546687,0.0,1.0
2021-09-30,28.86,28.97,28.31,28.67,28.3236450255539,791591,0.0,1.0
2021-09-29,28.55,29.08,27.84,28.98,28.6298999944385,1794407,0.0,1.0
2021-09-28,28.99,29.0,27.51,28.89,28.5409872615366,2065270,0.0,1.0
2021-09-27,27.01,27.45,26.05,27.31,26.9800748394795,718320,0.0,1.0
2021-09-24,26.33,27.33,26.33,27.22,26.8911621065775,676361,0.0,1.0
2021-09-23,26.85,27.3489,26.57,26.57,26.2490145911743,988545,0.0,1.0
2021-09-22,25.86,27.26,25.6,26.75,26.4268400569783,755053,0.0,1.0
2021-09-21,26.13,27.58,25.22,26.05,25.7352965788518,714700,0.0,1.0
2021-09-20,25.12,26.24,24.8,26.08,25.7649341564858,479358,0.0,1.0
2021-09-17,25.56,25.61,25.2,25.6,25.2907329143418,668846,0.0,1.0
2021-09-16,25.85,25.99,24.905,25.35,25.0437531007252,1539243,0.0,1.0
2021-09-15,26.45,26.74,25.44,25.87,25.5574711130478,3937597,0.0,1.0
2021-09-14,26.44,26.79,26.1801,26.65,26.3280481315316,924288,0.0,1.0
2021-09-13,27.21,27.4,26.29,26.65,26.3280481315316,740350,0.0,1.0
2021-09-10,27.19,27.29,26.65,27.23,26.9010412991222,902923,0.0,1.0
2021-09-09,27.0,27.64,26.66,27.25,26.9207996842115,1027582,0.0,1.0
2021-09-08,27.24,27.565,26.925,27.25,26.9207996842115,447057,0.0,1.0
2021-09-07,27.27,27.83,27.0,27.24,26.9109204916669,667892,0.0,1.0
2021-09-03,27.0,27.16,26.01,27.14,26.8121285662202,552348,0.0,1.0
2021-09-02,27.16,27.97,26.8002,27.0,26.6738198705949,674808,0.0,1.0
2021-09-01,26.29,27.42,26.23,27.25,26.9207996842115,1473339,0.0,1.0
2021-08-31,25.51,26.06,24.96,26.0,25.6859006161284,3007538,0.0,1.0
2021-08-30,25.03,26.02,24.73,25.53,25.2215785665292,944269,0.0,1.0
2021-08-27,24.86,25.33,24.6301,25.15,24.8461692498319,500614,0.0,1.0
2021-08-26,23.77,25.105,23.6114,24.82,24.520155895858,430197,0.0,1.0
2021-08-25,24.0,24.3165,22.78,23.81,23.5223574488469,1511207,0.0,1.0
2021-08-24,24.39,24.755,24.17,24.61,24.31269285242,853936,0.0,1.0
2021-08-23,24.99,25.36,24.145,24.21,23.9175251506334,389022,0.0,1.0
2021-08-20,24.63,25.12,24.41,24.99,24.6881021691173,453912,0.0,1.0
2021-08-19,24.31,24.87,23.24,24.44,24.1447465791607,556160,0.0,1.0
2021-08-18,25.39,25.41,24.06,24.5,24.2040217344287,815206,0.0,1.0
2021-08-17,23.76,26.0,23.72,24.91,24.60906862876,3291497,0.0,1.0
2021-08-16,23.38,23.59,22.78,23.09,22.811055585631,616509,0.0,1.0
2021-08-13,23.83,23.97,23.09,23.5,23.2161024799622,703812,0.0,1.0
2021-08-12,25.47,25.47,24.03,24.18,23.8878875729994,440276,0.0,1.0
2021-08-11,24.84,24.87,24.37,24.73,24.431243162956,351381,0.0,1.0
2021-08-10,25.23,25.3739,24.84,24.86,24.5596726660367,180417,0.0,1.0
2021-08-09,25.45,25.45,25.2175,25.32,25.0141155230912,175732,0.0,1.0
2021-08-06,25.51,25.8,25.1164,25.58,25.2709745292525,359603,0.0,1.0
2021-08-05,24.81,25.66,24.5021,25.63,25.3203704919758,441466,0.0,1.0
2021-08-04,24.11,24.8,23.87,24.75,24.4510015480453,318501,0.0,1.0
2021-08-03,25.5,25.57,23.94,24.38,24.0854714238927,1220308,0.0,1.0
2021-08-02,25.8,25.9,25.46,25.52,25.2116993739845,680021,0.0,1.0
2021-07-30,25.6,25.7239,25.43,25.65,25.3401288770652,451505,0.0,1.0
2021-07-29,25.52,26.12,25.52,25.6,25.2907329143418,165928,0.0,1.0
2021-07-28,25.65,25.98,25.5,25.61,25.3006121068865,315548,0.0,1.0
2021-07-27,25.43,25.78,25.17,25.71,25.3994040323332,323521,0.0,1.0
2021-07-26,25.52,25.79,25.2701,25.53,25.2215785665292,302576,0.0,1.0
2021-07-23,25.83,25.83,25.34,25.55,25.2413369516185,379355,0.0,1.0
2021-07-22,25.57,25.65,24.855,25.6,25.2907329143418,375112,0.0,1.0
2021-07-21,25.29,26.26,25.26,25.42,25.1129074485379,540804,0.0,1.0
2021-07-20,24.72,25.1399,24.64,25.07,24.7671357094746,613280,0.0,1.0
2021-07-19,24.4,24.78,23.33,24.68,24.3818472002327,585170,0.0,1.0
2021-07-16,24.82,25.56,24.49,24.84,24.5399142809473,693649,0.0,1.0
2021-07-15,22.96,25.2699,22.92,24.82,24.520155895858,1689830,0.0,1.0
2021-07-14,24.14,24.2,22.02,23.17,22.8900891259883,2202539,0.0,1.0
2021-07-13,25.23,25.38,24.07,24.1,23.8088540326421,701760,0.0,1.0
2021-07-12,26.65,26.65,25.3,25.64,25.3302496845205,452613,0.0,1.0
2021-07-09,26.94,26.94,26.12,26.73,26.407081671889,298649,0.0,1.0
2021-07-08,25.98,27.16,25.8,26.47,26.1502226657277,814564,0.0,1.0
2021-07-07,25.5,26.39,25.35,26.21,25.8933636595664,627008,0.0,1.0
2021-07-06,26.46,26.555,25.18,25.55,25.2413369516185,422483,0.0,1.0
2021-07-02,27.17,27.3151,26.34,26.65,26.3280481315316,641318,0.0,1.0
2021-07-01,27.5,27.64,26.82,27.21,26.8812829140329,665499,0.0,1.0
2021-06-30,26.9,27.87,26.64,27.71,27.3752425412661,518679,0.0,1.0
2021-06-29,27.03,27.24,26.58,26.93,26.6046655227823,392131,0.0,1.0
2021-06-28,27.62,28.515,26.84,27.08,26.7528534109522,653220,0.0,1.0
2021-06-25,27.05,27.77,26.77,27.69,27.3554841561768,638682,0.0,1.0
2021-06-24,27.47,27.62,27.02,27.15,26.8220077587649,537973,0.0,1.0
2021-06-23,26.34,27.19,26.34,27.15,26.8220077587649,439282,0.0,1.0
2021-06-22,26.91,27.0,26.11,26.34,26.021793162647,405486,0.0,1.0
2021-06-21,26.1,27.22,25.75,26.91,26.5849071376929,1460273,0.0,1.0
2021-06-18,26.75,27.03,25.9,26.14,25.8242093117537,888707,0.0,1.0
2021-06-17,27.78,27.861,26.6,27.05,26.7232158333182,698465,0.0,1.0
2021-06-16,27.35,27.9599,27.33,27.84,27.5036720443468,281107,0.0,1.0
2021-06-15,28.54,28.78,27.26,27.42,27.0887459574708,621721,0.0,1.0
2021-06-14,29.46,29.73,28.5801,28.93,28.5805040317152,417899,0.0,1.0
2021-06-11,29.88,29.97,28.56,29.77,29.4103562054671,545994,0.0,1.0
2021-06-10,29.12,29.87,29.01,29.66,29.3016850874758,303733,0.0,1.0
2021-06-09,29.51,30.25,29.0,29.12,28.7682086900639,530791,0.0,1.0
2021-06-08,27.51,29.85,27.1001,29.39,29.0349468887698,1079177,0.0,1.0
2021-06-07,28.89,29.05,27.545,27.9,27.5629471996147,839477,0.0,1.0
2021-06-04,29.43,29.61,28.8392,29.17,28.8176046527872,477019,0.0,1.0
2021-06-03,28.86,30.5,28.51,29.1,28.7484503049745,1678962,0.0,1.0
2021-06-02,29.12,29.95,28.82,29.39,29.0349468887698,2710289,0.0,1.0
2021-06-01,29.78,30.25,29.29,29.64,29.2819267023864,875503,0.0,1.0
2021-05-28,28.13,29.84,28.02,29.65,29.2918058949311,926318,0.0,1.0
2021-05-27,28.2,28.74,27.2201,28.5,28.1556987522946,1084009,0.0,1.0
2021-05-26,29.61,30.035,27.84,28.13,27.790168628142,764731,0.0,1.0
2021-05-25,28.82,29.62,28.57,29.6,29.2424099322078,384684,0.0,1.0
2021-05-24,29.69,29.96,28.65,28.83,28.4817121062686,603262,0.0,1.0
2021-05-21,30.18,30.34,29.8,29.97,29.6079400563604,311277,0.0,1.0
2021-05-20,30.04,30.6,29.53,30.18,29.8154030997983,501830,0.0,1.0
2021-05-19,29.0,30.0417,28.34,29.96,29.5980608638157,708326,0.0,1.0
2021-05-18,30.96,31.88,29.29,29.38,29.0250676962251,1087857,0.0,1.0
2021-05-17,31.57,32.3,31.5,31.64,31.2577652113194,484599,0.0,1.0
2021-05-14,30.5,33.1999,30.3269,31.95,31.564020180204,859091,0.0,1.0
2021-05-13,30.2,30.7348,29.23,30.56,30.1908124164956,611381,0.0,1.0
2021-05-12,30.98,31.5,30.0,30.0,29.6375776339944,606284,0.0,1.0
2021-05-11,28.0,31.22,27.85,30.77,30.3982754599335,1718382,0.0,1.0
2021-05-10,31.25,31.3865,27.7604,29.16,28.8077254602425,1704222,0.0,1.0
2021-05-07,28.69,32.4,28.525,31.61,31.2281276336854,3005950,0.0,1.0
2021-05-06,28.0,29.3,26.6401,28.69,28.3434034106433,3093150,0.0,1.0
2021-05-05,30.0,30.0,27.77,27.95,27.6123431623381,1482715,0.0,1.0
2021-05-04,29.8,32.58,28.5,29.99,29.6276984414497,3344592,0.0,1.0
2021-05-03,29.34,32.45,28.05,30.81,30.4377922301122,7950467,0.0,1.0
2021-04-30,25.15,28.7599,25.0,27.56,27.2270546530961,8878696,0.0,1.0
2021-04-29,27.0,28.47,23.25,25.2,24.8955652125553,15962510,0.0,1.0
2021-04-28,24.0,24.0,24.0,24.0,23.7100621071955,100,0.0,1.0
