,PAY_Open,PAY_High,PAY_Low,PAY_Close,PAY_Adj Close,PAY_Volume,PAY_Dividend Amount,PAY_Split Coefficient
2024-10-07,20.6,20.7699,20.26,20.58,20.58,112938,0.0,1.0
2024-10-04,20.21,21.07,20.05,20.8,20.8,259960,0.0,1.0
2024-10-03,19.9,20.085,19.53,19.82,19.82,118277,0.0,1.0
2024-10-02,20.73,20.8,19.59,19.89,19.89,198866,0.0,1.0
2024-10-01,20.2,21.3799,19.97,20.82,20.82,382515,0.0,1.0
2024-09-30,19.82,20.109,19.718578,20.02,20.02,352198,0.0,1.0
2024-09-27,20.25,20.485,19.94,20.01,20.01,154973,0.0,1.0
2024-09-26,21.44,21.445,19.91,20.09,20.09,226122,0.0,1.0
2024-09-25,21.67,21.9,21.09,21.18,21.18,147054,0.0,1.0
2024-09-24,22.5,22.5491,21.76,21.82,21.82,148476,0.0,1.0
2024-09-23,21.99,22.21,21.84,22.05,22.05,107175,0.0,1.0
2024-09-20,22.12,22.12,21.76,21.92,21.92,245575,0.0,1.0
2024-09-19,22.2,22.65,21.71,22.21,22.21,226573,0.0,1.0
2024-09-18,21.9,22.1156,21.35,21.47,21.47,271089,0.0,1.0
2024-09-17,21.74,22.19,21.55,21.82,21.82,186098,0.0,1.0
2024-09-16,21.33,21.83,21.08,21.58,21.58,208132,0.0,1.0
2024-09-13,20.89,21.55,20.7101,21.35,21.35,257924,0.0,1.0
2024-09-12,20.9,20.99,20.31,20.72,20.72,242607,0.0,1.0
2024-09-11,20.84,21.0,20.68,20.82,20.82,152530,0.0,1.0
2024-09-10,20.63,21.11,20.48,21.08,21.08,147722,0.0,1.0
2024-09-09,20.31,20.65,20.23,20.54,20.54,242635,0.0,1.0
2024-09-06,21.25,21.29,20.1,20.13,20.13,144642,0.0,1.0
2024-09-05,21.535,21.63,21.21,21.23,21.23,96279,0.0,1.0
2024-09-04,21.35,22.02,21.26,21.54,21.54,109347,0.0,1.0
2024-09-03,22.49,22.72,21.29,21.41,21.41,132321,0.0,1.0
2024-08-30,22.39,22.77,22.25,22.73,22.73,94888,0.0,1.0
2024-08-29,22.42,22.775,22.2381,22.26,22.26,76520,0.0,1.0
2024-08-28,22.61,22.77,22.2,22.24,22.24,98905,0.0,1.0
2024-08-27,22.7,23.02,22.15,22.77,22.77,160915,0.0,1.0
2024-08-26,23.09,23.569,22.75,22.97,22.97,262412,0.0,1.0
2024-08-23,22.51,23.08,22.51,23.06,23.06,203949,0.0,1.0
2024-08-22,22.72,22.96,22.42,22.5,22.5,72029,0.0,1.0
2024-08-21,23.19,23.225,22.68,22.81,22.81,94980,0.0,1.0
2024-08-20,22.91,23.465,22.91,23.19,23.19,143794,0.0,1.0
2024-08-19,23.53,23.68,22.9,22.91,22.91,112493,0.0,1.0
2024-08-16,23.05,23.77,23.05,23.64,23.64,176530,0.0,1.0
2024-08-15,23.05,23.4,22.99,23.17,23.17,118223,0.0,1.0
2024-08-14,22.73,22.76,22.16,22.43,22.43,189698,0.0,1.0
2024-08-13,22.83,23.36,22.63,22.7,22.7,331154,0.0,1.0
2024-08-12,22.3,22.74,21.7148,22.57,22.57,267428,0.0,1.0
2024-08-09,22.32,22.5,21.3135,22.22,22.22,352246,0.0,1.0
2024-08-08,18.9,19.52,18.84,19.51,19.51,156729,0.0,1.0
2024-08-07,19.12,19.65,18.795,18.85,18.85,86292,0.0,1.0
2024-08-06,18.48,19.1,18.22,18.8,18.8,91916,0.0,1.0
2024-08-05,18.08,18.63,17.7,18.41,18.41,135427,0.0,1.0
2024-08-02,19.73,19.73,19.02,19.18,19.18,188323,0.0,1.0
2024-08-01,21.03,21.24,20.382,20.5,20.5,169062,0.0,1.0
2024-07-31,21.46,21.58,21.06,21.15,21.15,141388,0.0,1.0
2024-07-30,21.6,21.9,21.25,21.35,21.35,209226,0.0,1.0
2024-07-29,21.45,21.55,20.98,21.36,21.36,229433,0.0,1.0
2024-07-26,20.63,21.42,20.48,21.3,21.3,191304,0.0,1.0
2024-07-25,19.98,20.72,19.81,20.31,20.31,81483,0.0,1.0
2024-07-24,20.17,20.41,19.92,19.94,19.94,85639,0.0,1.0
2024-07-23,20.21,20.48,20.21,20.33,20.33,50180,0.0,1.0
2024-07-22,20.07,20.31,19.565,20.28,20.28,79212,0.0,1.0
2024-07-19,19.55,19.89,19.5421,19.89,19.89,85822,0.0,1.0
2024-07-18,20.31,20.43,19.46,19.54,19.54,89313,0.0,1.0
2024-07-17,20.45,20.805,20.25,20.3,20.3,122793,0.0,1.0
2024-07-16,20.25,20.9803,20.12,20.65,20.65,231041,0.0,1.0
2024-07-15,19.65,20.24,19.4018,20.15,20.15,144084,0.0,1.0
2024-07-12,19.38,19.69,19.37,19.45,19.45,110377,0.0,1.0
2024-07-11,19.18,19.88,19.0201,19.38,19.38,127653,0.0,1.0
2024-07-10,19.19,19.375,18.81,19.09,19.09,172018,0.0,1.0
2024-07-09,19.27,19.285,18.42,18.48,18.48,180067,0.0,1.0
2024-07-08,19.23,19.23,18.685,19.12,19.12,157007,0.0,1.0
2024-07-05,19.13,19.36,18.8625,19.18,19.18,177308,0.0,1.0
2024-07-03,19.43,19.43,19.0,19.22,19.22,251890,0.0,1.0
2024-07-02,19.12,19.81,18.9,19.43,19.43,264077,0.0,1.0
2024-07-01,19.13,19.2499,18.82,19.13,19.13,197397,0.0,1.0
2024-06-28,18.54,19.2,18.47,19.0,19.0,491437,0.0,1.0
2024-06-27,17.76,18.41,17.6002,18.36,18.36,191182,0.0,1.0
2024-06-26,17.95,17.96,17.53,17.73,17.73,185496,0.0,1.0
2024-06-25,17.63,17.815,17.3834,17.76,17.76,196885,0.0,1.0
2024-06-24,18.58,18.615,16.94,17.64,17.64,447750,0.0,1.0
2024-06-21,19.28,19.28,18.64,18.71,18.71,613573,0.0,1.0
2024-06-20,19.34,19.5996,19.295,19.39,19.39,112063,0.0,1.0
2024-06-18,19.53,19.93,19.33,19.33,19.33,149233,0.0,1.0
2024-06-17,18.91,19.75,18.9,19.65,19.65,170160,0.0,1.0
2024-06-14,19.05,19.115,18.75,18.93,18.93,152176,0.0,1.0
2024-06-13,19.49,19.54,19.11,19.19,19.19,182214,0.0,1.0
2024-06-12,19.86,20.1,19.44,19.45,19.45,112411,0.0,1.0
2024-06-11,19.62,19.82,19.425,19.57,19.57,112213,0.0,1.0
2024-06-10,19.41,19.67,19.11,19.64,19.64,194164,0.0,1.0
2024-06-07,19.5,19.63,19.29,19.5,19.5,104241,0.0,1.0
2024-06-06,19.27,19.8223,19.27,19.67,19.67,113946,0.0,1.0
2024-06-05,18.55,19.28,18.55,19.27,19.27,215995,0.0,1.0
2024-06-04,18.51,18.64,18.2,18.29,18.29,162755,0.0,1.0
2024-06-03,18.83,18.83,18.35,18.6,18.6,213902,0.0,1.0
2024-05-31,18.9,18.97,18.53,18.71,18.71,191459,0.0,1.0
2024-05-30,19.12,19.19,18.705,18.73,18.73,136291,0.0,1.0
2024-05-29,18.92,19.15,18.81,19.06,19.06,87696,0.0,1.0
2024-05-28,19.07,19.19,18.74,19.11,19.11,182801,0.0,1.0
2024-05-24,18.73,19.12,18.5905,19.07,19.07,147839,0.0,1.0
2024-05-23,18.81,18.92,18.5,18.72,18.72,128264,0.0,1.0
2024-05-22,18.53,18.74,18.4401,18.63,18.63,178499,0.0,1.0
2024-05-21,18.74,18.74,18.4,18.56,18.56,91951,0.0,1.0
2024-05-20,18.81,18.8224,18.49,18.61,18.61,149791,0.0,1.0
2024-05-17,18.8,18.95,18.4,18.79,18.79,219724,0.0,1.0
2024-05-16,19.06,19.06,18.73,18.76,18.76,177427,0.0,1.0
2024-05-15,18.74,19.38,18.56,19.1,19.1,219418,0.0,1.0
2024-05-14,18.79,19.0,18.515,18.52,18.52,188903,0.0,1.0
2024-05-13,18.89,19.09,18.36,18.54,18.54,336489,0.0,1.0
2024-05-10,19.48,19.5,18.75,18.75,18.75,252151,0.0,1.0
2024-05-09,19.27,19.485,18.76,19.32,19.32,285869,0.0,1.0
2024-05-08,19.11,19.469,18.73,19.36,19.36,425712,0.0,1.0
2024-05-07,20.9,21.22,17.93,19.21,19.21,1485543,0.0,1.0
2024-05-06,21.2,22.218,21.2,22.2,22.2,546358,0.0,1.0
2024-05-03,21.42,21.6807,20.75,21.02,21.02,311174,0.0,1.0
2024-05-02,20.78,21.23,20.275,21.02,21.02,319765,0.0,1.0
2024-05-01,20.45,20.91,20.05,20.47,20.47,287774,0.0,1.0
2024-04-30,20.47,20.5845,20.155,20.41,20.41,149770,0.0,1.0
2024-04-29,20.72,20.9699,20.4848,20.58,20.58,234993,0.0,1.0
2024-04-26,20.32,21.0,20.21,20.78,20.78,218411,0.0,1.0
2024-04-25,20.24,20.3,19.61,20.1,20.1,148304,0.0,1.0
2024-04-24,20.23,20.66,20.11,20.62,20.62,332803,0.0,1.0
2024-04-23,19.42,20.18,19.3,20.18,20.18,220664,0.0,1.0
2024-04-22,19.48,19.64,19.07,19.36,19.36,166792,0.0,1.0
2024-04-19,19.49,19.68,19.25,19.31,19.31,169893,0.0,1.0
2024-04-18,19.16,19.89,19.03,19.58,19.58,235278,0.0,1.0
2024-04-17,19.56,19.56,19.05,19.08,19.08,162996,0.0,1.0
2024-04-16,19.24,19.62,18.9314,19.41,19.41,169622,0.0,1.0
2024-04-15,20.27,20.46,19.18,19.24,19.24,168802,0.0,1.0
2024-04-12,20.68,20.68,19.84,20.12,20.12,245134,0.0,1.0
2024-04-11,20.95,20.99,20.35,20.74,20.74,216357,0.0,1.0
2024-04-10,21.0,21.175,20.5,20.88,20.88,322100,0.0,1.0
2024-04-09,21.29,21.71,21.23,21.41,21.41,258770,0.0,1.0
2024-04-08,21.21,21.64,20.95,21.27,21.27,469892,0.0,1.0
2024-04-05,20.58,20.74,20.0713,20.68,20.68,348408,0.0,1.0
2024-04-04,21.52,21.6325,20.5,20.55,20.55,538471,0.0,1.0
2024-04-03,21.74,21.81,21.175,21.28,21.28,458012,0.0,1.0
2024-04-02,22.0,22.0,21.4402,21.87,21.87,396507,0.0,1.0
2024-04-01,22.9,23.17,22.08,22.09,22.09,249157,0.0,1.0
2024-03-28,22.53,22.84,22.46,22.75,22.75,230046,0.0,1.0
2024-03-27,23.19,23.19,22.0,22.48,22.48,404265,0.0,1.0
2024-03-26,23.75,23.84,22.71,23.08,23.08,383801,0.0,1.0
2024-03-25,23.64,25.21,23.5,23.82,23.82,670876,0.0,1.0
2024-03-22,23.9,24.099,23.34,23.64,23.64,168172,0.0,1.0
2024-03-21,24.1,24.1899,23.5402,23.9,23.9,320717,0.0,1.0
2024-03-20,22.4,24.39,22.4,24.13,24.13,617362,0.0,1.0
2024-03-19,22.2,22.5929,21.83,22.39,22.39,359776,0.0,1.0
2024-03-18,23.25,23.319,22.25,22.37,22.37,404073,0.0,1.0
2024-03-15,23.12,23.7468,22.82,23.16,23.16,537792,0.0,1.0
2024-03-14,24.37,24.78,22.9,23.48,23.48,885777,0.0,1.0
2024-03-13,24.2,24.99,23.51,24.87,24.87,845308,0.0,1.0
2024-03-12,21.3,24.0,20.66,23.93,23.93,1432248,0.0,1.0
2024-03-11,19.29,21.07,19.21,20.82,20.82,859624,0.0,1.0
2024-03-08,18.51,19.24,18.41,19.21,19.21,379978,0.0,1.0
2024-03-07,19.18,19.5184,18.14,18.45,18.45,410618,0.0,1.0
2024-03-06,20.18,20.24,18.39,19.09,19.09,932994,0.0,1.0
2024-03-05,19.46,21.02,18.8,19.65,19.65,2500467,0.0,1.0
2024-03-04,16.67,16.95,15.85,16.35,16.35,1092398,0.0,1.0
2024-03-01,15.61,16.0685,15.46,15.82,15.82,148786,0.0,1.0
2024-02-29,15.81,15.96,15.46,15.56,15.56,82878,0.0,1.0
2024-02-28,15.15,15.76,15.15,15.57,15.57,103397,0.0,1.0
2024-02-27,15.3,15.37,15.08,15.19,15.19,205803,0.0,1.0
2024-02-26,15.29,15.5699,15.08,15.21,15.21,86178,0.0,1.0
2024-02-23,14.98,15.35,14.945,15.32,15.32,90872,0.0,1.0
2024-02-22,15.28,15.42,14.77,14.9,14.9,192490,0.0,1.0
2024-02-21,15.38,15.38,15.06,15.13,15.13,88153,0.0,1.0
2024-02-20,15.7,15.7,15.44,15.51,15.51,96179,0.0,1.0
2024-02-16,15.74,16.02,15.67,15.88,15.88,112816,0.0,1.0
2024-02-15,16.45,16.49,15.91,16.02,16.02,101152,0.0,1.0
2024-02-14,16.22,16.47,16.15,16.35,16.35,56598,0.0,1.0
2024-02-13,16.18,16.37,15.94,16.01,16.01,68465,0.0,1.0
2024-02-12,16.4,16.9,16.4,16.78,16.78,98435,0.0,1.0
2024-02-09,15.95,16.39,15.81,16.39,16.39,98593,0.0,1.0
2024-02-08,15.8,16.08,15.72,15.83,15.83,73514,0.0,1.0
2024-02-07,15.61,15.825,15.45,15.8,15.8,80196,0.0,1.0
2024-02-06,15.72,15.81,15.485,15.63,15.63,62724,0.0,1.0
2024-02-05,15.89,15.89,15.58,15.69,15.69,86918,0.0,1.0
2024-02-02,16.05,16.08,15.85,16.03,16.03,54314,0.0,1.0
2024-02-01,15.94,16.28,15.855,16.2,16.2,86225,0.0,1.0
2024-01-31,15.74,16.25,15.74,15.86,15.86,132734,0.0,1.0
2024-01-30,16.27,16.28,15.69,15.79,15.79,406721,0.0,1.0
2024-01-29,15.87,16.29,15.87,16.27,16.27,104023,0.0,1.0
2024-01-26,15.93,16.28,15.93,16.18,16.18,69865,0.0,1.0
2024-01-25,16.03,16.11,15.77,15.93,15.93,88176,0.0,1.0
2024-01-24,16.82,16.82,15.49,15.83,15.83,211022,0.0,1.0
2024-01-23,16.78,16.88,16.5,16.59,16.59,65597,0.0,1.0
2024-01-22,16.38,17.0,16.38,16.69,16.69,103859,0.0,1.0
2024-01-19,16.55,16.55,15.97,16.34,16.34,219787,0.0,1.0
2024-01-18,16.68,16.82,16.37,16.41,16.41,56524,0.0,1.0
2024-01-17,16.62,16.64,16.04,16.56,16.56,109013,0.0,1.0
2024-01-16,17.27,17.28,16.78,16.93,16.93,92524,0.0,1.0
2024-01-12,17.78,18.3,17.4,17.58,17.58,97833,0.0,1.0
2024-01-11,17.78,17.88,17.34,17.62,17.62,47463,0.0,1.0
2024-01-10,17.9,17.95,17.595,17.76,17.76,116241,0.0,1.0
2024-01-09,17.22,18.105,17.21,17.83,17.83,139135,0.0,1.0
2024-01-08,16.88,17.57,16.88,17.52,17.52,111727,0.0,1.0
2024-01-05,16.71,17.045,16.7,16.86,16.86,87064,0.0,1.0
2024-01-04,16.87,17.1,16.69,16.8,16.8,94000,0.0,1.0
2024-01-03,17.25,17.48,16.8,16.87,16.87,103491,0.0,1.0
2024-01-02,17.69,17.69,17.0,17.51,17.51,166068,0.0,1.0
2023-12-29,18.19,18.3,17.83,17.87,17.87,69755,0.0,1.0
2023-12-28,18.28,18.368,18.04,18.2,18.2,77178,0.0,1.0
2023-12-27,18.31,18.525,17.78,18.49,18.49,118220,0.0,1.0
2023-12-26,18.17,18.79,18.11,18.18,18.18,123345,0.0,1.0
2023-12-22,18.16,18.2329,17.8,18.11,18.11,70928,0.0,1.0
2023-12-21,17.9,18.23,17.675,18.07,18.07,103156,0.0,1.0
2023-12-20,18.0,18.14,17.55,17.71,17.71,145642,0.0,1.0
2023-12-19,17.89,18.31,17.67,18.11,18.11,165455,0.0,1.0
2023-12-18,17.8,17.95,17.29,17.75,17.75,191052,0.0,1.0
2023-12-15,17.15,17.73,16.6,17.73,17.73,759339,0.0,1.0
2023-12-14,17.35,17.6521,16.7534,17.07,17.07,158447,0.0,1.0
2023-12-13,16.78,17.23,16.54,17.11,17.11,129359,0.0,1.0
2023-12-12,16.82,16.935,16.52,16.81,16.81,141919,0.0,1.0
2023-12-11,16.91,17.3599,16.73,16.81,16.81,135593,0.0,1.0
2023-12-08,16.87,17.09,16.0,16.9,16.9,240629,0.0,1.0
2023-12-07,17.71,17.71,17.01,17.07,17.07,207175,0.0,1.0
2023-12-06,18.5,18.5,17.68,17.75,17.75,122560,0.0,1.0
2023-12-05,18.35,18.78,18.1,18.39,18.39,180237,0.0,1.0
2023-12-04,17.65,18.35,17.35,18.31,18.31,265853,0.0,1.0
2023-12-01,17.3,18.0,17.3,17.66,17.66,363939,0.0,1.0
2023-11-30,16.89,17.59,16.89,17.27,17.27,261628,0.0,1.0
2023-11-29,16.64,17.74,16.6,16.86,16.86,406418,0.0,1.0
2023-11-28,16.4,16.73,16.26,16.36,16.36,151772,0.0,1.0
2023-11-27,16.8,16.93,16.16,16.38,16.38,142041,0.0,1.0
2023-11-24,16.09,16.86,16.01,16.78,16.78,68772,0.0,1.0
2023-11-22,16.36,16.37,16.0,16.01,16.01,178398,0.0,1.0
2023-11-21,16.75,16.76,15.885,16.13,16.13,185199,0.0,1.0
2023-11-20,16.74,16.99,16.6,16.82,16.82,126635,0.0,1.0
2023-11-17,16.7,16.815,16.55,16.65,16.65,45297,0.0,1.0
2023-11-16,16.62,17.15,16.195,16.59,16.59,153418,0.0,1.0
2023-11-15,16.79,17.03,16.52,16.67,16.67,76971,0.0,1.0
2023-11-14,16.46,17.0686,16.265,16.8,16.8,159069,0.0,1.0
2023-11-13,16.27,16.3,15.79,16.03,16.03,167446,0.0,1.0
2023-11-10,15.51,16.35,15.36,16.27,16.27,137136,0.0,1.0
2023-11-09,16.21,16.225,15.5,15.51,15.51,93931,0.0,1.0
2023-11-08,16.2,16.5,15.955,16.23,16.23,153131,0.0,1.0
2023-11-07,16.11,16.59,15.77,16.14,16.14,285241,0.0,1.0
2023-11-06,15.6,15.7364,15.0,15.09,15.09,98537,0.0,1.0
2023-11-03,15.2,15.54,15.2,15.49,15.49,84545,0.0,1.0
2023-11-02,14.85,15.3,14.81,15.02,15.02,174036,0.0,1.0
2023-11-01,14.56,14.72,14.33,14.57,14.57,52519,0.0,1.0
2023-10-31,14.64,14.82,14.24,14.56,14.56,82445,0.0,1.0
2023-10-30,14.32,14.8,14.17,14.72,14.72,69544,0.0,1.0
2023-10-27,14.77,14.77,14.19,14.29,14.29,29991,0.0,1.0
2023-10-26,14.62,15.12,14.57,14.61,14.61,33636,0.0,1.0
2023-10-25,14.89,15.235,14.45,14.56,14.56,35088,0.0,1.0
2023-10-24,14.87,15.14,14.8,15.08,15.08,89823,0.0,1.0
2023-10-23,14.72,14.87,14.4901,14.68,14.68,59999,0.0,1.0
2023-10-20,14.89,15.04,14.62,14.85,14.85,61018,0.0,1.0
2023-10-19,15.73,15.74,14.86,14.93,14.93,52917,0.0,1.0
2023-10-18,15.52,15.8,15.37,15.71,15.71,78904,0.0,1.0
2023-10-17,15.74,15.96,15.64,15.68,15.68,188226,0.0,1.0
2023-10-16,16.09,16.09,15.625,15.92,15.92,95892,0.0,1.0
2023-10-13,15.46,15.93,15.33,15.82,15.82,136805,0.0,1.0
2023-10-12,15.84,15.84,14.91,15.38,15.38,94966,0.0,1.0
2023-10-11,15.87,16.17,15.64,15.8,15.8,128142,0.0,1.0
2023-10-10,15.68,15.97,15.45,15.76,15.76,64028,0.0,1.0
2023-10-09,14.93,15.73,14.9,15.59,15.59,63003,0.0,1.0
2023-10-06,14.67,15.15,14.67,15.03,15.03,34700,0.0,1.0
2023-10-05,14.86,15.08,14.48,14.86,14.86,86763,0.0,1.0
2023-10-04,14.8,15.43,14.8,15.34,15.34,49305,0.0,1.0
2023-10-03,16.23,16.23,14.98,14.98,14.98,74269,0.0,1.0
2023-10-02,16.54,16.68,16.15,16.31,16.31,107523,0.0,1.0
2023-09-29,16.51,16.9599,16.49,16.6,16.6,236920,0.0,1.0
2023-09-28,16.37,16.5605,16.15,16.32,16.32,61400,0.0,1.0
2023-09-27,16.42,16.78,16.3,16.35,16.35,106051,0.0,1.0
2023-09-26,16.53,17.24,16.045,16.16,16.16,100620,0.0,1.0
2023-09-25,15.55,16.5808,15.55,16.53,16.53,171943,0.0,1.0
2023-09-22,15.62,15.8901,15.47,15.65,15.65,62276,0.0,1.0
2023-09-21,15.64,15.88,15.31,15.55,15.55,64247,0.0,1.0
2023-09-20,16.02,16.2154,15.75,15.84,15.84,124997,0.0,1.0
2023-09-19,15.74,15.95,15.64,15.93,15.93,127011,0.0,1.0
2023-09-18,15.7,15.78,15.21,15.69,15.69,178137,0.0,1.0
2023-09-15,15.63,16.225,15.63,16.14,16.14,90784,0.0,1.0
2023-09-14,15.84,15.98,15.65,15.86,15.86,44268,0.0,1.0
2023-09-13,15.84,16.08,15.405,15.66,15.66,108946,0.0,1.0
2023-09-12,15.79,15.95,15.56,15.81,15.81,109128,0.0,1.0
2023-09-11,15.19,15.82,15.0473,15.82,15.82,86277,0.0,1.0
2023-09-08,15.02,15.12,14.6,14.8,14.8,71941,0.0,1.0
2023-09-07,15.84,15.88,15.045,15.1,15.1,61643,0.0,1.0
2023-09-06,15.83,16.13,15.605,15.96,15.96,85343,0.0,1.0
2023-09-05,15.26,15.882,15.02,15.8,15.8,126306,0.0,1.0
2023-09-01,15.19,15.35,14.8,15.34,15.34,96879,0.0,1.0
2023-08-31,14.99,15.06,14.74,15.06,15.06,136351,0.0,1.0
2023-08-30,14.79,15.0,14.735,14.96,14.96,151879,0.0,1.0
2023-08-29,14.46,14.92,14.08,14.79,14.79,156332,0.0,1.0
2023-08-28,13.91,14.58,13.64,14.46,14.46,106796,0.0,1.0
2023-08-25,13.7,14.17,13.32,13.83,13.83,74171,0.0,1.0
2023-08-24,14.03,14.04,13.41,13.68,13.68,56856,0.0,1.0
2023-08-23,14.06,14.2,13.765,14.07,14.07,61491,0.0,1.0
2023-08-22,13.88,14.3,13.58,14.1,14.1,46212,0.0,1.0
2023-08-21,13.83,13.95,13.16,13.69,13.69,53869,0.0,1.0
2023-08-18,13.36,14.0,13.36,13.98,13.98,33351,0.0,1.0
2023-08-17,13.29,13.83,13.09,13.54,13.54,71873,0.0,1.0
2023-08-16,13.61,14.0354,13.15,13.25,13.25,99967,0.0,1.0
2023-08-15,13.25,14.04,13.15,13.64,13.64,103245,0.0,1.0
2023-08-14,14.69,14.84,12.98,13.61,13.61,178216,0.0,1.0
2023-08-11,14.27,14.7116,13.9856,14.61,14.61,48238,0.0,1.0
2023-08-10,15.15,15.29,14.19,14.36,14.36,101119,0.0,1.0
2023-08-09,14.0,15.39,13.81,14.99,14.99,265811,0.0,1.0
2023-08-08,12.93,15.0499,12.75,14.04,14.04,887248,0.0,1.0
2023-08-07,11.06,11.1,10.5052,10.7,10.7,58926,0.0,1.0
2023-08-04,11.0801,11.17,10.85,11.02,11.02,40657,0.0,1.0
2023-08-03,10.69,11.1,10.4975,11.05,11.05,51838,0.0,1.0
2023-08-02,10.9,10.97,10.45,10.8,10.8,63381,0.0,1.0
2023-08-01,11.21,11.4,10.66,10.99,10.99,59615,0.0,1.0
2023-07-31,11.0,11.4,10.97,11.29,11.29,25248,0.0,1.0
2023-07-28,11.19,11.22,10.64,10.85,10.85,63066,0.0,1.0
2023-07-27,11.13,11.13,10.83,11.01,11.01,40208,0.0,1.0
2023-07-26,10.57,11.09,10.4006,10.99,10.99,67414,0.0,1.0
2023-07-25,10.69,10.71,10.23,10.59,10.59,51427,0.0,1.0
2023-07-24,10.8,10.88,10.51,10.63,10.63,11588,0.0,1.0
2023-07-21,11.02,11.02,10.6,10.77,10.77,16168,0.0,1.0
2023-07-20,10.91,11.09,10.84,10.93,10.93,25731,0.0,1.0
2023-07-19,10.9,11.42,10.71,10.92,10.92,23018,0.0,1.0
2023-07-18,10.78,10.95,10.72,10.84,10.84,13649,0.0,1.0
2023-07-17,10.77,11.01,10.52,10.76,10.76,23264,0.0,1.0
2023-07-14,10.85,10.85,10.63,10.79,10.79,46959,0.0,1.0
2023-07-13,10.22,10.85,10.18,10.75,10.75,53165,0.0,1.0
2023-07-12,10.16,10.21,9.95,10.12,10.12,29211,0.0,1.0
2023-07-11,10.0,10.18,9.86,9.92,9.92,23386,0.0,1.0
2023-07-10,9.95,10.22,9.89,9.95,9.95,19706,0.0,1.0
2023-07-07,9.7,10.09,9.7,9.93,9.93,21357,0.0,1.0
2023-07-06,9.78,9.9083,9.6,9.68,9.68,48982,0.0,1.0
2023-07-05,10.25,10.29,9.93,9.96,9.96,62392,0.0,1.0
2023-07-03,10.64,10.7268,10.4,10.42,10.42,16553,0.0,1.0
2023-06-30,10.43,10.68,10.3287,10.56,10.56,36177,0.0,1.0
2023-06-29,10.43,10.695,10.39,10.39,10.39,33119,0.0,1.0
2023-06-28,10.48,10.493,10.31,10.4,10.4,37418,0.0,1.0
2023-06-27,10.34,10.725,10.12,10.5,10.5,69468,0.0,1.0
2023-06-26,10.55,10.74,10.29,10.34,10.34,67112,0.0,1.0
2023-06-23,10.79,10.97,10.405,10.48,10.48,133375,0.0,1.0
2023-06-22,11.1,11.47,10.86,11.0,11.0,84010,0.0,1.0
2023-06-21,10.98,11.3697,10.91,11.24,11.24,130258,0.0,1.0
2023-06-20,10.49,11.24,10.49,11.19,11.19,154384,0.0,1.0
2023-06-16,10.26,10.55,10.03,10.53,10.53,271404,0.0,1.0
2023-06-15,10.43,10.595,10.0,10.19,10.19,65509,0.0,1.0
2023-06-14,10.19,10.48,10.08,10.42,10.42,67836,0.0,1.0
2023-06-13,10.04,10.32,10.0,10.22,10.22,60523,0.0,1.0
2023-06-12,9.99,10.22,9.9,10.0,10.0,70486,0.0,1.0
2023-06-09,9.87,10.11,9.8,10.01,10.01,46034,0.0,1.0
2023-06-08,10.03,10.12,9.76,9.9,9.9,69703,0.0,1.0
2023-06-07,10.0,10.2258,9.85,10.12,10.12,99965,0.0,1.0
2023-06-06,9.53,10.14,9.53,9.85,9.85,28241,0.0,1.0
2023-06-05,10.53,10.59,9.33,9.61,9.61,68253,0.0,1.0
2023-06-02,10.25,10.58,10.1271,10.43,10.43,82537,0.0,1.0
2023-06-01,9.46,10.21,9.45,10.09,10.09,108139,0.0,1.0
2023-05-31,9.32,9.635,9.015,9.4,9.4,362025,0.0,1.0
2023-05-30,9.78,9.81,8.86,9.38,9.38,98797,0.0,1.0
2023-05-26,9.79,9.9442,9.71,9.71,9.71,76013,0.0,1.0
2023-05-25,10.1,10.1,9.67,9.81,9.81,83884,0.0,1.0
2023-05-24,9.79,10.07,9.76,10.01,10.01,146304,0.0,1.0
2023-05-23,9.91,10.0683,9.88,9.97,9.97,41816,0.0,1.0
2023-05-22,9.78,10.035,9.63,9.94,9.94,81735,0.0,1.0
2023-05-19,9.72,10.12,9.63,9.91,9.91,36284,0.0,1.0
2023-05-18,9.36,9.695,9.36,9.58,9.58,38238,0.0,1.0
2023-05-17,9.23,9.48,9.1385,9.41,9.41,32541,0.0,1.0
2023-05-16,9.27,9.63,9.075,9.1,9.1,101894,0.0,1.0
2023-05-15,9.07,9.28,9.0,9.21,9.21,36959,0.0,1.0
2023-05-12,9.27,9.285,8.98,9.0,9.0,31580,0.0,1.0
2023-05-11,9.19,9.4685,8.9415,9.2,9.2,53012,0.0,1.0
2023-05-10,9.2,9.5,9.14,9.28,9.28,82274,0.0,1.0
2023-05-09,8.61,9.31,8.61,9.06,9.06,251576,0.0,1.0
2023-05-08,8.38,8.38,7.94,8.04,8.04,110801,0.0,1.0
2023-05-05,8.07,8.49,8.07,8.18,8.18,42751,0.0,1.0
2023-05-04,7.92,8.05,7.755,7.91,7.91,53780,0.0,1.0
2023-05-03,8.14,8.2,7.855,7.95,7.95,41082,0.0,1.0
2023-05-02,8.22,8.33,7.9,8.09,8.09,75806,0.0,1.0
2023-05-01,8.23,8.55,8.195,8.36,8.36,52960,0.0,1.0
2023-04-28,8.16,8.36,8.03,8.23,8.23,32304,0.0,1.0
2023-04-27,8.0,8.14,7.96,8.14,8.14,22823,0.0,1.0
2023-04-26,8.12,8.36,7.82,7.92,7.92,48901,0.0,1.0
2023-04-25,7.98,8.23,7.98,8.1,8.1,75651,0.0,1.0
2023-04-24,8.24,8.24,8.01,8.11,8.11,21805,0.0,1.0
2023-04-21,8.19,8.255,8.025,8.18,8.18,52669,0.0,1.0
2023-04-20,8.02,8.25,7.81,8.18,8.18,36338,0.0,1.0
2023-04-19,8.68,8.68,8.22,8.29,8.29,20270,0.0,1.0
2023-04-18,8.89,8.92,8.655,8.71,8.71,63444,0.0,1.0
2023-04-17,8.79,8.87,8.7,8.81,8.81,22470,0.0,1.0
2023-04-14,8.98,9.06,8.72,8.87,8.87,21264,0.0,1.0
2023-04-13,8.77,8.95,8.77,8.91,8.91,20208,0.0,1.0
2023-04-12,8.96,8.96,8.57,8.72,8.72,21772,0.0,1.0
2023-04-11,8.75,8.87,8.64,8.81,8.81,24005,0.0,1.0
2023-04-10,8.51,8.77,8.48,8.73,8.73,38016,0.0,1.0
2023-04-06,8.56,8.57,8.41,8.55,8.55,18042,0.0,1.0
2023-04-05,8.54,8.55,8.21,8.55,8.55,34829,0.0,1.0
2023-04-04,8.97,8.9982,8.55,8.6,8.6,21460,0.0,1.0
2023-04-03,8.8,9.015,8.76,8.96,8.96,40405,0.0,1.0
2023-03-31,8.55,9.025,8.51,8.86,8.86,94790,0.0,1.0
2023-03-30,8.66,8.66,8.4,8.55,8.55,35505,0.0,1.0
2023-03-29,8.45,8.63,8.4101,8.5,8.5,30840,0.0,1.0
2023-03-28,8.07,8.62,8.07,8.43,8.43,80652,0.0,1.0
2023-03-27,8.11,8.17,7.98,8.16,8.16,126071,0.0,1.0
2023-03-24,7.86,8.005,7.86,7.98,7.98,64029,0.0,1.0
2023-03-23,7.82,8.0,7.795,7.99,7.99,71731,0.0,1.0
2023-03-22,7.99,8.055,7.735,7.75,7.75,36741,0.0,1.0
2023-03-21,7.75,8.04,7.63,8.01,8.01,41726,0.0,1.0
2023-03-20,7.69,7.82,7.52,7.63,7.63,32594,0.0,1.0
2023-03-17,7.81,7.86,7.58,7.66,7.66,76360,0.0,1.0
2023-03-16,7.76,7.91,7.715,7.88,7.88,46272,0.0,1.0
2023-03-15,7.44,7.84,7.38,7.83,7.83,76581,0.0,1.0
2023-03-14,7.44,7.84,7.26,7.68,7.68,103116,0.0,1.0
2023-03-13,7.34,7.54,7.07,7.29,7.29,104344,0.0,1.0
2023-03-10,8.06,8.06,7.5,7.5,7.5,163849,0.0,1.0
2023-03-09,8.44,8.5,8.13,8.14,8.14,31945,0.0,1.0
2023-03-08,8.55,8.6,8.27,8.46,8.46,34073,0.0,1.0
2023-03-07,8.42,8.77,8.36,8.51,8.51,117197,0.0,1.0
2023-03-06,8.63,8.63,8.26,8.42,8.42,76593,0.0,1.0
2023-03-03,8.94,9.02,8.62,8.68,8.68,38000,0.0,1.0
2023-03-02,8.82,8.97,8.76,8.88,8.88,179831,0.0,1.0
2023-03-01,8.93,9.03,8.82,8.93,8.93,68526,0.0,1.0
2023-02-28,8.78,9.22,8.78,8.95,8.95,106021,0.0,1.0
2023-02-27,8.96,9.04,8.7,8.81,8.81,101027,0.0,1.0
2023-02-24,9.7,9.74,8.67,8.83,8.83,366080,0.0,1.0
2023-02-23,8.09,8.2694,7.9,8.06,8.06,114458,0.0,1.0
2023-02-22,8.05,8.22,7.985,8.0,8.0,64553,0.0,1.0
2023-02-21,8.31,8.31,7.93,8.0,8.0,137439,0.0,1.0
2023-02-17,9.21,9.21,8.475,8.51,8.51,62401,0.0,1.0
2023-02-16,8.98,9.36,8.97,9.26,9.26,91411,0.0,1.0
2023-02-15,8.86,9.245,8.84,9.18,9.18,49945,0.0,1.0
2023-02-14,8.71,9.03,8.71,8.91,8.91,38854,0.0,1.0
2023-02-13,8.77,8.93,8.55,8.86,8.86,52176,0.0,1.0
2023-02-10,8.9,8.985,8.6,8.75,8.75,79144,0.0,1.0
2023-02-09,9.16,9.2,8.95,8.95,8.95,61120,0.0,1.0
2023-02-08,9.07,9.25,8.97,9.04,9.04,54727,0.0,1.0
2023-02-07,9.26,9.34,8.85,9.15,9.15,115907,0.0,1.0
2023-02-06,9.26,9.56,9.22,9.34,9.34,92811,0.0,1.0
2023-02-03,9.36,9.5611,9.29,9.39,9.39,86729,0.0,1.0
2023-02-02,9.36,9.705,9.36,9.53,9.53,113141,0.0,1.0
2023-02-01,8.7,9.205,8.7,9.14,9.14,56142,0.0,1.0
2023-01-31,8.6,8.87,8.565,8.69,8.69,138060,0.0,1.0
2023-01-30,8.74,8.86,8.58,8.6,8.6,54310,0.0,1.0
2023-01-27,8.77,8.96,8.7,8.89,8.89,58661,0.0,1.0
2023-01-26,8.62,8.77,8.59,8.75,8.75,61315,0.0,1.0
2023-01-25,8.45,8.61,8.2,8.53,8.53,49760,0.0,1.0
2023-01-24,8.67,8.77,8.56,8.65,8.65,63830,0.0,1.0
2023-01-23,8.74,8.82,8.57,8.75,8.75,95995,0.0,1.0
2023-01-20,8.42,8.77,8.345,8.74,8.74,173176,0.0,1.0
2023-01-19,8.38,8.69,8.18,8.33,8.33,156371,0.0,1.0
2023-01-18,8.65,8.98,8.41,8.44,8.44,174995,0.0,1.0
2023-01-17,8.08,8.61,7.94,8.57,8.57,236926,0.0,1.0
2023-01-13,7.8,8.15,7.8,8.12,8.12,92373,0.0,1.0
2023-01-12,7.97,8.11,7.72,8.09,8.09,113335,0.0,1.0
2023-01-11,7.96,8.27,7.8501,7.9,7.9,140253,0.0,1.0
2023-01-10,7.8,7.97,7.6,7.91,7.91,137044,0.0,1.0
2023-01-09,7.3,8.18,7.02,7.79,7.79,304714,0.0,1.0
2023-01-06,8.05,8.08,7.78,7.98,7.98,67982,0.0,1.0
2023-01-05,7.9,8.12,7.79,7.96,7.96,79342,0.0,1.0
2023-01-04,8.28,8.44,7.975,8.07,8.07,85260,0.0,1.0
2023-01-03,8.13,8.47,8.06,8.18,8.18,140445,0.0,1.0
2022-12-30,7.66,8.3,7.66,8.01,8.01,269327,0.0,1.0
2022-12-29,7.01,7.93,7.01,7.88,7.88,219968,0.0,1.0
2022-12-28,7.05,7.32,7.0,7.0,7.0,98055,0.0,1.0
2022-12-27,7.1,7.2,6.75,7.04,7.04,226678,0.0,1.0
2022-12-23,7.43,7.43,7.13,7.16,7.16,211512,0.0,1.0
2022-12-22,7.72,7.72,7.19,7.37,7.37,268538,0.0,1.0
2022-12-21,8.04,8.06,7.82,7.82,7.82,205040,0.0,1.0
2022-12-20,7.55,7.98,7.51,7.8,7.8,146203,0.0,1.0
2022-12-19,8.0,8.0,7.47,7.67,7.67,244383,0.0,1.0
2022-12-16,8.07,8.22,8.02,8.02,8.02,258807,0.0,1.0
2022-12-15,8.4,8.6,8.08,8.24,8.24,307859,0.0,1.0
2022-12-14,9.25,9.55,8.65,8.65,8.65,269035,0.0,1.0
2022-12-13,9.77,9.98,9.32,9.34,9.34,139242,0.0,1.0
2022-12-12,9.41,9.47,9.101,9.38,9.38,276435,0.0,1.0
2022-12-09,9.33,9.74,9.315,9.43,9.43,76646,0.0,1.0
2022-12-08,9.33,9.54,9.0969,9.4,9.4,121509,0.0,1.0
2022-12-07,9.1,9.39,8.97,9.22,9.22,73366,0.0,1.0
2022-12-06,9.5,9.5,9.04,9.1,9.1,77262,0.0,1.0
2022-12-05,9.88,9.88,9.39,9.5,9.5,111606,0.0,1.0
2022-12-02,9.66,10.21,9.66,9.93,9.93,144415,0.0,1.0
2022-12-01,10.13,10.42,9.83,9.93,9.93,192435,0.0,1.0
2022-11-30,9.49,10.66,9.49,10.14,10.14,523753,0.0,1.0
2022-11-29,9.41,9.62,9.33,9.46,9.46,150377,0.0,1.0
2022-11-28,9.74,9.93,9.34,9.43,9.43,196606,0.0,1.0
2022-11-25,9.63,10.005,9.63,9.9,9.9,34053,0.0,1.0
2022-11-23,9.55,9.8,9.2,9.72,9.72,175593,0.0,1.0
2022-11-22,9.64,9.78,9.4183,9.59,9.59,256867,0.0,1.0
2022-11-21,9.73,9.76,8.82,9.59,9.59,843379,0.0,1.0
2022-11-18,10.04,10.36,9.74,9.75,9.75,424523,0.0,1.0
2022-11-17,10.5,10.63,9.93,9.94,9.94,608283,0.0,1.0
2022-11-16,11.69,11.69,10.77,10.84,10.84,234992,0.0,1.0
2022-11-15,11.72,11.98,11.46,11.77,11.77,240116,0.0,1.0
2022-11-14,12.41,12.41,11.27,11.55,11.55,329054,0.0,1.0
2022-11-11,11.6,12.89,11.53,12.47,12.47,349605,0.0,1.0
2022-11-10,9.73,12.04,9.73,11.68,11.68,461292,0.0,1.0
2022-11-09,9.75,9.75,8.83,8.85,8.85,717423,0.0,1.0
2022-11-08,9.73,9.865,9.52,9.77,9.77,750601,0.0,1.0
2022-11-07,10.1,10.1,9.62,9.76,9.76,108731,0.0,1.0
2022-11-04,10.45,10.47,9.96,10.01,10.01,219385,0.0,1.0
2022-11-03,10.22,10.5,10.15,10.35,10.35,240485,0.0,1.0
2022-11-02,10.4,10.7,10.18,10.45,10.45,268425,0.0,1.0
2022-11-01,10.53,10.54,10.2,10.45,10.45,100966,0.0,1.0
2022-10-31,10.65,10.85,10.37,10.4,10.4,77209,0.0,1.0
2022-10-28,10.74,10.89,10.62,10.69,10.69,43248,0.0,1.0
2022-10-27,10.97,11.2309,10.69,10.7,10.7,107314,0.0,1.0
2022-10-26,10.99,11.369,10.79,10.86,10.86,104723,0.0,1.0
2022-10-25,10.46,11.05,10.46,11.05,11.05,60264,0.0,1.0
2022-10-24,10.46,10.585,9.95,10.43,10.43,76710,0.0,1.0
2022-10-21,10.44,10.64,10.125,10.52,10.52,65575,0.0,1.0
2022-10-20,10.4,10.86,10.3,10.42,10.42,86120,0.0,1.0
2022-10-19,10.95,10.96,10.3,10.31,10.31,98535,0.0,1.0
2022-10-18,11.48,11.57,10.89,11.12,11.12,98580,0.0,1.0
2022-10-17,10.83,11.22,10.83,11.19,11.19,132862,0.0,1.0
2022-10-14,11.08,11.08,10.4,10.54,10.54,113043,0.0,1.0
2022-10-13,10.36,10.93,10.245,10.87,10.87,124473,0.0,1.0
2022-10-12,10.67,10.785,10.35,10.7,10.7,149941,0.0,1.0
2022-10-11,10.7,10.99,10.52,10.65,10.65,262856,0.0,1.0
2022-10-10,10.59,10.8,10.5,10.74,10.74,122664,0.0,1.0
2022-10-07,10.47,10.81,10.43,10.61,10.61,64245,0.0,1.0
2022-10-06,10.8,11.065,10.645,10.68,10.68,60760,0.0,1.0
2022-10-05,10.47,10.97,10.47,10.89,10.89,88249,0.0,1.0
2022-10-04,10.13,10.9,10.13,10.88,10.88,142266,0.0,1.0
2022-10-03,9.88,9.94,9.56,9.93,9.93,152172,0.0,1.0
2022-09-30,9.67,10.07,9.65,9.72,9.72,88358,0.0,1.0
2022-09-29,9.77,9.8,9.5,9.7,9.7,89583,0.0,1.0
2022-09-28,9.42,9.91,9.42,9.9,9.9,75869,0.0,1.0
2022-09-27,9.53,9.67,9.32,9.44,9.44,103630,0.0,1.0
2022-09-26,9.29,9.86,9.21,9.38,9.38,250007,0.0,1.0
2022-09-23,9.66,9.73,9.39,9.68,9.68,263527,0.0,1.0
2022-09-22,10.22,10.22,9.8,9.83,9.83,222260,0.0,1.0
2022-09-21,10.71,10.84,10.19,10.22,10.22,264107,0.0,1.0
2022-09-20,10.99,11.01,10.63,10.73,10.73,125952,0.0,1.0
2022-09-19,11.24,11.39,10.9,11.07,11.07,179043,0.0,1.0
2022-09-16,12.02,12.02,11.37,11.37,11.37,290255,0.0,1.0
2022-09-15,12.61,13.175,12.1,12.26,12.26,691390,0.0,1.0
2022-09-14,12.45,12.85,12.11,12.67,12.67,298581,0.0,1.0
2022-09-13,12.5,12.76,12.25,12.38,12.38,426887,0.0,1.0
2022-09-12,12.5,12.96,12.385,12.92,12.92,330150,0.0,1.0
2022-09-09,12.19,12.49,12.19,12.46,12.46,217454,0.0,1.0
2022-09-08,11.24,12.13,11.24,12.01,12.01,329585,0.0,1.0
2022-09-07,11.74,12.06,11.64,12.06,12.06,173946,0.0,1.0
2022-09-06,11.55,11.91,11.2201,11.68,11.68,301151,0.0,1.0
2022-09-02,11.8,11.8,11.29,11.42,11.42,329359,0.0,1.0
2022-09-01,11.59,11.65,11.03,11.6,11.6,273609,0.0,1.0
2022-08-31,11.72,12.07,11.44,11.91,11.91,641775,0.0,1.0
2022-08-30,11.93,11.97,11.51,11.6,11.6,173015,0.0,1.0
2022-08-29,11.6,11.95,11.3001,11.78,11.78,196173,0.0,1.0
2022-08-26,12.25,12.43,11.7,11.83,11.83,373322,0.0,1.0
2022-08-25,11.8,12.23,11.645,12.23,12.23,306412,0.0,1.0
2022-08-24,11.39,11.74,11.1101,11.72,11.72,269382,0.0,1.0
2022-08-23,10.92,11.36,10.78,11.29,11.29,310978,0.0,1.0
2022-08-22,10.62,11.11,10.501,11.04,11.04,397125,0.0,1.0
2022-08-19,11.16,11.21,10.7,10.84,10.84,197476,0.0,1.0
2022-08-18,11.08,11.47,11.02,11.35,11.35,189752,0.0,1.0
2022-08-17,11.33,11.48,11.07,11.23,11.23,199650,0.0,1.0
2022-08-16,11.24,11.87,11.0,11.48,11.48,287975,0.0,1.0
2022-08-15,11.13,11.5,11.03,11.33,11.33,230760,0.0,1.0
2022-08-12,11.13,11.52,11.02,11.25,11.25,436008,0.0,1.0
2022-08-11,11.33,11.57,10.82,11.09,11.09,485689,0.0,1.0
2022-08-10,11.38,11.47,10.93,11.16,11.16,613731,0.0,1.0
2022-08-09,12.83,12.83,10.9,11.06,11.06,1226110,0.0,1.0
2022-08-08,13.05,13.21,12.7104,12.9,12.9,367167,0.0,1.0
2022-08-05,12.9,13.15,12.72,13.11,13.11,652211,0.0,1.0
2022-08-04,14.96,14.96,12.71,12.97,12.97,2078973,0.0,1.0
2022-08-03,16.76,18.25,16.635,18.11,18.11,402375,0.0,1.0
2022-08-02,14.79,16.75,14.79,16.62,16.62,243218,0.0,1.0
2022-08-01,14.4,15.065,14.02,14.95,14.95,121840,0.0,1.0
2022-07-29,14.65,14.915,14.21,14.55,14.55,473119,0.0,1.0
2022-07-28,14.29,14.97,14.03,14.65,14.65,410276,0.0,1.0
2022-07-27,13.75,14.49,13.71,14.22,14.22,89421,0.0,1.0
2022-07-26,13.79,13.91,13.3,13.42,13.42,93655,0.0,1.0
2022-07-25,13.92,13.98,13.3,13.9,13.9,251257,0.0,1.0
2022-07-22,14.34,14.34,13.75,13.91,13.91,100873,0.0,1.0
2022-07-21,14.12,14.78,14.12,14.23,14.23,152407,0.0,1.0
2022-07-20,13.75,14.86,13.62,14.1,14.1,414291,0.0,1.0
2022-07-19,13.6,14.13,13.6,13.97,13.97,39803,0.0,1.0
2022-07-18,13.66,14.21,13.3,13.6,13.6,37134,0.0,1.0
2022-07-15,13.27,13.655,13.09,13.5,13.5,29213,0.0,1.0
2022-07-14,12.93,13.29,12.5,13.01,13.01,59593,0.0,1.0
2022-07-13,12.89,13.41,12.88,13.21,13.21,19805,0.0,1.0
2022-07-12,13.4,13.43,12.87,13.3,13.3,51029,0.0,1.0
2022-07-11,13.9,14.17,13.23,13.35,13.35,58069,0.0,1.0
2022-07-08,14.15,14.45,13.81,14.21,14.21,41674,0.0,1.0
2022-07-07,14.34,14.5,14.05,14.35,14.35,71840,0.0,1.0
2022-07-06,14.26,14.3797,14.0,14.06,14.06,54332,0.0,1.0
2022-07-05,13.47,14.31,13.21,14.16,14.16,57243,0.0,1.0
2022-07-01,13.43,13.9377,13.35,13.66,13.66,51882,0.0,1.0
2022-06-30,13.27,14.69,12.8,13.37,13.37,270551,0.0,1.0
2022-06-29,13.71,13.74,13.075,13.38,13.38,98498,0.0,1.0
2022-06-28,14.31,14.4,13.7406,13.81,13.81,46239,0.0,1.0
2022-06-27,14.42,14.74,13.9,14.22,14.22,150605,0.0,1.0
2022-06-24,14.41,14.71,14.25,14.25,14.25,113955,0.0,1.0
2022-06-23,13.55,14.24,13.42,14.21,14.21,74055,0.0,1.0
2022-06-22,13.5,13.94,13.36,13.49,13.49,83014,0.0,1.0
2022-06-21,13.31,13.98,13.31,13.78,13.78,110887,0.0,1.0
2022-06-17,12.98,13.685,12.91,13.14,13.14,291743,0.0,1.0
2022-06-16,12.95,13.28,12.48,12.77,12.77,138784,0.0,1.0
2022-06-15,13.07,13.65,12.855,13.29,13.29,118625,0.0,1.0
2022-06-14,12.61,13.385,12.2,12.74,12.74,201106,0.0,1.0
2022-06-13,13.03,13.48,12.31,12.54,12.54,269015,0.0,1.0
2022-06-10,14.28,14.5,13.47,13.51,13.51,112209,0.0,1.0
2022-06-09,14.87,15.03,14.44,14.68,14.68,116309,0.0,1.0
2022-06-08,14.82,15.25,14.76,15.05,15.05,77865,0.0,1.0
2022-06-07,14.68,15.03,14.4824,14.88,14.88,158605,0.0,1.0
2022-06-06,15.68,15.82,14.76,14.9,14.9,164824,0.0,1.0
2022-06-03,15.62,15.665,14.9197,15.44,15.44,171921,0.0,1.0
2022-06-02,15.13,16.12,15.0,15.79,15.79,133546,0.0,1.0
2022-06-01,15.32,15.59,15.16,15.28,15.28,168200,0.0,1.0
2022-05-31,15.73,15.73,15.18,15.19,15.19,201802,0.0,1.0
2022-05-27,14.89,15.74,14.79,15.57,15.57,297428,0.0,1.0
2022-05-26,14.25,15.0799,14.14,14.77,14.77,107279,0.0,1.0
2022-05-25,13.57,14.4,13.53,14.26,14.26,93807,0.0,1.0
2022-05-24,14.57,14.57,13.25,13.61,13.61,241031,0.0,1.0
2022-05-23,15.02,15.45,14.35,14.85,14.85,95330,0.0,1.0
2022-05-20,15.14,15.2,14.1894,15.03,15.03,124297,0.0,1.0
2022-05-19,14.7,15.67,14.7,14.96,14.96,263377,0.0,1.0
2022-05-18,14.64,15.385,14.62,14.81,14.81,410500,0.0,1.0
2022-05-17,14.19,15.0,13.945,14.95,14.95,274462,0.0,1.0
2022-05-16,13.65,14.34,13.4892,13.76,13.76,400671,0.0,1.0
2022-05-13,13.23,13.97,13.0,13.73,13.73,309272,0.0,1.0
2022-05-12,11.73,12.91,11.57,12.77,12.77,217809,0.0,1.0
2022-05-11,12.5,12.969,11.88,12.01,12.01,152651,0.0,1.0
2022-05-10,14.43,14.43,12.54,12.77,12.77,298365,0.0,1.0
2022-05-09,13.65,14.62,13.5,14.12,14.12,253411,0.0,1.0
2022-05-06,14.66,14.81,13.88,14.21,14.21,299720,0.0,1.0
2022-05-05,17.7,17.7,14.48,14.66,14.66,496707,0.0,1.0
2022-05-04,16.88,17.52,16.09,17.21,17.21,527130,0.0,1.0
2022-05-03,16.71,17.01,15.96,16.73,16.73,276288,0.0,1.0
2022-05-02,16.36,16.86,16.06,16.7,16.7,171057,0.0,1.0
2022-04-29,17.15,17.68,16.56,16.56,16.56,208842,0.0,1.0
2022-04-28,17.15,17.56,16.5652,17.21,17.21,180005,0.0,1.0
2022-04-27,17.01,17.51,16.67,16.79,16.79,90553,0.0,1.0
2022-04-26,17.77,17.77,16.765,17.0,17.0,124578,0.0,1.0
2022-04-25,17.29,18.4,17.29,17.92,17.92,185559,0.0,1.0
2022-04-22,18.16,18.3,17.31,17.5,17.5,223470,0.0,1.0
2022-04-21,18.65,18.88,17.78,18.08,18.08,276791,0.0,1.0
2022-04-20,19.32,19.51,18.25,18.31,18.31,151690,0.0,1.0
2022-04-19,18.45,19.415,18.2807,19.2,19.2,933032,0.0,1.0
2022-04-18,18.55,18.77,18.09,18.42,18.42,122736,0.0,1.0
2022-04-14,19.48,19.61,18.575,18.62,18.62,81183,0.0,1.0
2022-04-13,18.83,19.99,18.65,19.32,19.32,127449,0.0,1.0
2022-04-12,20.1,20.14,18.75,18.8,18.8,95215,0.0,1.0
2022-04-11,19.72,20.07,19.46,19.65,19.65,171054,0.0,1.0
2022-04-08,19.83,20.1,19.53,20.0,20.0,219134,0.0,1.0
2022-04-07,20.57,20.86,19.42,20.01,20.01,266032,0.0,1.0
2022-04-06,20.23,20.85,19.84,20.36,20.36,244024,0.0,1.0
2022-04-05,22.29,22.45,20.65,20.7,20.7,221090,0.0,1.0
2022-04-04,21.01,21.81,20.87,21.35,21.35,290426,0.0,1.0
2022-04-01,21.32,21.4681,20.6,20.87,20.87,164048,0.0,1.0
2022-03-31,21.67,21.89,21.08,21.08,21.08,229396,0.0,1.0
2022-03-30,22.04,22.3,21.55,21.82,21.82,429140,0.0,1.0
2022-03-29,21.61,22.37,21.31,22.2,22.2,162933,0.0,1.0
2022-03-28,20.74,21.46,20.2,21.27,21.27,153464,0.0,1.0
2022-03-25,21.37,21.715,20.35,20.83,20.83,388067,0.0,1.0
2022-03-24,20.58,21.34,20.1358,21.31,21.31,231701,0.0,1.0
2022-03-23,20.42,21.2,20.02,20.39,20.39,195492,0.0,1.0
2022-03-22,19.57,20.56,19.21,20.42,20.42,1085787,0.0,1.0
2022-03-21,20.71,20.9,18.87,19.55,19.55,382400,0.0,1.0
2022-03-18,19.64,20.93,19.4,20.86,20.86,766561,0.0,1.0
2022-03-17,19.73,19.99,19.28,19.68,19.68,322188,0.0,1.0
2022-03-16,18.94,19.96,18.7636,19.91,19.91,289113,0.0,1.0
2022-03-15,18.12,18.8,17.85,18.61,18.61,275772,0.0,1.0
2022-03-14,19.6,20.1,17.57,17.75,17.75,403869,0.0,1.0
2022-03-11,20.93,21.21,19.7,19.7,19.7,421942,0.0,1.0
2022-03-10,21.15,21.43,20.4,20.6,20.6,726276,0.0,1.0
2022-03-09,21.58,22.5,21.33,21.61,21.61,210235,0.0,1.0
2022-03-08,20.67,21.39,19.9353,20.8,20.8,353336,0.0,1.0
2022-03-07,21.04,21.27,19.89,20.57,20.57,384905,0.0,1.0
2022-03-04,20.97,21.45,19.885,20.74,20.74,358729,0.0,1.0
2022-03-03,22.39,22.39,20.7,21.01,21.01,273928,0.0,1.0
2022-03-02,21.58,22.43,21.58,21.95,21.95,194803,0.0,1.0
2022-03-01,22.91,23.105,21.33,21.43,21.43,272489,0.0,1.0
2022-02-28,22.6,24.77,22.44,23.04,23.04,397746,0.0,1.0
2022-02-25,23.27,23.28,22.1173,22.91,22.91,342906,0.0,1.0
2022-02-24,20.02,23.92,19.89,23.25,23.25,520165,0.0,1.0
2022-02-23,21.19,21.75,20.381,21.21,21.21,612617,0.0,1.0
2022-02-22,21.07,21.77,19.75,21.0,21.0,738783,0.0,1.0
2022-02-18,23.86,24.319,20.51,21.21,21.21,1086999,0.0,1.0
2022-02-17,25.77,26.85,22.57,23.87,23.87,2084521,0.0,1.0
2022-02-16,29.47,30.69,28.53,30.31,30.31,366608,0.0,1.0
2022-02-15,30.15,30.29,28.91,29.83,29.83,162475,0.0,1.0
2022-02-14,28.97,30.86,28.97,29.48,29.48,532441,0.0,1.0
2022-02-11,29.73,30.3,27.94,28.97,28.97,369351,0.0,1.0
2022-02-10,30.0,31.29,29.251,29.71,29.71,223552,0.0,1.0
2022-02-09,30.34,31.0,29.83,30.75,30.75,228379,0.0,1.0
2022-02-08,29.38,30.08,29.1,30.0,30.0,189642,0.0,1.0
2022-02-07,29.53,30.72,29.17,29.69,29.69,285689,0.0,1.0
2022-02-04,27.5,30.39,27.1486,29.57,29.57,407592,0.0,1.0
2022-02-03,27.45,28.97,27.45,27.85,27.85,522225,0.0,1.0
2022-02-02,28.76,28.845,27.17,28.5,28.5,344849,0.0,1.0
2022-02-01,26.46,28.98,25.96,28.77,28.77,400421,0.0,1.0
2022-01-31,24.75,26.78,24.5,26.28,26.28,294952,0.0,1.0
2022-01-28,22.94,23.9,22.28,23.74,23.74,173032,0.0,1.0
2022-01-27,24.21,24.35,22.7,22.74,22.74,153234,0.0,1.0
2022-01-26,25.08,26.0,23.63,23.85,23.85,272515,0.0,1.0
2022-01-25,25.41,26.29,23.86,24.57,24.57,718739,0.0,1.0
2022-01-24,24.36,26.5,23.03,26.37,26.37,281189,0.0,1.0
2022-01-21,25.7,26.075,24.68,24.91,24.91,423840,0.0,1.0
2022-01-20,26.4,27.67,25.95,26.05,26.05,187246,0.0,1.0
2022-01-19,26.18,26.99,25.55,26.15,26.15,193068,0.0,1.0
2022-01-18,27.93,28.09,25.68,26.02,26.02,440644,0.0,1.0
2022-01-14,30.1,30.48,27.63,28.23,28.23,234972,0.0,1.0
2022-01-13,30.96,31.8,29.71,29.78,29.78,577383,0.0,1.0
2022-01-12,30.37,31.33,30.3,30.86,30.86,278867,0.0,1.0
2022-01-11,28.47,30.6,28.11,30.23,30.23,262222,0.0,1.0
2022-01-10,28.15,28.44,26.83,28.38,28.38,396355,0.0,1.0
2022-01-07,27.59,28.84,27.52,28.27,28.27,210371,0.0,1.0
2022-01-06,27.51,28.73,26.64,28.13,28.13,431005,0.0,1.0
2022-01-05,30.44,30.69,27.085,27.5,27.5,675771,0.0,1.0
2022-01-04,33.86,34.39,28.5901,30.67,30.67,600283,0.0,1.0
2022-01-03,35.0,35.0,33.03,34.03,34.03,391032,0.0,1.0
2021-12-31,35.14,36.79,34.775,34.98,34.98,412185,0.0,1.0
2021-12-30,33.24,35.28,33.24,35.0,35.0,316101,0.0,1.0
2021-12-29,32.63,33.99,32.16,33.36,33.36,258615,0.0,1.0
2021-12-28,31.4,33.21,31.4,32.71,32.71,274816,0.0,1.0
2021-12-27,31.56,32.33,31.15,31.43,31.43,198187,0.0,1.0
2021-12-23,30.56,31.58,30.35,31.55,31.55,432931,0.0,1.0
2021-12-22,28.5,30.77,28.5,30.68,30.68,212721,0.0,1.0
2021-12-21,27.01,29.115,26.9,28.59,28.59,336010,0.0,1.0
2021-12-20,27.63,27.63,26.58,26.84,26.84,248789,0.0,1.0
2021-12-17,27.34,28.66,26.76,27.89,27.89,505736,0.0,1.0
2021-12-16,28.16,28.31,26.83,27.39,27.39,373064,0.0,1.0
2021-12-15,28.0,28.08,27.11,27.84,27.84,357125,0.0,1.0
2021-12-14,27.17,28.4815,27.0,27.91,27.91,591238,0.0,1.0
2021-12-13,28.29,28.97,27.51,27.53,27.53,448122,0.0,1.0
2021-12-10,28.58,29.23,27.52,28.14,28.14,506507,0.0,1.0
2021-12-09,30.66,30.745,26.64,27.26,27.26,901024,0.0,1.0
2021-12-08,29.97,31.09,29.68,30.84,30.84,534622,0.0,1.0
2021-12-07,29.46,30.36,28.8273,29.66,29.66,298219,0.0,1.0
2021-12-06,26.96,29.02,26.685,28.86,28.86,216081,0.0,1.0
2021-12-03,27.61,27.77,26.535,27.28,27.28,236255,0.0,1.0
2021-12-02,28.59,29.48,27.25,27.63,27.63,237749,0.0,1.0
2021-12-01,29.73,30.74,27.475,28.46,28.46,530606,0.0,1.0
2021-11-30,28.54,29.97,27.96,29.56,29.56,489825,0.0,1.0
2021-11-29,28.55,29.14,27.25,28.71,28.71,194613,0.0,1.0
2021-11-26,28.09,29.69,27.8645,28.26,28.26,297973,0.0,1.0
2021-11-24,26.86,28.67,26.55,28.49,28.49,324325,0.0,1.0
2021-11-23,27.97,28.27,26.085,27.3,27.3,717959,0.0,1.0
2021-11-22,30.94,31.06,28.0,28.29,28.29,678437,0.0,1.0
2021-11-19,29.52,31.44,29.19,30.64,30.64,685955,0.0,1.0
2021-11-18,29.74,30.18,28.82,30.0,30.0,377890,0.0,1.0
2021-11-17,29.82,30.96,29.5,30.04,30.04,236801,0.0,1.0
2021-11-16,29.46,31.06,29.32,29.82,29.82,219168,0.0,1.0
2021-11-15,29.88,30.42,28.95,29.58,29.58,389593,0.0,1.0
2021-11-12,29.0,30.09,28.972,29.5,29.5,480015,0.0,1.0
2021-11-11,30.01,30.21,28.76,28.95,28.95,379752,0.0,1.0
2021-11-10,28.4,30.64,28.03,30.33,30.33,833818,0.0,1.0
2021-11-09,27.34,28.4741,26.99,27.84,27.84,393333,0.0,1.0
2021-11-08,27.41,27.74,26.7625,27.21,27.21,163123,0.0,1.0
2021-11-05,26.21,27.97,26.21,27.46,27.46,172403,0.0,1.0
2021-11-04,27.01,27.01,25.86,26.2,26.2,63355,0.0,1.0
2021-11-03,26.79,26.975,26.35,26.72,26.72,90954,0.0,1.0
2021-11-02,26.65,26.65,25.89,26.6,26.6,66184,0.0,1.0
2021-11-01,25.83,26.99,25.61,26.56,26.56,91984,0.0,1.0
2021-10-29,25.63,26.18,25.125,25.6,25.6,90948,0.0,1.0
2021-10-28,25.3,25.775,24.9897,25.53,25.53,62781,0.0,1.0
2021-10-27,27.0,27.0249,24.82,25.12,25.12,123037,0.0,1.0
2021-10-26,26.63,28.0,26.23,26.93,26.93,217676,0.0,1.0
2021-10-25,25.29,26.81,25.29,26.35,26.35,353872,0.0,1.0
2021-10-22,25.52,26.46,25.15,25.67,25.67,381715,0.0,1.0
2021-10-21,24.25,24.56,24.01,24.17,24.17,44576,0.0,1.0
2021-10-20,24.29,24.42,24.11,24.42,24.42,21448,0.0,1.0
2021-10-19,24.5,24.63,24.19,24.33,24.33,37640,0.0,1.0
2021-10-18,24.14,24.828,23.67,24.6,24.6,77828,0.0,1.0
2021-10-15,24.3,24.55,23.89,24.04,24.04,226648,0.0,1.0
2021-10-14,24.58,25.31,24.18,24.27,24.27,56684,0.0,1.0
2021-10-13,23.16,24.4297,23.15,24.32,24.32,63017,0.0,1.0
2021-10-12,23.21,23.97,22.92,23.13,23.13,61767,0.0,1.0
2021-10-11,23.35,23.71,22.955,23.27,23.27,52597,0.0,1.0
2021-10-08,23.64,24.24,23.305,23.44,23.44,43555,0.0,1.0
2021-10-07,23.86,24.48,23.5,23.59,23.59,52085,0.0,1.0
2021-10-06,22.93,23.59,22.56,23.53,23.53,92444,0.0,1.0
2021-10-05,24.05,24.66,22.78,23.17,23.17,139957,0.0,1.0
2021-10-04,24.49,24.655,23.71,23.86,23.86,213220,0.0,1.0
2021-10-01,24.23,25.11,23.855,24.63,24.63,200702,0.0,1.0
2021-09-30,24.3,24.77,23.625,24.64,24.64,83481,0.0,1.0
2021-09-29,25.5,25.515,23.945,24.35,24.35,252722,0.0,1.0
2021-09-28,25.0,25.95,24.19,25.43,25.43,283037,0.0,1.0
2021-09-27,24.56,25.655,24.405,25.1,25.1,170663,0.0,1.0
2021-09-24,24.13,24.975,23.7425,24.7,24.7,139586,0.0,1.0
2021-09-23,24.12,24.39,23.66,24.32,24.32,143897,0.0,1.0
2021-09-22,24.57,24.78,23.33,24.27,24.27,182770,0.0,1.0
2021-09-21,22.97,24.69,22.53,24.43,24.43,681812,0.0,1.0
2021-09-20,23.28,23.85,22.88,22.93,22.93,311329,0.0,1.0
2021-09-17,25.28,25.4,24.16,24.22,24.22,654580,0.0,1.0
2021-09-16,24.71,25.68,24.71,25.29,25.29,81601,0.0,1.0
2021-09-15,25.91,25.91,24.75,24.98,24.98,430553,0.0,1.0
2021-09-14,25.86,26.4332,25.21,25.64,25.64,149387,0.0,1.0
2021-09-13,25.88,26.945,25.62,25.77,25.77,117921,0.0,1.0
2021-09-10,24.37,25.92,23.74,25.75,25.75,404624,0.0,1.0
2021-09-09,24.14,24.595,24.0,24.17,24.17,270644,0.0,1.0
2021-09-08,26.21,26.397,24.17,24.33,24.33,234214,0.0,1.0
2021-09-07,27.02,27.163,25.96,26.15,26.15,124099,0.0,1.0
2021-09-03,26.73,27.45,26.3746,27.11,27.11,306701,0.0,1.0
2021-09-02,25.92,26.89,25.52,26.87,26.87,265114,0.0,1.0
2021-09-01,25.88,25.88,25.38,25.55,25.55,242932,0.0,1.0
2021-08-31,25.94,26.0,25.35,25.65,25.65,146276,0.0,1.0
2021-08-30,25.75,26.0725,25.27,25.7,25.7,443054,0.0,1.0
2021-08-27,25.76,26.9,25.54,25.69,25.69,321558,0.0,1.0
2021-08-26,25.99,26.12,25.2001,25.6,25.6,83126,0.0,1.0
2021-08-25,26.87,27.065,25.76,25.84,25.84,119843,0.0,1.0
2021-08-24,27.1,27.37,26.68,26.83,26.83,206012,0.0,1.0
2021-08-23,26.82,27.46,26.58,26.74,26.74,109218,0.0,1.0
2021-08-20,27.01,27.27,26.51,26.52,26.52,61820,0.0,1.0
2021-08-19,26.71,27.5,26.71,26.9,26.9,47194,0.0,1.0
2021-08-18,26.66,27.07,26.5,26.9,26.9,126153,0.0,1.0
2021-08-17,27.27,27.5256,26.75,26.81,26.81,131947,0.0,1.0
2021-08-16,27.55,27.98,26.67,27.65,27.65,188149,0.0,1.0
2021-08-13,28.24,28.35,26.923,27.99,27.99,119723,0.0,1.0
2021-08-12,29.44,29.9399,28.09,28.49,28.49,133003,0.0,1.0
2021-08-11,29.91,30.7399,29.23,29.44,29.44,252782,0.0,1.0
2021-08-10,30.18,30.5,29.59,29.88,29.88,169576,0.0,1.0
2021-08-09,29.09,29.7,28.69,29.44,29.44,63119,0.0,1.0
2021-08-06,28.51,30.0719,28.51,28.93,28.93,188056,0.0,1.0
2021-08-05,28.55,28.87,28.315,28.49,28.49,82285,0.0,1.0
2021-08-04,29.63,29.63,28.03,28.39,28.39,179686,0.0,1.0
2021-08-03,29.58,29.7005,29.15,29.31,29.31,73930,0.0,1.0
2021-08-02,29.28,29.99,29.02,29.5,29.5,75934,0.0,1.0
2021-07-30,28.52,29.4603,28.52,29.0,29.0,73455,0.0,1.0
2021-07-29,29.24,29.7,28.47,28.76,28.76,76625,0.0,1.0
2021-07-28,28.48,29.54,28.23,28.88,28.88,209406,0.0,1.0
2021-07-27,28.83,29.175,28.205,28.35,28.35,275565,0.0,1.0
2021-07-26,29.31,29.49,28.82,29.29,29.29,88841,0.0,1.0
2021-07-23,30.13,31.2999,29.305,29.5,29.5,87845,0.0,1.0
2021-07-22,30.0,30.6997,29.76,29.91,29.91,130673,0.0,1.0
2021-07-21,30.84,31.26,30.175,30.4,30.4,126224,0.0,1.0
2021-07-20,30.63,31.24,30.48,30.72,30.72,179637,0.0,1.0
2021-07-19,31.81,32.0,30.25,30.38,30.38,158312,0.0,1.0
2021-07-16,33.08,33.61,32.12,32.56,32.56,161383,0.0,1.0
2021-07-15,34.54,34.86,32.98,33.12,33.12,103325,0.0,1.0
2021-07-14,34.8,35.43,34.55,34.79,34.79,167447,0.0,1.0
2021-07-13,35.91,35.91,33.06,34.57,34.57,205940,0.0,1.0
2021-07-12,35.26,36.0,34.5501,35.91,35.91,88177,0.0,1.0
2021-07-09,34.73,35.825,34.011,35.56,35.56,100300,0.0,1.0
2021-07-08,35.65,35.86,32.6,34.71,34.71,455553,0.0,1.0
2021-07-07,36.9,36.96,35.31,36.36,36.36,291711,0.0,1.0
2021-07-06,35.24,36.42,35.16,36.42,36.42,184320,0.0,1.0
2021-07-02,34.59,35.5,33.63,35.25,35.25,155646,0.0,1.0
2021-07-01,35.82,36.0965,34.27,34.95,34.95,447082,0.0,1.0
2021-06-30,34.88,35.79,34.066,35.5,35.5,214863,0.0,1.0
2021-06-29,36.06,36.67,34.18,35.23,35.23,351086,0.0,1.0
2021-06-28,35.53,35.9799,33.1701,35.35,35.35,270316,0.0,1.0
2021-06-25,36.93,39.2292,34.85,35.0,35.0,405277,0.0,1.0
2021-06-24,35.57,38.2,35.514,36.3,36.3,549451,0.0,1.0
2021-06-23,33.21,35.7199,32.35,34.93,34.93,909540,0.0,1.0
2021-06-22,30.3,33.5,30.2,32.63,32.63,551288,0.0,1.0
2021-06-21,29.68,31.7,29.68,30.2,30.2,209055,0.0,1.0
2021-06-18,29.59,30.46,28.7501,29.26,29.26,99611,0.0,1.0
2021-06-17,29.89,30.4999,28.9,29.89,29.89,564343,0.0,1.0
2021-06-16,29.7,30.14,28.1375,29.71,29.71,293555,0.0,1.0
2021-06-15,29.46,30.5,29.29,29.52,29.52,153888,0.0,1.0
2021-06-14,29.88,30.43,28.92,29.02,29.02,108018,0.0,1.0
2021-06-11,29.84,30.2,28.79,30.11,30.11,162588,0.0,1.0
2021-06-10,28.24,30.03,28.0,29.92,29.92,110524,0.0,1.0
2021-06-09,27.8,28.57,27.8,28.25,28.25,128628,0.0,1.0
2021-06-08,28.5,29.49,27.59,27.8,27.8,285194,0.0,1.0
2021-06-07,30.88,31.32,28.38,28.45,28.45,339304,0.0,1.0
2021-06-04,31.1,32.11,30.79,30.98,30.98,110206,0.0,1.0
2021-06-03,33.8,33.8,30.94,30.94,30.94,237850,0.0,1.0
2021-06-02,31.32,33.906,30.4745,33.5,33.5,1230962,0.0,1.0
2021-06-01,30.96,32.19,29.5,31.75,31.75,802780,0.0,1.0
2021-05-28,28.4899,31.81,27.79,30.5,30.5,777766,0.0,1.0
2021-05-27,28.15,28.5,26.76,28.0,28.0,1598079,0.0,1.0
2021-05-26,28.76,30.46,28.0,28.61,28.61,5508588,0.0,1.0
