,PX_Open,PX_High,PX_Low,PX_Close,PX_Adj Close,PX_Volume,PX_Dividend Amount,PX_Split Coefficient
2024-10-07,11.11,11.16,10.92,10.98,10.98,224985,0.0,1.0
2024-10-04,10.94,11.1365,10.88,11.05,11.05,881896,0.0,1.0
2024-10-03,10.74,10.96,10.74,10.94,10.94,205259,0.0,1.0
2024-10-02,10.72,10.86,10.69,10.75,10.75,545172,0.0,1.0
2024-10-01,10.69,10.81,10.57,10.79,10.79,338574,0.0,1.0
2024-09-30,10.8,10.875,10.61,10.71,10.71,259775,0.0,1.0
2024-09-27,10.85,10.97,10.8,10.82,10.82,185757,0.0,1.0
2024-09-26,11.0,11.0,10.77,10.77,10.77,396905,0.0,1.0
2024-09-25,10.94,10.95,10.84,10.89,10.89,509383,0.0,1.0
2024-09-24,10.79,10.945,10.72,10.9,10.9,440649,0.0,1.0
2024-09-23,10.9,10.97,10.74,10.76,10.76,342902,0.0,1.0
2024-09-20,10.94,10.94,10.72,10.84,10.84,1085915,0.0,1.0
2024-09-19,10.75,10.95,10.5,10.94,10.94,778045,0.0,1.0
2024-09-18,10.67,10.77,10.5,10.51,10.51,430860,0.0,1.0
2024-09-17,10.58,10.76,10.58,10.74,10.74,435531,0.0,1.0
2024-09-16,10.53,10.57,10.475,10.54,10.54,403516,0.0,1.0
2024-09-13,10.29,10.64,10.29,10.5,10.5,299985,0.0,1.0
2024-09-12,10.23,10.23,9.975,10.16,10.16,464567,0.0,1.0
2024-09-11,10.09,10.17,9.9343,10.13,10.13,259328,0.0,1.0
2024-09-10,10.02,10.17,9.95,10.11,10.11,383366,0.0,1.0
2024-09-09,9.97,10.125,9.97,10.02,10.02,275410,0.0,1.0
2024-09-06,10.08,10.12,9.95,9.98,9.98,382717,0.0,1.0
2024-09-05,10.13,10.179,10.0,10.07,10.07,199197,0.0,1.0
2024-09-04,10.0,10.2453,10.0,10.07,10.07,311419,0.0,1.0
2024-09-03,9.99,9.99,9.6,9.96,9.96,673330,0.0,1.0
2024-08-30,9.95,10.06,9.81,10.05,10.05,255952,0.035,1.0
2024-08-29,9.87,10.03,9.75,9.96,9.92543381259296,360890,0.0,1.0
2024-08-28,9.91,10.0,9.695,9.76,9.7261279127417,241132,0.0,1.0
2024-08-27,10.01,10.045,9.88,9.91,9.87560733763014,279299,0.0,1.0
2024-08-26,10.44,10.44,10.065,10.09,10.0549826474963,237622,0.0,1.0
2024-08-23,10.14,10.35,10.08,10.35,10.3140803173029,598546,0.0,1.0
2024-08-22,10.06,10.14,9.99,10.0,9.96529499256321,574391,0.0,1.0
2024-08-21,9.83,10.15,9.7901,10.1,10.0649479424888,486695,0.0,1.0
2024-08-20,10.34,10.34,10.04,10.1,10.0649479424888,567222,0.0,1.0
2024-08-19,9.97,10.35,9.97,10.32,10.2841844323252,782580,0.0,1.0
2024-08-16,9.83,10.03,9.75,10.01,9.97526028755578,368019,0.0,1.0
2024-08-15,9.89,9.9,9.72,9.89,9.85567674764502,489846,0.0,1.0
2024-08-14,9.89,9.89,9.65,9.7,9.66633614278632,283842,0.0,1.0
2024-08-13,9.8,9.88,9.71,9.83,9.79588497768964,550273,0.0,1.0
2024-08-12,9.4,9.845,9.35,9.73,9.69623202776401,659023,0.0,1.0
2024-08-09,10.07,10.07,9.07,9.3,9.26772434308379,526642,0.0,1.0
2024-08-08,8.64,8.79,8.61,8.78,8.7495290034705,356662,0.0,1.0
2024-08-07,8.83,8.93,8.57,8.59,8.5601883986118,443708,0.0,1.0
2024-08-06,8.9,8.9,8.68,8.72,8.68973723351512,565805,0.0,1.0
2024-08-05,9.1,9.11,8.695,8.9,8.86911254338126,713368,0.0,1.0
2024-08-02,9.39,9.48,9.29,9.34,9.30758552305404,426994,0.0,1.0
2024-08-01,9.96,9.96,9.555,9.65,9.6165096678235,533424,0.0,1.0
2024-07-31,9.93,10.035,9.795,9.97,9.93539910758552,684531,0.0,1.0
2024-07-30,10.04,10.07,9.825,9.89,9.85567674764502,426381,0.0,1.0
2024-07-29,10.17,10.21,9.905,9.96,9.92543381259296,526517,0.0,1.0
2024-07-26,10.14,10.24,10.01,10.17,10.1347050074368,411977,0.0,1.0
2024-07-25,9.79,10.12,9.79,10.05,10.015121467526,544334,0.0,1.0
2024-07-24,9.92,10.15,9.78,9.78,9.74605850272682,877756,0.0,1.0
2024-07-23,9.82,10.0098,9.775,9.92,9.88557263262271,407287,0.0,1.0
2024-07-22,9.72,9.87,9.6,9.82,9.78591968269708,322149,0.0,1.0
2024-07-19,9.82,9.96,9.66,9.74,9.70619732275657,547669,0.0,1.0
2024-07-18,9.9,10.16,9.78,9.82,9.78591968269708,1203494,0.0,1.0
2024-07-17,10.12,10.31,9.865,9.96,9.92543381259296,615735,0.0,1.0
2024-07-16,9.72,10.15,9.7,10.13,10.0948438274665,703141,0.0,1.0
2024-07-15,9.52,9.69,9.47,9.62,9.58661378284581,468342,0.0,1.0
2024-07-12,9.37,9.545,9.31,9.45,9.41720376797224,614135,0.0,1.0
2024-07-11,8.95,9.3,8.95,9.28,9.24779375309866,711680,0.0,1.0
2024-07-10,8.74,8.86,8.66,8.85,8.81928606841844,748501,0.0,1.0
2024-07-09,8.4,8.81,8.35,8.8,8.76945959345563,572556,0.0,1.0
2024-07-08,8.33,8.415,8.285,8.36,8.33098661378284,682542,0.0,1.0
2024-07-05,8.27,8.29,8.184,8.22,8.19147248388696,341382,0.0,1.0
2024-07-03,8.29,8.32,8.23,8.3,8.27119484382747,271537,0.0,1.0
2024-07-02,8.16,8.265,8.125,8.26,8.23133366385721,350516,0.0,1.0
2024-07-01,8.48,8.62,8.155,8.19,8.16157659890927,893895,0.0,1.0
2024-06-28,8.44,8.57,8.36,8.48,8.4505701536936,2317309,0.0,1.0
2024-06-27,8.29,8.36,8.2101,8.36,8.33098661378284,440422,0.0,1.0
2024-06-26,8.27,8.35,8.18,8.3,8.27119484382747,649017,0.0,1.0
2024-06-25,8.34,8.37,8.19,8.25,8.22136836886465,310800,0.0,1.0
2024-06-24,8.28,8.39,8.26,8.37,8.34095190877541,295403,0.0,1.0
2024-06-21,8.34,8.34,8.17,8.24,8.21140307387209,718045,0.0,1.0
2024-06-20,8.08,8.33,8.0,8.31,8.28116013882003,537495,0.0,1.0
2024-06-18,8.05,8.18,8.01,8.09,8.06192364898364,423734,0.0,1.0
2024-06-17,7.88,8.03,7.88,7.9,7.87258304412494,549054,0.0,1.0
2024-06-14,8.01,8.05,7.95,8.0,7.97223599405057,517695,0.0,1.0
2024-06-13,8.05,8.115,7.89,8.06,8.03202776400595,488075,0.0,1.0
2024-06-12,8.44,8.52,8.065,8.07,8.04199305899851,639233,0.0,1.0
2024-06-11,8.08,8.33,8.05,8.25,8.22136836886465,516446,0.0,1.0
2024-06-10,8.03,8.2,7.975,8.15,8.12171541893902,275296,0.0,1.0
2024-06-07,8.03,8.13,7.95,8.1,8.0718889439762,470011,0.0,1.0
2024-06-06,8.11,8.17,7.99,8.13,8.10178482895389,344984,0.0,1.0
2024-06-05,8.0,8.12,7.93,8.09,8.06192364898364,510095,0.0,1.0
2024-06-04,7.99,8.01,7.925,7.96,7.93237481408032,337277,0.0,1.0
2024-06-03,8.19,8.19,7.94,8.03,8.00213187902826,372291,0.0,1.0
2024-05-31,8.1,8.19,8.02,8.08,8.05195835399108,451437,0.035,1.0
2024-05-30,8.12,8.24,8.07,8.09,8.02715256731828,317499,0.0,1.0
2024-05-29,7.89,8.115,7.89,8.05,7.98746330864179,414960,0.0,1.0
2024-05-28,8.19,8.2,8.015,8.03,7.96761867930355,351914,0.0,1.0
2024-05-24,8.13,8.27,8.13,8.19,8.12637571400948,323510,0.0,1.0
2024-05-23,8.24,8.365,8.115,8.13,8.06684182599476,376364,0.0,1.0
2024-05-22,8.2,8.24,8.165,8.22,8.15614265801684,463159,0.0,1.0
2024-05-21,8.14,8.2253,8.135,8.2,8.1362980286786,455947,0.0,1.0
2024-05-20,8.21,8.21,8.085,8.17,8.10653108467124,388324,0.0,1.0
2024-05-17,8.3,8.325,8.215,8.23,8.16606497268596,327719,0.0,1.0
2024-05-16,8.28,8.345,8.26,8.29,8.22559886070068,390167,0.0,1.0
2024-05-15,8.4,8.47,8.25,8.28,8.21567654603156,501618,0.0,1.0
2024-05-14,8.42,8.48,8.2,8.32,8.25536580470804,857634,0.0,1.0
2024-05-13,8.3,8.43,8.235,8.31,8.24544349003892,744388,0.0,1.0
2024-05-10,8.11,8.34,8.11,8.18,8.11645339934036,695279,0.0,1.0
2024-05-09,7.9,8.135,7.62,8.13,8.06684182599476,806456,0.0,1.0
2024-05-08,7.53,7.63,7.44,7.59,7.53103683386226,358960,0.0,1.0
2024-05-07,7.64,7.72,7.59,7.63,7.57072609253874,435315,0.0,1.0
2024-05-06,7.59,7.665,7.54,7.64,7.58064840720786,270369,0.0,1.0
2024-05-03,7.48,7.62,7.48,7.55,7.49134757518578,735584,0.0,1.0
2024-05-02,7.41,7.48,7.3066,7.36,7.3028235964725,669060,0.0,1.0
2024-05-01,7.13,7.48,7.08,7.35,7.29290128180338,801913,0.0,1.0
2024-04-30,7.51,7.53,7.09,7.1,7.04484341507537,739306,0.0,1.0
2024-04-29,7.52,7.63,7.52,7.55,7.49134757518578,1143254,0.0,1.0
2024-04-26,7.45,7.5,7.33,7.46,7.4020467431637,1113969,0.0,1.0
2024-04-25,7.59,7.6,7.375,7.4,7.34251285514898,1088949,0.0,1.0
2024-04-24,7.54,7.675,7.54,7.59,7.53103683386226,718312,0.0,1.0
2024-04-23,7.56,7.66,7.51,7.59,7.53103683386226,597236,0.0,1.0
2024-04-22,7.49,7.61,7.49,7.54,7.48142526051666,640736,0.0,1.0
2024-04-19,7.39,7.575,7.39,7.49,7.43181368717106,683963,0.0,1.0
2024-04-18,7.52,7.55,7.345,7.42,7.36235748448722,837847,0.0,1.0
2024-04-17,7.53,7.63,7.469,7.49,7.43181368717106,611849,0.0,1.0
2024-04-16,7.48,7.54,7.41,7.49,7.43181368717106,690039,0.0,1.0
2024-04-15,7.76,7.82,7.57,7.57,7.51119220452402,623515,0.0,1.0
2024-04-12,7.94,8.11,7.675,7.69,7.63025998055347,460773,0.0,1.0
2024-04-11,7.76,7.85,7.7,7.81,7.74932775658291,611487,0.0,1.0
2024-04-10,8.09,8.09,7.63,7.74,7.67987155389907,621624,0.0,1.0
2024-04-09,8.36,8.415,8.24,8.28,8.21567654603156,709580,0.0,1.0
2024-04-08,8.48,8.505,8.35,8.36,8.29505506338452,289945,0.0,1.0
2024-04-05,8.34,8.425,8.305,8.4,8.334744322061,541245,0.0,1.0
2024-04-04,8.45,8.51,8.34,8.4,8.334744322061,414619,0.0,1.0
2024-04-03,8.29,8.42,8.27,8.36,8.29505506338452,1018525,0.0,1.0
2024-04-02,8.39,8.44,8.29,8.37,8.30497737805364,327936,0.0,1.0
2024-04-01,8.52,8.56,8.335,8.44,8.37443358073748,633033,0.0,1.0
2024-03-28,8.36,8.42,8.25,8.42,8.35458895139924,687319,0.0,1.0
2024-03-27,8.01,8.44,7.95,8.38,8.31489969272276,889018,0.0,1.0
2024-03-26,8.07,8.14,7.94,7.94,7.87831784728147,636644,0.0,1.0
2024-03-25,8.15,8.21,7.98,8.01,7.94777404996531,832656,0.0,1.0
2024-03-22,8.26,8.26,8.095,8.14,8.07676414066388,563765,0.0,1.0
2024-03-21,8.26,8.43,8.185,8.29,8.22559886070068,586560,0.0,1.0
2024-03-20,7.99,8.34,7.92,8.25,8.1859096020242,714726,0.0,1.0
2024-03-19,8.01,8.15,8.01,8.04,7.97754099397267,619907,0.0,1.0
2024-03-18,8.27,8.27,7.95,8.07,8.00730793798004,835496,0.0,1.0
2024-03-15,8.0,8.315,8.0,8.21,8.14622034334772,1064868,0.0,1.0
2024-03-14,8.34,8.34,8.04,8.09,8.02715256731828,670089,0.0,1.0
2024-03-13,8.32,8.52,8.22,8.26,8.19583191669332,892736,0.0,1.0
2024-03-12,8.2,8.4,8.1,8.24,8.17598728735508,789658,0.0,1.0
2024-03-11,8.07,8.32,8.008,8.2,8.1362980286786,756898,0.0,1.0
2024-03-08,8.07,8.26,8.025,8.09,8.02715256731828,669909,0.0325,1.0
2024-03-07,7.93,8.06,7.88,8.04,7.94562100846278,671684,0.0,1.0
2024-03-06,7.87,7.925,7.732,7.82,7.72820351818146,750980,0.0,1.0
2024-03-05,8.0,8.12,7.8,7.82,7.72820351818146,1140075,0.0,1.0
2024-03-04,7.92,8.09,7.9,7.99,7.89620794248975,1302191,0.0,1.0
2024-03-01,7.88,8.35,7.13,8.33,8.23221679110634,3332648,0.0,1.0
2024-02-29,9.24,9.36,9.165,9.27,9.16118243139925,556328,0.0,1.0
2024-02-28,9.01,9.155,8.95,9.1,8.99317800709096,527375,0.0,1.0
2024-02-27,8.9,9.21,8.77,9.11,9.00306062028556,703397,0.0,1.0
2024-02-26,8.69,8.92,8.63,8.85,8.74611267722582,791291,0.0,1.0
2024-02-23,8.7,8.75,8.565,8.72,8.61763870569595,567840,0.0,1.0
2024-02-22,8.69,8.765,8.43,8.73,8.62752131889056,1176406,0.0,1.0
2024-02-21,9.27,9.27,8.66,8.68,8.57810825291753,456840,0.0,1.0
2024-02-20,9.29,9.36,9.215,9.27,9.16118243139925,659425,0.0,1.0
2024-02-16,9.39,9.465,9.23,9.41,9.29953901612373,430872,0.0,1.0
2024-02-15,9.22,9.46,9.22,9.43,9.31930424251294,425037,0.0,1.0
2024-02-14,9.15,9.15,8.97,9.11,9.00306062028556,570738,0.0,1.0
2024-02-13,9.19,9.2,8.83,9.0,8.8943518751449,1183732,0.0,1.0
2024-02-12,9.07,9.465,9.07,9.4,9.28965640292912,527138,0.0,1.0
2024-02-09,9.26,9.26,9.08,9.16,9.05247368625859,441962,0.0,1.0
2024-02-08,9.08,9.24,9.045,9.22,9.11176936542623,332619,0.0,1.0
2024-02-07,9.0,9.08,8.845,9.07,8.96353016750714,507455,0.0,1.0
2024-02-06,8.95,9.04,8.84,8.97,8.86470403556109,612245,0.0,1.0
2024-02-05,8.66,9.04,8.63,8.98,8.87458664875569,1050387,0.0,1.0
2024-02-02,8.51,8.8,8.31,8.73,8.62752131889056,2312720,0.0,1.0
2024-02-01,9.22,9.39,8.63,8.86,8.75599529042043,3415286,0.0,1.0
2024-01-31,9.35,9.44,9.2,9.2,9.09200413903701,428306,0.0,1.0
2024-01-30,9.22,9.38,9.2,9.35,9.24024333695609,236660,0.0,1.0
2024-01-29,9.16,9.3,9.09,9.3,9.19083027098307,207339,0.0,1.0
2024-01-26,9.16,9.26,9.06,9.23,9.12165197862083,337738,0.0,1.0
2024-01-25,9.18,9.2,8.98,9.09,8.98329539389635,372579,0.0,1.0
2024-01-24,9.35,9.3874,9.16,9.16,9.05247368625859,409104,0.0,1.0
2024-01-23,9.26,9.45,9.125,9.27,9.16118243139925,547555,0.0,1.0
2024-01-22,9.15,9.23,9.09,9.18,9.0722389126478,829505,0.0,1.0
2024-01-19,9.2,9.32,9.03,9.06,8.95364755431254,624360,0.0,1.0
2024-01-18,8.86,9.13,8.78,9.12,9.01294323348017,444192,0.0,1.0
2024-01-17,8.77,8.83,8.72,8.8,8.6966996112528,338888,0.0,1.0
2024-01-16,8.6,8.87,8.56,8.86,8.75599529042043,413827,0.0,1.0
2024-01-12,8.86,8.89,8.67,8.7,8.59787347930674,568427,0.0,1.0
2024-01-11,8.8,8.87,8.63,8.73,8.62752131889056,430638,0.0,1.0
2024-01-10,8.8,8.87,8.53,8.77,8.66705177166898,750233,0.0,1.0
2024-01-09,8.87,8.96,8.622,8.86,8.75599529042043,831913,0.0,1.0
2024-01-08,8.85,8.95,8.3,8.92,8.81529096958806,3796537,0.0,1.0
2024-01-05,9.25,9.2837,8.62,8.73,8.62752131889056,2045139,0.0,1.0
2024-01-04,9.53,9.608,9.34,9.34,9.23036072376149,372070,0.0,1.0
2024-01-03,9.67,9.705,9.3,9.47,9.35883469529136,427972,0.0,1.0
2024-01-02,10.21,10.21,9.56,9.61,9.49719128001584,588065,0.0,1.0
2023-12-29,10.34,10.47,10.14,10.22,10.1000306848868,1289342,0.0,1.0
2023-12-28,10.07,10.44,10.055,10.42,10.2976829487789,579695,0.0,1.0
2023-12-27,10.1,10.18,9.985,10.08,9.96167410016229,419207,0.0,1.0
2023-12-26,9.82,10.08,9.77,10.07,9.95179148696769,258093,0.0,1.0
2023-12-22,9.67,9.815,9.54,9.78,9.66519570432413,486397,0.0,1.0
2023-12-21,10.24,10.244,9.61,9.69,9.57625218557268,1042330,0.0,1.0
2023-12-20,10.31,10.45,10.2,10.23,10.1099132980814,705000,0.0,1.0
2023-12-19,10.18,10.4,10.09,10.31,10.1889742036382,563265,0.0,1.0
2023-12-18,10.3,10.3,10.005,10.17,10.0506176189137,354826,0.0,1.0
2023-12-15,10.18,10.24,9.97,10.2,10.0802654584976,952993,0.0,1.0
2023-12-14,10.0,10.31,9.97,10.11,9.99132193974611,607812,0.0,1.0
2023-12-13,9.38,9.89,9.38,9.89,9.77390444946479,1008954,0.0,1.0
2023-12-12,9.65,9.65,9.28,9.33,9.22047811056688,508931,0.0,1.0
2023-12-11,9.98,9.98,9.63,9.66,9.54660434598886,166096,0.0,1.0
2023-12-08,9.8,9.98,9.7697,9.93,9.81343490224321,282335,0.0,1.0
2023-12-07,9.69,9.89,9.69,9.83,9.71460877029716,277313,0.0,1.0
2023-12-06,9.73,9.74,9.58,9.67,9.55648695918347,301547,0.0,1.0
2023-12-05,9.7,9.72,9.585,9.63,9.51695650640505,364817,0.0,1.0
2023-12-04,9.99,10.04,9.72,9.72,9.6059000251565,370252,0.0,1.0
2023-12-01,10.16,10.21,9.985,10.02,9.90237842099466,402695,0.0,1.0
2023-11-30,9.97,10.2,9.96,10.2,10.0802654584976,422989,0.0,1.0
2023-11-29,9.83,10.02,9.78,9.98,9.86284796821624,443222,0.0325,1.0
2023-11-28,9.58,9.75,9.53,9.66,9.51561661652623,354876,0.0,1.0
2023-11-27,9.69,9.83,9.615,9.62,9.47621447732736,337405,0.0,1.0
2023-11-24,9.66,9.84,9.655,9.76,9.61412196452339,173029,0.0,1.0
2023-11-22,9.5,9.79,9.5,9.69,9.54516822092538,316644,0.0,1.0
2023-11-21,9.37,9.44,9.322,9.38,9.23980164213416,284160,0.0,1.0
2023-11-20,9.22,9.515,9.18,9.44,9.29890485093246,259531,0.0,1.0
2023-11-17,9.23,9.33,9.1,9.18,9.04279094613983,622626,0.0,1.0
2023-11-16,9.54,9.54,9.23,9.24,9.10189415493813,295066,0.0,1.0
2023-11-15,9.57,9.69,9.54,9.54,9.39741019892963,275413,0.0,1.0
2023-11-14,9.9,10.47,9.535,9.6,9.45651340772793,487629,0.0,1.0
2023-11-13,9.45,9.45,9.215,9.22,9.0821930853387,222733,0.0,1.0
2023-11-10,9.93,9.93,9.39,9.49,9.34815752493105,484787,0.0,1.0
2023-11-09,10.2,10.24,9.9,9.94,9.79143159091829,270955,0.0,1.0
2023-11-08,9.9,10.1,9.8738,10.09,9.93918961291404,159046,0.0,1.0
2023-11-07,9.97,10.005,9.86,9.89,9.74217891691971,137412,0.0,1.0
2023-11-06,10.14,10.14,9.88,10.02,9.87023586931602,219980,0.0,1.0
2023-11-03,9.91,10.235,9.91,10.08,9.92933907811432,253087,0.0,1.0
2023-11-02,9.53,9.73,9.51,9.73,9.58457036012424,200613,0.0,1.0
2023-11-01,9.42,9.5,9.39,9.41,9.26935324653331,158257,0.0,1.0
2023-10-31,9.43,9.46,9.25,9.42,9.27920378133303,160686,0.0,1.0
2023-10-30,9.2,9.43,9.1274,9.43,9.28905431613275,177784,0.0,1.0
2023-10-27,9.06,9.25,9.02,9.1,8.9639866677421,174418,0.0,1.0
2023-10-26,9.11,9.42,9.06,9.1,8.9639866677421,281906,0.0,1.0
2023-10-25,9.13,9.27,9.07,9.11,8.97383720254181,315578,0.0,1.0
2023-10-24,9.33,9.44,9.065,9.23,9.09204362013842,297663,0.0,1.0
2023-10-23,9.22,9.405,9.09,9.17,9.03294041134011,341108,0.0,1.0
2023-10-20,9.71,9.71,9.3,9.3,9.16099736373643,220960,0.0,1.0
2023-10-19,9.93,9.96,9.655,9.68,9.53531768612566,162672,0.0,1.0
2023-10-18,10.3,10.3,9.93,9.93,9.78158105611858,190514,0.0,1.0
2023-10-17,10.14,10.47,10.14,10.41,10.254406726505,177522,0.0,1.0
2023-10-16,10.18,10.43,10.18,10.2,10.0475454957109,171628,0.0,1.0
2023-10-13,10.27,10.27,9.99,10.08,9.92933907811432,136011,0.0,1.0
2023-10-12,10.56,10.56,10.19,10.2,10.0475454957109,225413,0.0,1.0
2023-10-11,10.68,10.79,10.46,10.5,10.3430615397024,317892,0.0,1.0
2023-10-10,10.31,10.67,10.25,10.59,10.4317163528999,379048,0.0,1.0
2023-10-09,10.56,10.635,10.23,10.31,10.1559013785078,263596,0.0,1.0
2023-10-06,10.58,10.84,10.3,10.54,10.3824636789013,634019,0.0,1.0
2023-10-05,10.92,10.965,10.58,10.61,10.4514174224993,286764,0.0,1.0
2023-10-04,10.89,10.98,10.66,10.97,10.8060366752891,211913,0.0,1.0
2023-10-03,11.27,11.27,10.895,10.93,10.7666345360902,163788,0.0,1.0
2023-10-02,11.65,11.835,11.3,11.36,11.190207532478,298246,0.0,1.0
2023-09-29,11.65,11.72,11.56,11.65,11.4758730416698,1013307,0.0,1.0
2023-09-28,11.38,11.62,11.38,11.6,11.4266203676712,169152,0.0,1.0
2023-09-27,11.35,11.46,11.32,11.39,11.2197591368772,178980,0.0,1.0
2023-09-26,11.43,11.53,11.365,11.38,11.2099086020775,191965,0.0,1.0
2023-09-25,11.14,11.64,11.14,11.53,11.3576666240732,266972,0.0,1.0
2023-09-22,11.38,11.39,11.17,11.18,11.0128979060831,89191,0.0,1.0
2023-09-21,11.25,11.39,11.12,11.32,11.1508053932792,143466,0.0,1.0
2023-09-20,11.34,11.455,11.235,11.32,11.1508053932792,127387,0.0,1.0
2023-09-19,11.3,11.32,11.11,11.25,11.0818516496812,140521,0.0,1.0
2023-09-18,11.28,11.365,11.19,11.28,11.1114032540803,148190,0.0,1.0
2023-09-15,11.23,11.38,11.125,11.26,11.0917021844809,556188,0.0,1.0
2023-09-14,11.35,11.43,11.25,11.34,11.1705064628786,176105,0.0,1.0
2023-09-13,11.5,11.52,11.31,11.33,11.1606559280789,213184,0.0,1.0
2023-09-12,11.49,11.65,11.43,11.45,11.2788623456755,211171,0.0,1.0
2023-09-11,11.52,11.6,11.41,11.47,11.2985634152749,166307,0.0,1.0
2023-09-08,11.54,11.56,11.32,11.52,11.3478160892735,162282,0.0,1.0
2023-09-07,11.68,11.68,11.412,11.51,11.3379655544738,233575,0.0,1.0
2023-09-06,11.47,11.72,11.43,11.67,11.4955741112693,229632,0.0,1.0
2023-09-05,11.77,11.88,11.45,11.46,11.2887128804752,169742,0.0,1.0
2023-09-01,12.13,12.18,11.72,11.74,11.5645278548673,321149,0.0,1.0
2023-08-31,12.19,12.26,11.96,12.05,11.8698944336585,880564,0.0,1.0
2023-08-30,12.11,12.29,12.11,12.19,12.0078019208545,182838,0.0325,1.0
2023-08-29,12.13,12.295,12.11,12.23,12.0151701773001,137999,0.0,1.0
2023-08-28,12.12,12.36,12.12,12.22,12.0053458353727,119047,0.0,1.0
2023-08-25,12.28,12.28,12.071,12.12,11.9071024160979,144787,0.0,1.0
2023-08-24,12.3,12.37,12.215,12.23,12.0151701773001,147995,0.0,1.0
2023-08-23,12.34,12.35,12.19,12.31,12.0937649127199,104463,0.0,1.0
2023-08-22,12.18,12.245,12.08,12.2,11.9856971515177,123761,0.0,1.0
2023-08-21,12.48,12.55,12.12,12.14,11.9267510999529,139164,0.0,1.0
2023-08-18,12.33,12.57,12.31,12.51,12.2902517512694,208639,0.0,1.0
2023-08-17,12.59,12.66,12.42,12.45,12.2313056997045,243830,0.0,1.0
2023-08-16,12.43,12.7,12.37,12.54,12.3197247770518,215867,0.0,1.0
2023-08-15,12.5,12.53,12.31,12.35,12.1330622804298,269666,0.0,1.0
2023-08-14,12.65,12.68,12.46,12.55,12.3295491189793,274895,0.0,1.0
2023-08-11,12.5,13.41,12.395,12.62,12.3983195124716,472331,0.0,1.0
2023-08-10,11.71,11.88,11.68,11.85,11.6418451840561,195009,0.0,1.0
2023-08-09,11.87,11.87,11.64,11.71,11.5043043970715,185731,0.0,1.0
2023-08-08,11.94,11.94,11.76,11.92,11.7106155775485,227937,0.0,1.0
2023-08-07,11.86,12.2,11.85,11.99,11.7793859710408,282459,0.0,1.0
2023-08-04,11.62,11.86,11.62,11.83,11.6221965002012,178765,0.0,1.0
2023-08-03,11.62,11.68,11.395,11.59,11.3864122939418,222835,0.0,1.0
2023-08-02,11.76,11.79,11.69,11.7,11.494480055144,181260,0.0,1.0
2023-08-01,11.82,11.89,11.74,11.88,11.6713182098386,236186,0.0,1.0
2023-07-31,11.69,11.86,11.69,11.85,11.6418451840561,136205,0.0,1.0
2023-07-28,11.68,11.7508,11.6,11.62,11.4158853197242,96029,0.0,1.0
2023-07-27,11.7,11.73,11.54,11.58,11.3765879520144,140359,0.0,1.0
2023-07-26,11.45,11.72,11.45,11.71,11.5043043970715,150633,0.0,1.0
2023-07-25,11.64,11.69,11.4,11.45,11.2488715069572,136185,0.0,1.0
2023-07-24,11.57,11.76,11.53,11.65,11.4453583455067,129066,0.0,1.0
2023-07-21,11.67,11.6942,11.44,11.51,11.307817558522,147022,0.0,1.0
2023-07-20,11.75,11.755,11.5,11.6,11.3962366358693,203829,0.0,1.0
2023-07-19,11.64,11.78,11.62,11.73,11.5239530809265,282827,0.0,1.0
2023-07-18,11.39,11.6,11.29,11.56,11.3569392681594,174959,0.0,1.0
2023-07-17,11.4,11.55,11.35,11.38,11.1801011134649,167160,0.0,1.0
2023-07-14,11.63,11.63,11.335,11.41,11.2095741392473,188044,0.0,1.0
2023-07-13,11.66,11.68,11.5,11.61,11.4060609777968,180775,0.0,1.0
2023-07-12,11.47,11.6,11.34,11.41,11.2095741392473,182337,0.0,1.0
2023-07-11,11.1,11.28,11.08,11.26,11.0622090103352,123108,0.0,1.0
2023-07-10,11.12,11.3,11.02,11.09,10.8951951975681,163445,0.0,1.0
2023-07-07,10.94,11.22,10.93,11.18,10.9836142749154,251915,0.0,1.0
2023-07-06,11.0,11.0,10.82,11.0,10.8067761202209,196178,0.0,1.0
2023-07-05,11.25,11.3,11.07,11.1,10.9050195394956,169886,0.0,1.0
2023-07-03,11.21,11.37,11.18,11.28,11.0818576941901,77733,0.0,1.0
2023-06-30,11.24,11.34,11.09,11.3,11.1015063780451,198607,0.0,1.0
2023-06-29,11.17,11.37,11.015,11.19,10.9934386168429,393242,0.0,1.0
2023-06-28,11.06,11.18,10.95,11.13,10.934492565278,301497,0.0,1.0
2023-06-27,10.87,11.1,10.72,11.07,10.8755465137132,253515,0.0,1.0
2023-06-26,10.81,11.08,10.77,10.79,10.6004649397439,496149,0.0,1.0
2023-06-23,11.31,11.33,10.69,10.9,10.7085327009462,5874975,0.0,1.0
2023-06-22,11.45,11.58,11.29,11.36,11.1604524296099,372176,0.0,1.0
2023-06-21,11.5,11.6725,11.5,11.54,11.3372905843045,237958,0.0,1.0
2023-06-20,11.47,11.71,11.47,11.55,11.3471149262319,270811,0.0,1.0
2023-06-16,11.59,11.61,11.43,11.49,11.2881688746671,273466,0.0,1.0
2023-06-15,11.54,11.685,11.53,11.67,11.4650070293616,245929,0.0,1.0
2023-06-14,11.47,11.695,11.38,11.55,11.3471149262319,222103,0.0,1.0
2023-06-13,11.42,11.53,11.41,11.42,11.2193984811748,200213,0.0,1.0
2023-06-12,11.52,11.52,11.1,11.31,11.1113307199726,341750,0.0,1.0
2023-06-09,11.44,11.512,11.11,11.42,11.2193984811748,405533,0.0,1.0
2023-06-08,11.49,11.65,11.4,11.46,11.2586958488847,143133,0.0,1.0
2023-06-07,11.49,11.595,11.37,11.47,11.2685201908121,168685,0.0,1.0
2023-06-06,11.12,11.42,11.12,11.39,11.1899254553924,172519,0.0,1.0
2023-06-05,10.93,11.21,10.93,11.12,10.9246682233506,191300,0.0,1.0
2023-06-02,10.98,11.11,10.94,11.0,10.8067761202209,169248,0.0,1.0
2023-06-01,10.57,10.91,10.51,10.85,10.6594109913088,160572,0.0,1.0
2023-05-31,10.51,10.68,10.5,10.63,10.4432754689044,94629,0.0,1.0
2023-05-30,10.74,10.76,10.45,10.46,10.2762616561373,112048,0.0,1.0
2023-05-26,10.39,10.77,10.39,10.63,10.4432754689044,100650,0.0325,1.0
2023-05-25,10.51,10.7,10.49,10.5,10.2841165227194,77898,0.0,1.0
2023-05-24,10.72,10.72,10.53,10.59,10.3722660929142,108257,0.0,1.0
2023-05-23,10.89,11.16,10.7,10.81,10.5877428200569,123107,0.0,1.0
2023-05-22,10.61,10.99,10.61,10.88,10.656303596875,194630,0.0,1.0
2023-05-19,10.66,10.9,10.61,10.74,10.5191820432387,224813,0.0,1.0
2023-05-18,10.71,10.78,10.26,10.56,10.3428829028492,390964,0.0,1.0
2023-05-17,10.74,10.89,10.5415,10.81,10.5877428200569,214757,0.0,1.0
2023-05-16,10.8,11.58,10.66,10.76,10.5387708366153,448972,0.0,1.0
2023-05-15,10.16,10.25,10.06,10.07,9.86295746512234,109336,0.0,1.0
2023-05-12,10.19,10.27,10.005,10.1,9.89234065518725,169246,0.0,1.0
2023-05-11,10.01,10.2001,10.01,10.12,9.91192944856386,162581,0.0,1.0
2023-05-10,10.08,10.18,9.975,10.12,9.91192944856386,154317,0.0,1.0
2023-05-09,9.95,10.01,9.82,9.97,9.7650134982393,148065,0.0,1.0
2023-05-08,10.22,10.22,9.955,10.0,9.79439668830421,98967,0.0,1.0
2023-05-05,10.18,10.3,10.105,10.14,9.93151824194047,141871,0.0,1.0
2023-05-04,10.34,10.38,9.98,10.1,9.89234065518725,160210,0.0,1.0
2023-05-03,10.23,10.46,10.095,10.34,10.1274061757066,237030,0.0,1.0
2023-05-02,10.39,10.39,10.07,10.16,9.95110703531708,118528,0.0,1.0
2023-05-01,10.31,10.4475,10.275,10.44,10.2253501425896,176118,0.0,1.0
2023-04-28,10.11,10.38,10.11,10.33,10.1176117790182,122811,0.0,1.0
2023-04-27,10.16,10.23,10.03,10.1,9.89234065518725,143499,0.0,1.0
2023-04-26,9.95,10.2,9.9328,10.09,9.88254625849895,177606,0.0,1.0
2023-04-25,10.11,10.18,9.96,9.98,9.7748078949276,166758,0.0,1.0
2023-04-24,10.27,10.41,10.25,10.25,10.0392566055118,102499,0.0,1.0
2023-04-21,10.49,10.49,10.27,10.31,10.0980229856416,137065,0.0,1.0
2023-04-20,10.62,10.7,10.45,10.48,10.2645277293428,89761,0.0,1.0
2023-04-19,10.39,10.72,10.37,10.71,10.4897988531738,174517,0.0,1.0
2023-04-18,10.42,10.52,10.27,10.4,10.1861725558364,234936,0.0,1.0
2023-04-17,10.41,10.57,10.34,10.42,10.205761349213,171870,0.0,1.0
2023-04-14,10.18,10.495,10.14,10.48,10.2645277293428,258728,0.0,1.0
2023-04-13,10.04,10.13,9.91,10.11,9.90213505187556,308012,0.0,1.0
2023-04-12,10.01,10.05,9.82,9.91,9.70624711810947,296897,0.0,1.0
2023-04-11,9.76,9.95,9.76,9.83,9.62789194460304,168816,0.0,1.0
2023-04-10,9.6,9.81,9.57,9.77,9.56912556447321,237107,0.0,1.0
2023-04-06,9.59,9.67,9.525,9.6,9.40262082077204,146972,0.0,1.0
2023-04-05,9.65,9.68,9.5,9.58,9.38303202739543,196553,0.0,1.0
2023-04-04,9.93,9.93,9.41,9.65,9.45159280421356,238408,0.0,1.0
2023-04-03,10.12,10.27,9.87,9.97,9.7650134982393,169334,0.0,1.0
2023-03-31,9.88,10.125,9.83,10.11,9.90213505187556,213891,0.0,1.0
2023-03-30,9.98,10.05,9.82,9.82,9.61809754791473,134839,0.0,1.0
2023-03-29,9.9,9.94,9.75,9.93,9.72583591148608,109175,0.0,1.0
2023-03-28,9.96,10.01,9.76,9.82,9.61809754791473,168719,0.0,1.0
2023-03-27,10.01,10.15,9.81,9.99,9.78460229161591,201951,0.0,1.0
2023-03-24,9.57,9.91,9.48,9.87,9.66706953135625,193315,0.0,1.0
2023-03-23,9.59,9.66,9.39,9.6,9.40262082077204,233749,0.0,1.0
2023-03-22,9.7,9.99,9.55,9.55,9.35364883733052,254133,0.0,1.0
2023-03-21,9.43,9.75,9.305,9.7,9.50056478765508,239866,0.0,1.0
2023-03-20,9.16,9.29,8.75,9.25,9.05981693668139,846620,0.0,1.0
2023-03-17,9.19,9.27,8.97,9.06,8.87372339960361,239582,0.0,1.0
2023-03-16,9.05,9.34,8.99,9.25,9.05981693668139,220290,0.0,1.0
2023-03-15,8.97,9.29,8.97,9.11,8.92269538304513,242425,0.03,1.0
2023-03-14,9.49,9.6,9.11,9.16,8.94221988060103,241168,0.0,1.0
2023-03-13,9.46,9.46,8.97,9.24,9.02031787082462,647901,0.0,1.0
2023-03-10,9.71,9.89,9.25,9.62,9.39128332438667,748915,0.0,1.0
2023-03-09,9.98,10.1,9.72,9.93,9.69391303650308,579942,0.0,1.0
2023-03-08,10.44,10.505,10.27,10.3,10.0551162412872,141523,0.0,1.0
2023-03-07,10.78,10.849,10.2,10.4,10.1527387290667,260197,0.0,1.0
2023-03-06,10.77,10.7875,10.58,10.63,10.3772704509595,156283,0.0,1.0
2023-03-03,10.63,10.81,10.63,10.78,10.5237041826287,177791,0.0,1.0
2023-03-02,10.79,10.79,10.59,10.64,10.3870326997374,43916,0.0,1.0
2023-03-01,10.79,10.97,10.74,10.82,10.5627531777405,94777,0.0,1.0
2023-02-28,11.0,11.055,10.77,10.77,10.5139419338508,102996,0.0,1.0
2023-02-27,10.96,11.02,10.9,11.0,10.7384736557436,73657,0.0,1.0
2023-02-24,10.99,11.06,10.82,10.89,10.6310889191862,49609,0.0,1.0
2023-02-23,11.2,11.27,11.04,11.09,10.8263338947451,60586,0.0,1.0
2023-02-22,11.12,11.18,10.9804,11.11,10.845858392301,72568,0.0,1.0
2023-02-21,11.41,11.41,11.08,11.09,10.8263338947451,74503,0.0,1.0
2023-02-17,11.5,11.66,11.42,11.5,11.226586094641,73621,0.0,1.0
2023-02-16,11.29,11.71,11.29,11.52,11.2461105921969,95079,0.0,1.0
2023-02-15,11.24,11.42,11.24,11.38,11.1094391093057,61098,0.0,1.0
2023-02-14,11.26,11.43,11.25,11.33,11.0606278654159,91524,0.0,1.0
2023-02-13,11.3,11.46,11.25,11.33,11.0606278654159,106124,0.0,1.0
2023-02-10,11.25,11.44,11.2,11.37,11.0996768605277,84787,0.0,1.0
2023-02-09,11.54,11.76,11.26,11.26,10.9922921239703,122085,0.0,1.0
2023-02-08,11.55,11.61,11.45,11.5,11.226586094641,147304,0.0,1.0
2023-02-07,11.51,11.73,11.39,11.6,11.3242085824205,325978,0.0,1.0
2023-02-06,11.73,11.78,11.54,11.55,11.2753973385308,105126,0.0,1.0
2023-02-03,11.53,11.92,11.52,11.81,11.5292158067574,193404,0.0,1.0
2023-02-02,11.44,11.73,11.295,11.62,11.3437330799764,244357,0.0,1.0
2023-02-01,11.22,11.35,11.17,11.31,11.04110336786,293962,0.0,1.0
2023-01-31,11.1,11.31,11.0847,11.3,11.0313411190821,83896,0.0,1.0
2023-01-30,11.25,11.38,11.13,11.13,10.8653828898569,53163,0.0,1.0
2023-01-27,11.34,11.44,11.285,11.32,11.050865616638,81229,0.0,1.0
2023-01-26,11.36,11.36,11.22,11.26,10.9922921239703,49996,0.0,1.0
2023-01-25,11.21,11.35,11.07,11.26,10.9922921239703,187449,0.0,1.0
2023-01-24,11.31,11.39,11.1,11.16,10.8946696361908,103585,0.0,1.0
2023-01-23,11.26,11.53,11.245,11.43,11.1582503531954,128763,0.0,1.0
2023-01-20,11.33,11.45,11.23,11.26,10.9922921239703,153062,0.0,1.0
2023-01-19,11.56,11.58,11.27,11.27,11.0020543727482,65793,0.0,1.0
2023-01-18,11.73,11.75,11.5,11.6,11.3242085824205,85955,0.0,1.0
2023-01-17,11.69,11.88,11.55,11.63,11.3534953287544,103336,0.0,1.0
2023-01-13,11.53,11.65,11.385,11.64,11.3632575775323,117147,0.0,1.0
2023-01-12,11.41,11.65,11.19,11.58,11.3046840848646,118963,0.0,1.0
2023-01-11,11.37,11.415,11.2,11.28,11.0118166215262,143247,0.0,1.0
2023-01-10,11.01,11.26,11.01,11.25,10.9825298751923,214430,0.0,1.0
2023-01-09,10.99,11.24,10.99,11.05,10.7872848996333,123646,0.0,1.0
2023-01-06,10.77,10.94,10.69,10.88,10.6213266704082,129872,0.0,1.0
2023-01-05,10.99,10.99,10.74,10.74,10.4846551875169,93903,0.0,1.0
2023-01-04,10.98,11.22,10.8,11.01,10.7482359045215,164293,0.0,1.0
2023-01-03,10.83,11.03,10.72,10.85,10.5920399240744,220722,0.0,1.0
2022-12-30,10.24,10.735,10.2,10.67,10.4163194460713,723065,0.0,1.0
2022-12-29,9.96,10.52,9.96,10.33,10.084402987621,337119,0.0,1.0
2022-12-28,10.23,10.37,9.92,9.92,9.68415078772514,576429,0.0,1.0
2022-12-27,9.86,10.4273,9.86,10.39,10.1429764802887,411226,0.0,1.0
2022-12-23,9.67,9.85,9.49,9.76,9.52795480727796,279686,0.0,1.0
2022-12-22,10.06,10.085,9.83,9.85,9.61581504627949,135751,0.0,1.0
2022-12-21,10.51,10.59,10.11,10.18,9.9379692559518,342437,0.0,1.0
2022-12-20,10.09,10.45,10.09,10.45,10.2015499729564,236318,0.0,1.0
2022-12-19,10.21,10.32,10.09,10.21,9.96725600228565,342973,0.0,1.0
2022-12-16,10.41,10.55,10.24,10.44,10.1917877241785,615134,0.0,1.0
2022-12-15,10.67,10.75,10.15,10.45,10.2015499729564,359434,0.0,1.0
2022-12-14,10.67,10.9,10.59,10.82,10.5627531777405,302350,0.0,1.0
2022-12-13,10.8,10.82,10.48,10.62,10.3675082021815,288819,0.0,1.0
2022-12-12,10.36,10.71,10.36,10.53,10.27964796318,108463,0.0,1.0
2022-12-09,10.25,10.36,10.25,10.27,10.0258294949533,108763,0.0,1.0
2022-12-08,10.3,10.48,10.2314,10.3,10.0551162412872,145861,0.0,1.0
2022-12-07,10.24,10.32,10.1933,10.3,10.0551162412872,87420,0.0,1.0
2022-12-06,10.48,10.52,10.185,10.24,9.9965427486195,171672,0.0,1.0
2022-12-05,10.55,10.585,10.5,10.53,10.27964796318,181171,0.0,1.0
2022-12-02,10.36,10.605,10.29,10.55,10.2991724607359,125228,0.0,1.0
2022-12-01,10.22,10.51,10.22,10.46,10.2113122217344,109336,0.0,1.0
2022-11-30,10.24,10.36,10.06,10.23,9.98678049984155,213234,0.0,1.0
2022-11-29,10.23,10.34,10.11,10.22,9.9770182510636,91453,0.03,1.0
2022-11-28,10.37,10.4,10.175,10.25,9.9770182510636,107192,0.0,1.0
2022-11-25,10.23,10.43,10.185,10.39,10.1132897198586,53169,0.0,1.0
2022-11-23,10.37,10.37,10.03,10.19,9.91861619300859,150746,0.0,1.0
2022-11-22,10.16,10.35,9.91,10.28,10.0062192800911,163171,0.0,1.0
2022-11-21,10.19,10.39,10.1,10.14,9.86994781129609,116981,0.0,1.0
2022-11-18,10.0,10.26,9.78,10.25,9.9770182510636,176654,0.0,1.0
2022-11-17,9.74,10.105,9.74,9.97,9.70447531347357,141994,0.0,1.0
2022-11-16,9.91,10.05,9.82,9.91,9.64607325541856,148994,0.0,1.0
2022-11-15,9.84,10.26,9.84,10.0,9.73367634250107,153508,0.0,1.0
2022-11-14,10.28,10.29,9.65,9.72,9.46113340491104,219562,0.0,1.0
2022-11-11,10.47,10.68,10.17,10.28,10.0062192800911,244250,0.0,1.0
2022-11-10,10.12,10.83,10.12,10.54,10.2592948649961,240673,0.0,1.0
2022-11-09,9.8,9.9,9.66,9.72,9.46113340491104,97847,0.0,1.0
2022-11-08,10.05,10.05,9.825,9.88,9.61687222639106,84763,0.0,1.0
2022-11-07,10.11,10.17,9.8,10.0,9.73367634250107,143804,0.0,1.0
2022-11-04,10.26,10.36,9.86,10.02,9.75314369518607,132446,0.0,1.0
2022-11-03,10.41,10.44,10.13,10.13,9.86021413495359,54846,0.0,1.0
2022-11-02,10.55,10.72,10.44,10.55,10.2690285413386,75054,0.0,1.0
2022-11-01,10.44,10.55,10.38,10.48,10.2008928069411,171111,0.0,1.0
2022-10-31,10.73,10.85,10.39,10.39,10.1132897198586,84438,0.0,1.0
2022-10-28,10.68,10.85,10.635,10.81,10.5221041262437,76506,0.0,1.0
2022-10-27,10.71,10.75,10.49,10.62,10.3371642757361,73796,0.0,1.0
2022-10-26,10.81,10.85,10.66,10.66,10.3760989811061,54511,0.0,1.0
2022-10-25,10.6,10.9,10.5101,10.78,10.4929030972162,261619,0.0,1.0
2022-10-24,10.49,10.67,10.39,10.6,10.3176969230511,86848,0.0,1.0
2022-10-21,10.26,10.57,10.26,10.48,10.2008928069411,64729,0.0,1.0
2022-10-20,10.42,10.73,10.26,10.32,10.0451539854611,254081,0.0,1.0
2022-10-19,10.43,10.55,10.37,10.43,10.1522244252286,134809,0.0,1.0
2022-10-18,10.53,10.61,10.39,10.48,10.2008928069411,143303,0.0,1.0
2022-10-17,10.45,10.4899,10.29,10.32,10.0451539854611,160148,0.0,1.0
2022-10-14,10.48,10.535,10.32,10.33,10.0548876618036,147305,0.0,1.0
2022-10-13,10.01,10.41,9.93,10.4,10.1230233962011,146405,0.0,1.0
2022-10-12,10.22,10.37,10.18,10.24,9.9672845747211,96696,0.0,1.0
2022-10-11,10.41,10.41,10.08,10.27,9.9964856037486,249253,0.0,1.0
2022-10-10,10.63,10.63,10.42,10.45,10.1716917779136,96744,0.0,1.0
2022-10-07,10.82,10.87,10.53,10.62,10.3371642757361,55395,0.0,1.0
2022-10-06,10.95,11.0869,10.81,10.88,10.5902398606412,43775,0.0,1.0
2022-10-05,10.85,11.06,10.85,10.98,10.6875766240662,53065,0.0,1.0
2022-10-04,10.88,11.0584,10.82,11.05,10.7557123584637,92128,0.0,1.0
2022-10-03,10.5,10.78,10.42,10.71,10.4247673628186,166914,0.0,1.0
2022-09-30,10.38,10.55,10.32,10.52,10.2398275123111,1020672,0.0,1.0
2022-09-29,10.48,10.54,10.29,10.35,10.0743550144886,158379,0.0,1.0
2022-09-28,10.55,10.7,10.36,10.61,10.3274305993936,95850,0.0,1.0
2022-09-27,10.79,10.82,10.44,10.49,10.2106264832836,189427,0.0,1.0
2022-09-26,10.7,10.87,10.62,10.7,10.4150336864761,332722,0.0,1.0
2022-09-23,10.68,10.705,10.41,10.61,10.3274305993936,268144,0.0,1.0
2022-09-22,11.23,11.23,10.71,10.71,10.4247673628186,104052,0.0,1.0
2022-09-21,11.12,11.43,11.05,11.25,10.9503858853137,89380,0.0,1.0
2022-09-20,11.27,11.27,10.98,11.03,10.7362450057787,243025,0.0,1.0
2022-09-19,11.36,11.43,11.24,11.31,11.0087879433687,90861,0.0,1.0
2022-09-16,11.37,11.44,11.22,11.43,11.1255920594787,272361,0.0,1.0
2022-09-15,11.57,11.74,11.4,11.47,11.1645267648487,95717,0.0,1.0
2022-09-14,11.58,11.88,11.5301,11.67,11.3592002916988,241659,0.0,1.0
2022-09-13,11.84,11.95,11.54,11.57,11.2618635282737,236144,0.0,1.0
2022-09-12,11.99,12.18,11.97,12.01,11.6901452873438,99639,0.0,1.0
2022-09-09,11.97,12.08,11.87,11.89,11.5733411712338,88491,0.0,1.0
2022-09-08,12.04,12.14,11.78,11.9,11.5830748475763,90407,0.0,1.0
2022-09-07,11.62,12.18,11.61,12.14,11.8166830797963,203831,0.0,1.0
2022-09-06,12.17,12.305,11.45,11.72,11.4078686734113,351801,0.0,1.0
2022-09-02,12.32,12.51,12.18,12.27,11.9432208722488,70910,0.0,1.0
2022-09-01,12.46,12.57,12.11,12.32,11.9918892539613,121069,0.0,1.0
2022-08-31,12.84,12.98,12.45,12.48,12.1476280754413,256591,0.0,1.0
2022-08-30,12.85,12.92,12.42,12.47,12.1378943990988,112066,0.0,1.0
2022-08-29,12.95,13.185,12.68,12.71,12.3715026313189,175279,0.0,1.0
2022-08-26,12.97,13.26,12.72,12.98,12.6343118925664,268581,0.03,1.0
2022-08-25,12.75,12.91,12.59,12.7,12.333263722951,95310,0.0,1.0
2022-08-24,12.6,12.775,12.5,12.69,12.3235524916731,142898,0.0,1.0
2022-08-23,12.86,12.93,12.64,12.7,12.333263722951,90779,0.0,1.0
2022-08-22,12.89,12.93,12.6801,12.79,12.4206648044523,132939,0.0,1.0
2022-08-19,13.34,13.34,12.95,12.99,12.6148894300106,82502,0.0,1.0
2022-08-18,13.17,13.4,13.05,13.4,13.013049912405,138218,0.0,1.0
2022-08-17,13.01,13.23,12.84,13.19,12.8091140555688,162956,0.0,1.0
2022-08-16,13.11,13.43,12.95,13.09,12.7120017427897,225005,0.0,1.0
2022-08-15,13.52,13.78,12.98,13.02,12.6440231238443,232219,0.0,1.0
2022-08-12,12.59,13.55,12.5,13.4,13.013049912405,482307,0.0,1.0
2022-08-11,12.49,12.6,12.22,12.25,11.8962583154449,113988,0.0,1.0
2022-08-10,12.25,12.4,12.25,12.37,12.0127930907799,51190,0.0,1.0
2022-08-09,12.21,12.23,12.05,12.21,11.8574133903333,65091,0.0,1.0
2022-08-08,12.19,12.34,12.09,12.14,11.7894347713879,33089,0.0,1.0
2022-08-05,12.18,12.33,12.05,12.11,11.7603010775541,26261,0.0,1.0
2022-08-04,12.2,12.29,12.04,12.23,11.8768358528891,44006,0.0,1.0
2022-08-03,11.95,12.24,11.95,12.22,11.8671246216112,98269,0.0,1.0
2022-08-02,12.18,12.23,11.94,12.01,11.663188764775,87747,0.0,1.0
2022-08-01,11.83,12.23,11.76,12.19,11.8379909277774,311688,0.0,1.0
2022-07-29,11.83,11.93,11.7,11.83,11.4883866017725,81074,0.0,1.0
2022-07-28,11.77,11.9,11.62,11.77,11.430119214105,117311,0.0,1.0
2022-07-27,11.59,11.72,11.5,11.69,11.3524293638817,79343,0.0,1.0
2022-07-26,11.59,11.59,11.38,11.5,11.1679159696013,70509,0.0,1.0
2022-07-25,11.65,11.65,11.35,11.53,11.1970496634351,133359,0.0,1.0
2022-07-22,11.86,11.86,11.55,11.7,11.3621405951596,80994,0.0,1.0
2022-07-21,11.92,12.015,11.82,11.91,11.5660764519958,78631,0.0,1.0
2022-07-20,11.85,12.03,11.73,11.9,11.5563652207179,344040,0.0,1.0
2022-07-19,12.01,12.1788,11.78,11.91,11.5660764519958,268348,0.0,1.0
2022-07-18,12.06,12.1,11.79,11.97,11.6243438396633,112152,0.0,1.0
2022-07-15,11.6,11.93,11.545,11.93,11.5854989145517,69345,0.0,1.0
2022-07-14,11.38,11.48,11.161,11.45,11.1193598132118,60313,0.0,1.0
2022-07-13,11.74,11.79,11.46,11.5,11.1679159696013,36218,0.0,1.0
2022-07-12,11.77,12.05,11.7,11.85,11.5078090643283,58510,0.0,1.0
2022-07-11,11.9,11.9,11.57,11.75,11.4106967515492,42269,0.0,1.0
2022-07-08,12.1,12.1,11.7561,11.91,11.5660764519958,36656,0.0,1.0
2022-07-07,11.85,12.16,11.715,12.06,11.7117449211645,80937,0.0,1.0
2022-07-06,11.78,11.85,11.675,11.75,11.4106967515492,142522,0.0,1.0
2022-07-05,11.23,11.86,11.15,11.86,11.5175202956063,142996,0.0,1.0
2022-07-01,11.09,11.44,11.08,11.42,11.090226119378,69176,0.0,1.0
2022-06-30,10.79,11.12,10.72,11.12,10.7988891810406,91957,0.0,1.0
2022-06-29,11.24,11.24,10.76,10.97,10.6532207118719,120320,0.0,1.0
2022-06-28,11.01,11.26,10.785,11.26,10.9348464189314,197564,0.0,1.0
2022-06-27,10.64,11.05,10.56,10.89,10.5755308616486,292424,0.0,1.0
2022-06-24,10.5,10.8725,10.5,10.56,10.2550602294774,143016,0.0,1.0
2022-06-23,10.5,10.69,10.31,10.41,10.1093917603087,92978,0.0,1.0
2022-06-22,10.77,10.94,10.42,10.59,10.2841939233112,497862,0.0,1.0
2022-06-21,10.91,11.3,10.91,10.99,10.6726431744277,353203,0.0,1.0
2022-06-17,10.57,10.94,10.51,10.89,10.5755308616486,1091573,0.0,1.0
2022-06-16,10.62,10.67,10.27,10.54,10.2356377669216,504037,0.0,1.0
2022-06-15,10.56,11.04,10.43,10.91,10.5949533242044,496827,0.0,1.0
2022-06-14,10.31,10.51,10.16,10.43,10.1288142228645,148569,0.0,1.0
2022-06-13,10.3,10.48,10.09,10.24,9.94430082858415,155774,0.0,1.0
2022-06-10,11.14,11.2,10.56,10.56,10.2550602294774,102538,0.0,1.0
2022-06-09,11.26,11.41,11.06,11.27,10.9445576502093,125913,0.0,1.0
2022-06-08,11.59,11.65,10.97,11.24,10.9154239563756,122943,0.0,1.0
2022-06-07,11.4,11.62,11.2825,11.55,11.2164721259909,145884,0.0,1.0
2022-06-06,12.12,12.26,11.31,11.42,11.090226119378,200880,0.0,1.0
2022-06-03,11.8,12.0,11.69,11.99,11.6437663022191,78146,0.0,1.0
2022-06-02,11.55,11.9,11.47,11.85,11.5078090643283,94665,0.0,1.0
2022-06-01,11.59,11.7,11.28,11.45,11.1193598132118,109400,0.0,1.0
2022-05-31,11.65,11.65,11.29,11.5,11.1679159696013,83081,0.0,1.0
2022-05-27,11.76,12.1,11.62,11.66,11.323295670048,118399,0.03,1.0
2022-05-26,11.3,11.87,11.3,11.68,11.3136093606638,95646,0.0,1.0
2022-05-25,11.3,11.4,11.12,11.22,10.8680391289939,117485,0.0,1.0
2022-05-24,11.38,11.42,11.03,11.29,10.9358432946828,59247,0.0,1.0
2022-05-23,11.38,11.68,11.32,11.49,11.1295694823654,105869,0.0,1.0
2022-05-20,11.33,11.42,11.21,11.39,11.0327063885241,129318,0.0,1.0
2022-05-19,11.41,11.66,11.05,11.18,10.8292938914573,96020,0.0,1.0
2022-05-18,11.33,11.59,11.3,11.51,11.1489421011336,146154,0.0,1.0
2022-05-17,11.47,11.545,11.21,11.41,11.0520790072923,134020,0.0,1.0
2022-05-16,11.21,11.44,11.11,11.26,10.9067843665304,103846,0.0,1.0
2022-05-13,11.34,11.45,11.02,11.2,10.8486665102256,170465,0.0,1.0
2022-05-12,10.81,11.305,10.57,11.04,10.6936855600795,188667,0.0,1.0
2022-05-11,10.77,11.11,10.53,10.86,10.5193319911652,175091,0.0,1.0
2022-05-10,11.38,11.57,10.68,10.75,10.4127825879398,224316,0.0,1.0
2022-05-09,12.11,12.22,11.16,11.34,10.9842748416034,252378,0.0,1.0
2022-05-06,12.14,12.3,11.9,12.26,11.8754153049434,112764,0.0,1.0
2022-05-05,12.3,12.32,11.97,12.19,11.8076111392545,112436,0.0,1.0
2022-05-04,12.16,12.46,12.02,12.46,12.069141492626,113304,0.0,1.0
2022-05-03,12.29,12.29,12.123,12.16,11.7785522111021,77226,0.0,1.0
2022-05-02,12.1,12.27,11.98,12.24,11.8560426861751,138155,0.0,1.0
2022-04-29,12.2,12.43,11.98,12.1,11.7204343547973,746440,0.0,1.0
2022-04-28,12.15,12.39,11.98,12.25,11.8657289955593,254488,0.0,1.0
2022-04-27,12.26,12.44,11.97,12.09,11.7107480454132,221157,0.0,1.0
2022-04-26,12.16,12.59,11.86,12.21,11.8269837580227,193844,0.0,1.0
2022-04-25,11.85,12.3,11.85,12.22,11.8366700674069,195269,0.0,1.0
2022-04-22,11.79,12.06,11.54,11.9,11.5267081671147,392209,0.0,1.0
2022-04-21,12.2,12.49,11.66,11.85,11.4782766201941,262467,0.0,1.0
2022-04-20,11.89,12.21,11.88,12.13,11.7494932829497,151422,0.0,1.0
2022-04-19,11.34,11.81,11.34,11.79,11.4201587638893,120361,0.0,1.0
2022-04-18,11.59,11.68,11.41,11.42,11.0617653166765,75724,0.0,1.0
2022-04-14,11.89,11.99,11.56,11.7,11.3329819794321,129394,0.0,1.0
2022-04-13,11.31,11.81,11.2501,11.81,11.4395313826575,81497,0.0,1.0
2022-04-12,11.44,11.62,11.27,11.39,11.0327063885241,91266,0.0,1.0
2022-04-11,11.68,11.859,11.315,11.44,11.0811379354447,92601,0.0,1.0
2022-04-08,11.45,11.81,11.4,11.56,11.1973736480543,93102,0.0,1.0
2022-04-07,11.25,11.62,11.12,11.51,11.1489421011336,182171,0.0,1.0
2022-04-06,11.81,11.81,11.37,11.38,11.0230200791399,158710,0.0,1.0
2022-04-05,12.33,12.36,11.71,11.89,11.5170218577306,255572,0.0,1.0
2022-04-04,12.28,12.54,12.15,12.38,11.9916510175529,232842,0.0,1.0
2022-04-01,12.12,12.42,12.06,12.28,11.8947879237116,146785,0.0,1.0
2022-03-31,12.19,12.3,12.09,12.12,11.7398069735656,108839,0.0,1.0
2022-03-30,12.17,12.44,12.095,12.17,11.7882385204862,113103,0.0,1.0
2022-03-29,12.39,12.58,12.12,12.17,11.7882385204862,356137,0.0,1.0
2022-03-28,12.39,12.45,12.3,12.36,11.9722783987847,93848,0.0,1.0
2022-03-25,12.32,12.5,12.32,12.4,12.0110236363212,110258,0.0,1.0
2022-03-24,12.4,12.53,12.25,12.4,12.0110236363212,142621,0.0,1.0
2022-03-23,12.24,12.6,12.16,12.28,11.8947879237116,99118,0.0,1.0
2022-03-22,12.17,12.31,12.07,12.28,11.8947879237116,140036,0.0,1.0
2022-03-21,11.97,12.26,11.93,12.11,11.7301206641814,126429,0.0,1.0
2022-03-18,12.17,12.48,11.9,11.9,11.5267081671147,321539,0.0,1.0
2022-03-17,12.0,12.29,12.0,12.22,11.8366700674069,109710,0.0,1.0
2022-03-16,11.87,12.21,11.765,11.97,11.5945123328036,258519,0.0,1.0
2022-03-15,11.76,11.89,11.62,11.83,11.4589040014258,179563,0.0,1.0
2022-03-14,11.65,11.89,11.45,11.67,11.3039230512797,153813,0.0,1.0
2022-03-11,11.91,11.96,11.62,11.7,11.3329819794321,130251,0.0,1.0
2022-03-10,11.99,12.15,11.8,11.89,11.5170218577306,89556,0.0,1.0
2022-03-09,11.97,12.22,11.9,12.2,11.8172974486386,109540,0.0,1.0
2022-03-08,12.0,12.19,11.74,11.8,11.4298450732734,118602,0.0,1.0
2022-03-07,12.02,12.68,11.71,12.0,11.623571260956,375588,0.0,1.0
2022-03-04,12.07,12.1,11.82,12.09,11.7107480454132,333423,0.0,1.0
2022-03-03,12.27,12.575,12.05,12.16,11.7785522111021,233517,0.0,1.0
2022-03-02,11.94,12.49,11.93,12.3,11.9141605424799,240815,0.0,1.0
2022-03-01,12.61,13.72,11.86,11.91,11.5363944764988,418990,0.0,1.0
2022-02-28,12.4,12.5675,12.15,12.44,12.0497688738577,272046,0.0,1.0
2022-02-25,12.38,12.54,12.16,12.48,12.0885141113942,179487,0.0,1.0
2022-02-24,12.29,12.53,11.82,12.3,11.9141605424799,177079,0.0,1.0
2022-02-23,12.36,12.86,12.2,12.61,12.2144361333879,146817,0.0,1.0
2022-02-22,12.66,12.74,11.99,12.26,11.8754153049434,125038,0.0,1.0
2022-02-18,13.07,13.1,12.78,12.82,12.4178486304547,82149,0.0,1.0
2022-02-17,13.28,13.42,13.05,13.05,12.6406337462897,107664,0.0,1.0
2022-02-16,12.72,13.56,12.7,13.31,12.892477790277,81462,0.0,1.0
2022-02-15,12.31,12.75,12.2913,12.75,12.3500444647658,82255,0.0,1.0
2022-02-14,12.56,12.6,12.13,12.21,11.8269837580227,109421,0.0,1.0
2022-02-11,12.5,12.61,12.37,12.53,12.1369456583149,160079,0.0,1.0
2022-02-10,12.5,12.64,12.42,12.5,12.1078867301625,131026,0.0,1.0
2022-02-09,12.63,12.68,12.47,12.57,12.1756908958514,127672,0.0,1.0
2022-02-08,12.6,12.75,12.52,12.55,12.1563182770832,126743,0.0,1.0
2022-02-07,12.72,12.8219,12.49,12.6,12.2047498240038,202026,0.0,1.0
2022-02-04,12.55,12.8018,12.4425,12.66,12.2628676803086,182363,0.0,1.0
2022-02-03,12.6,12.7,12.46,12.51,12.1175730395466,138773,0.0,1.0
2022-02-02,12.72,12.82,12.34,12.7,12.3016129178451,151663,0.0,1.0
2022-02-01,12.12,12.63,11.85,12.57,12.1756908958514,238059,0.0,1.0
2022-01-31,12.12,12.15,11.9,12.08,11.701061736029,259187,0.0,1.0
2022-01-28,11.71,11.8675,11.44,11.79,11.4201587638893,188596,0.0,1.0
2022-01-27,11.79,11.87,11.43,11.71,11.3426682888162,125682,0.0,1.0
2022-01-26,12.1,12.1673,11.58,11.67,11.3039230512797,182831,0.0,1.0
2022-01-25,12.0,12.15,11.79,12.02,11.6429438797243,283409,0.0,1.0
2022-01-24,12.1,12.388,12.03,12.1,11.7204343547973,193917,0.0,1.0
2022-01-21,12.55,12.68,12.24,12.25,11.8657289955593,300324,0.0,1.0
2022-01-20,12.83,12.84,12.6,12.63,12.2338087521562,67253,0.0,1.0
2022-01-19,12.84,13.1864,12.7,12.72,12.3209855366134,60207,0.0,1.0
2022-01-18,13.12,13.27,12.77,12.8,12.3984760116864,68096,0.0,1.0
2022-01-14,13.39,13.47,13.0,13.3,12.8827914808929,114669,0.0,1.0
2022-01-13,13.16,13.68,12.95,13.5,13.0765176685755,162864,0.0,1.0
2022-01-12,13.06,13.44,12.81,13.15,12.737496840131,156761,0.0,1.0
2022-01-11,12.67,13.14,12.67,13.0,12.592202199369,86095,0.0,1.0
2022-01-10,13.07,13.07,12.64,12.74,12.3403581553816,220914,0.0,1.0
2022-01-07,13.06,13.2,12.91,13.1,12.6890652932103,65319,0.0,1.0
2022-01-06,13.15,13.3351,12.81,13.07,12.6600063650579,122143,0.0,1.0
2022-01-05,13.36,13.6,13.0,13.2,12.7859283870516,132245,0.0,1.0
2022-01-04,13.67,13.68,13.12,13.43,13.0087135028866,253903,0.0,1.0
2022-01-03,14.11,14.19,13.39,13.67,13.2411849281057,174837,0.0,1.0
2021-12-31,13.55,14.03,13.55,13.98,13.5414605190137,130739,0.0,1.0
2021-12-30,13.18,13.61,13.07,13.54,13.115262906112,169042,0.0,1.0
2021-12-29,12.76,13.35,12.53,13.15,12.737496840131,193274,0.0,1.0
2021-12-28,12.61,12.83,12.61,12.74,12.3403581553816,189729,0.0,1.0
2021-12-27,12.69,12.92,12.5,12.65,12.2531813709245,91413,0.0,1.0
2021-12-23,12.43,12.8,12.4,12.6,12.2047498240038,228556,0.0,1.0
2021-12-22,12.28,12.56,12.28,12.42,12.0303962550895,194715,0.0,1.0
2021-12-21,12.2,12.54,12.09,12.3,11.9141605424799,517618,0.0,1.0
2021-12-20,12.16,12.72,12.14,12.14,11.7591795923338,643621,0.0,1.0
2021-12-17,12.96,13.54,12.33,12.71,12.3112992272292,1412681,0.0,1.0
2021-12-16,13.42,13.69,13.02,13.03,12.6212611275214,570557,0.0,1.0
2021-12-15,13.26,13.92,13.11,13.43,13.0087135028866,461406,0.0,1.0
2021-12-14,13.24,13.7,13.03,13.25,12.8343599339723,161400,0.0,1.0
2021-12-13,13.99,14.1899,13.06,13.49,13.0668313591914,174577,0.0,1.0
2021-12-10,14.45,14.6,13.59,14.03,13.5898920659344,145046,0.0,1.0
2021-12-09,14.54,14.8472,13.86,14.38,13.9289128943789,145450,0.0,1.0
2021-12-08,15.01,15.0296,14.2301,14.73,14.2679337228235,188563,0.0,1.0
2021-12-07,14.51,15.2965,14.51,15.01,14.5391503855791,228214,0.0,1.0
2021-12-06,14.5,14.9,14.1,14.5,14.0451486069885,416603,0.0,1.0
2021-12-03,14.4,14.6,14.212,14.35,13.8998539662266,365813,0.0,1.0
2021-12-02,14.18,14.38,13.91,14.35,13.8998539662266,472134,0.0,1.0
2021-12-01,13.88,14.3,13.86,14.02,13.5802057565503,298614,0.0,1.0
2021-11-30,13.22,13.8,13.05,13.77,13.338048021947,334637,0.0,1.0
2021-11-29,13.41,13.41,12.93,13.17,12.7568694588992,274798,0.0,1.0
2021-11-26,13.32,13.37,13.1265,13.27,12.8537325527405,31734,0.0,1.0
2021-11-24,13.1,13.53,13.1,13.5,13.0765176685755,75619,0.0,1.0
2021-11-23,13.9,13.9,12.9,13.23,12.814987315204,449797,0.0,1.0
2021-11-22,14.68,14.95,13.92,13.93,13.4930289720931,329282,0.0,1.0
2021-11-19,13.91,14.245,13.61,13.95,13.5124015908614,176875,0.0,1.0
2021-11-18,13.93,14.39,13.47,14.03,13.5898920659344,372551,0.0,1.0
2021-11-17,14.01,14.273,13.8,13.96,13.5220879002455,209153,0.0,1.0
2021-11-16,13.99,14.4799,13.86,13.96,13.5220879002455,283995,0.0,1.0
2021-11-15,13.85,14.67,13.69,13.99,13.5511468283979,389757,0.0,1.0
2021-11-12,12.63,14.0,12.63,13.45,13.0280861216549,562971,0.0,1.0
2021-11-11,12.31,12.75,12.13,12.65,12.2531813709245,167049,0.0,1.0
2021-11-10,12.36,12.7898,12.36,12.55,12.1563182770832,334646,0.0,1.0
2021-11-09,12.32,12.6,12.31,12.57,12.1756908958514,209174,0.0,1.0
2021-11-08,12.36,12.6,12.25,12.49,12.0982004207784,267076,0.0,1.0
2021-11-05,12.22,12.6,12.22,12.5,12.1078867301625,85776,0.0,1.0
2021-11-04,12.05,12.5,12.05,12.42,12.0303962550895,121638,0.0,1.0
2021-11-03,12.18,12.65,12.07,12.25,11.8657289955593,191532,0.0,1.0
2021-11-02,12.05,12.48,12.05,12.32,11.9335331612482,93376,0.0,1.0
2021-11-01,12.39,12.72,12.0,12.15,11.768865901718,491592,0.0,1.0
2021-10-29,12.12,12.72,12.1,12.5,12.1078867301625,384727,0.0,1.0
2021-10-28,12.42,12.5796,12.1,12.21,11.8269837580227,331386,0.0,1.0
2021-10-27,12.35,13.155,12.23,12.35,11.9625920894006,330073,0.0,1.0
2021-10-26,12.5,12.7,12.01,12.49,12.0982004207784,682201,0.0,1.0
2021-10-25,12.01,12.69,12.0,12.5,12.1078867301625,1119191,0.0,1.0
2021-10-22,12.0,12.1,11.71,12.0,11.623571260956,851660,0.0,1.0
2021-10-21,12.02,12.7,11.27,12.08,11.701061736029,6070390,0.0,1.0
