,VTRS_Open,VTRS_High,VTRS_Low,VTRS_Close,VTRS_Adj Close,VTRS_Volume,VTRS_Dividend Amount,VTRS_Split Coefficient
2024-11-01,11.67,11.765,11.58,11.62,11.62,5348093,0.0,1.0
2024-10-31,11.88,11.9,11.59,11.6,11.6,8053334,0.0,1.0
2024-10-30,11.67,11.96,11.65,11.89,11.89,4764543,0.0,1.0
2024-10-29,11.69,11.78,11.63,11.74,11.74,4802772,0.0,1.0
2024-10-28,11.52,11.79,11.48,11.76,11.76,5020324,0.0,1.0
2024-10-25,11.56,11.685,11.43,11.44,11.44,3180388,0.0,1.0
2024-10-24,11.56,11.635,11.425,11.48,11.48,4068265,0.0,1.0
2024-10-23,11.63,11.715,11.49,11.55,11.55,3470463,0.0,1.0
2024-10-22,11.54,11.71,11.52,11.67,11.67,4077355,0.0,1.0
2024-10-21,11.76,11.81,11.57,11.57,11.57,3713524,0.0,1.0
2024-10-18,11.61,11.77,11.51,11.76,11.76,4684285,0.0,1.0
2024-10-17,11.82,11.825,11.66,11.71,11.71,4003830,0.0,1.0
2024-10-16,11.85,11.89,11.725,11.82,11.82,4354882,0.0,1.0
2024-10-15,11.39,11.93,11.36,11.84,11.84,6745519,0.0,1.0
2024-10-14,11.37,11.405,11.275,11.39,11.39,5050592,0.0,1.0
2024-10-11,11.37,11.45,11.315,11.38,11.38,4219439,0.0,1.0
2024-10-10,11.42,11.46,11.245,11.33,11.33,4838821,0.0,1.0
2024-10-09,11.36,11.465,11.29,11.41,11.41,4210225,0.0,1.0
2024-10-08,11.33,11.43,11.235,11.32,11.32,4411864,0.0,1.0
2024-10-07,11.6,11.645,11.33,11.33,11.33,4618300,0.0,1.0
2024-10-04,11.5,11.65,11.48,11.59,11.59,4015407,0.0,1.0
2024-10-03,11.39,11.45,11.28,11.43,11.43,7017084,0.0,1.0
2024-10-02,11.48,11.52,11.33,11.47,11.47,6955840,0.0,1.0
2024-10-01,11.62,11.66,11.41,11.49,11.49,6820824,0.0,1.0
2024-09-30,11.57,11.645,11.49,11.61,11.61,6335541,0.0,1.0
2024-09-27,11.64,11.68,11.495,11.55,11.55,6370686,0.0,1.0
2024-09-26,11.295,11.65,11.19,11.62,11.62,10515818,0.0,1.0
2024-09-25,11.49,11.55,11.21,11.27,11.27,19555058,0.0,1.0
2024-09-24,11.515,11.6,11.42,11.45,11.45,10061502,0.0,1.0
2024-09-23,11.44,11.65,11.42,11.47,11.47,11824614,0.0,1.0
2024-09-20,11.73,11.76,11.22,11.39,11.39,48176059,0.0,1.0
2024-09-19,12.0,12.12,11.835,11.9,11.9,7905899,0.0,1.0
2024-09-18,11.8,12.015,11.69,11.9,11.9,6424746,0.0,1.0
2024-09-17,11.78,11.83,11.67,11.82,11.82,7437684,0.0,1.0
2024-09-16,11.74,11.82,11.555,11.81,11.81,6201870,0.0,1.0
2024-09-13,11.77,11.93,11.62,11.66,11.66,4802877,0.0,1.0
2024-09-12,11.38,11.77,11.36,11.75,11.75,8430812,0.0,1.0
2024-09-11,11.1,11.41,10.99,11.34,11.34,9510895,0.0,1.0
2024-09-10,11.13,11.19,10.845,11.17,11.17,10988147,0.0,1.0
2024-09-09,11.28,11.475,11.1,11.13,11.13,9489198,0.0,1.0
2024-09-06,11.69,11.775,11.155,11.27,11.27,9593640,0.0,1.0
2024-09-05,11.84,11.9,11.64,11.67,11.67,5034232,0.0,1.0
2024-09-04,11.9,11.91,11.72,11.78,11.78,6147418,0.0,1.0
2024-09-03,11.89,11.99,11.84,11.89,11.89,5801882,0.0,1.0
2024-08-30,11.93,12.1,11.93,12.08,12.08,6717166,0.0,1.0
2024-08-29,11.91,11.955,11.78,11.89,11.89,4033826,0.0,1.0
2024-08-28,11.68,11.93,11.65,11.9,11.9,6583624,0.0,1.0
2024-08-27,11.73,11.76,11.615,11.69,11.69,4466437,0.0,1.0
2024-08-26,11.76,11.86,11.7,11.75,11.75,6090569,0.0,1.0
2024-08-23,11.6,11.78,11.57,11.76,11.76,6060175,0.12,1.0
2024-08-22,11.71,11.82,11.66,11.7,11.5818181818182,4631673,0.0,1.0
2024-08-21,11.68,11.76,11.56,11.72,11.6016161616162,8580321,0.0,1.0
2024-08-20,11.77,11.845,11.64,11.66,11.5422222222222,5449667,0.0,1.0
2024-08-19,11.73,11.86,11.65,11.83,11.7105050505051,4983876,0.0,1.0
2024-08-16,11.67,11.83,11.645,11.66,11.5422222222222,11491369,0.0,1.0
2024-08-15,11.44,11.7199,11.44,11.67,11.5521212121212,10020903,0.0,1.0
2024-08-14,11.48,11.49,11.125,11.4,11.2848484848485,11161043,0.0,1.0
2024-08-13,11.58,11.59,11.4,11.57,11.4531313131313,6681355,0.0,1.0
2024-08-12,11.77,11.77,11.46,11.57,11.4531313131313,6972386,0.0,1.0
2024-08-09,12.07,12.07,11.73,11.78,11.6610101010101,8300189,0.0,1.0
2024-08-08,11.88,12.77,11.88,12.1,11.9777777777778,17115847,0.0,1.0
2024-08-07,11.44,11.615,11.32,11.36,11.2452525252525,11623803,0.0,1.0
2024-08-06,11.47,11.68,11.34,11.35,11.2353535353535,7895084,0.0,1.0
2024-08-05,11.51,11.735,11.395,11.56,11.4432323232323,8168807,0.0,1.0
2024-08-02,11.92,12.04,11.66,11.87,11.750101010101,7562292,0.0,1.0
2024-08-01,12.07,12.18,11.9,11.96,11.8391919191919,10426194,0.0,1.0
2024-07-31,12.09,12.25,12.02,12.06,11.9381818181818,13649452,0.0,1.0
2024-07-30,11.99,12.16,11.9,12.13,12.0074747474747,7527748,0.0,1.0
2024-07-29,12.05,12.075,11.86,11.9,11.779797979798,6399562,0.0,1.0
2024-07-26,11.78,12.18,11.78,12.08,11.9579797979798,6020132,0.0,1.0
2024-07-25,11.73,11.95,11.7,11.76,11.6412121212121,4187267,0.0,1.0
2024-07-24,11.64,11.79,11.51,11.7,11.5818181818182,4306184,0.0,1.0
2024-07-23,11.67,11.67,11.435,11.5,11.3838383838384,5592801,0.0,1.0
2024-07-22,11.73,11.8,11.56,11.67,11.5521212121212,4711825,0.0,1.0
2024-07-19,11.85,11.87,11.65,11.84,11.720404040404,5500279,0.0,1.0
2024-07-18,11.86,12.16,11.74,11.77,11.6511111111111,6950787,0.0,1.0
2024-07-17,11.37,11.91,11.34,11.84,11.720404040404,11282481,0.0,1.0
2024-07-16,11.0,11.425,10.935,11.38,11.2650505050505,9488505,0.0,1.0
2024-07-15,11.23,11.235,10.9601,11.0,10.8888888888889,5438821,0.0,1.0
2024-07-12,11.24,11.425,11.205,11.24,11.1264646464646,6402229,0.0,1.0
2024-07-11,10.97,11.21,10.85,11.19,11.0769696969697,6133158,0.0,1.0
2024-07-10,10.77,10.98,10.74,10.89,10.78,7069886,0.0,1.0
2024-07-09,10.6,10.98,10.47,10.8,10.6909090909091,11515617,0.0,1.0
2024-07-08,10.365,10.64,10.34,10.61,10.5028282828283,11063647,0.0,1.0
2024-07-05,10.3,10.36,10.145,10.32,10.2157575757576,17697567,0.0,1.0
2024-07-03,10.46,10.51,10.34,10.38,10.2751515151515,10103025,0.0,1.0
2024-07-02,10.7,10.705,10.33,10.43,10.3246464646465,4934218,0.0,1.0
2024-07-01,10.66,10.785,10.54,10.59,10.4830303030303,7364929,0.0,1.0
2024-06-28,10.54,10.73,10.5,10.63,10.5226262626263,12090489,0.0,1.0
2024-06-27,10.42,10.59,10.32,10.48,10.3741414141414,7771635,0.0,1.0
2024-06-26,10.3,10.46,10.165,10.43,10.3246464646465,7615305,0.0,1.0
2024-06-25,10.45,10.465,10.23,10.31,10.2058585858586,6232840,0.0,1.0
2024-06-24,10.46,10.68,10.34,10.47,10.3642424242424,11721831,0.0,1.0
2024-06-21,10.23,10.5,10.17,10.47,10.3642424242424,29958573,0.0,1.0
2024-06-20,10.03,10.36,9.99,10.26,10.1563636363636,10181899,0.0,1.0
2024-06-18,10.1,10.25,9.925,10.05,9.94848484848485,6445450,0.0,1.0
2024-06-17,10.17,10.18,9.97,10.11,10.0078787878788,6717528,0.0,1.0
2024-06-14,10.35,10.37,10.09,10.17,10.0672727272727,11379725,0.0,1.0
2024-06-13,10.49,10.56,10.365,10.39,10.2850505050505,7875178,0.0,1.0
2024-06-12,10.73,10.94,10.52,10.63,10.5226262626263,10430214,0.0,1.0
2024-06-11,10.46,10.74,10.36,10.64,10.5325252525253,11590683,0.0,1.0
2024-06-10,10.41,10.54,10.21,10.51,10.4038383838384,7245178,0.0,1.0
2024-06-07,10.42,10.6,10.34,10.47,10.3642424242424,5557381,0.0,1.0
2024-06-06,10.44,10.51,10.28,10.42,10.3147474747475,6915569,0.0,1.0
2024-06-05,10.52,10.545,10.4,10.49,10.3840404040404,6054398,0.0,1.0
2024-06-04,10.56,10.66,10.49,10.53,10.4236363636364,6537023,0.0,1.0
2024-06-03,10.69,10.845,10.55,10.58,10.4731313131313,7438098,0.0,1.0
2024-05-31,10.52,10.64,10.42,10.6,10.4929292929293,8862334,0.0,1.0
2024-05-30,10.31,10.5,10.295,10.48,10.3741414141414,5823176,0.0,1.0
2024-05-29,10.28,10.37,10.24,10.31,10.2058585858586,5739908,0.0,1.0
2024-05-28,10.41,10.535,10.335,10.39,10.2850505050505,6165865,0.0,1.0
2024-05-24,10.54,10.63,10.39,10.41,10.3048484848485,4900638,0.0,1.0
2024-05-23,10.79,10.79,10.395,10.53,10.4236363636364,7970187,0.12,1.0
2024-05-22,10.91,11.04,10.86,10.875,10.6438540332907,6290152,0.0,1.0
2024-05-21,11.04,11.08,10.885,10.96,10.7270473751601,6631386,0.0,1.0
2024-05-20,11.0,11.21,10.975,11.07,10.834709346991,13020697,0.0,1.0
2024-05-17,11.02,11.05,10.89,10.98,10.7466222791293,14009982,0.0,1.0
2024-05-16,11.0,11.24,10.96,11.02,10.7857720870679,9719075,0.0,1.0
2024-05-15,11.2,11.295,10.97,11.07,10.834709346991,8137429,0.0,1.0
2024-05-14,11.41,11.48,11.06,11.14,10.9032215108835,9266424,0.0,1.0
2024-05-13,11.21,11.39,11.17,11.36,11.1185454545455,9149400,0.0,1.0
2024-05-10,11.19,11.49,11.105,11.16,10.9227964148528,9576034,0.0,1.0
2024-05-09,11.43,11.69,11.09,11.22,10.9815211267606,15229842,0.0,1.0
2024-05-08,11.75,12.04,11.7,11.81,11.558980793854,10577966,0.0,1.0
2024-05-07,11.83,11.91,11.71,11.72,11.4708937259923,6075206,0.0,1.0
2024-05-06,11.81,11.87,11.7,11.82,11.5687682458387,6028846,0.0,1.0
2024-05-03,11.67,11.865,11.63,11.78,11.5296184379001,5088581,0.0,1.0
2024-05-02,11.69,11.73,11.51,11.6,11.3534443021767,7905787,0.0,1.0
2024-05-01,11.57,11.8,11.44,11.63,11.3828066581306,8672646,0.0,1.0
2024-04-30,11.74,11.75,11.57,11.57,11.3240819462228,20387113,0.0,1.0
2024-04-29,11.51,11.79,11.489,11.78,11.5296184379001,5843723,0.0,1.0
2024-04-26,11.43,11.65,11.4,11.57,11.3240819462228,5166294,0.0,1.0
2024-04-25,11.55,11.65,11.36,11.47,11.2262074263764,6540893,0.0,1.0
2024-04-24,11.34,11.58,11.25,11.55,11.3045070422535,7593923,0.0,1.0
2024-04-23,11.25,11.4,11.21,11.36,11.1185454545455,4675294,0.0,1.0
2024-04-22,11.34,11.35,11.21,11.25,11.0108834827145,5099330,0.0,1.0
2024-04-19,11.15,11.31,11.1,11.25,11.0108834827145,4679890,0.0,1.0
2024-04-18,11.12,11.25,11.07,11.12,10.8836466069142,3464188,0.0,1.0
2024-04-17,11.19,11.25,11.09,11.1,10.8640717029449,6068893,0.0,1.0
2024-04-16,11.26,11.26,11.05,11.12,10.8836466069142,6763831,0.0,1.0
2024-04-15,11.43,11.64,11.26,11.32,11.0793956466069,4398649,0.0,1.0
2024-04-12,11.55,11.57,11.195,11.33,11.0891830985916,8160400,0.0,1.0
2024-04-11,11.69,11.735,11.525,11.57,11.3240819462228,4482759,0.0,1.0
2024-04-10,11.65,11.77,11.625,11.71,11.4611062740077,7083819,0.0,1.0
2024-04-09,11.73,11.84,11.7,11.82,11.5687682458387,5625732,0.0,1.0
2024-04-08,11.77,11.9,11.68,11.75,11.5002560819462,8279002,0.0,1.0
2024-04-05,11.72,11.83,11.6345,11.8,11.5491933418694,5793041,0.0,1.0
2024-04-04,12.16,12.16,11.7225,11.76,11.5100435339309,5988112,0.0,1.0
2024-04-03,11.89,12.22,11.89,12.02,11.7645172855314,9150573,0.0,1.0
2024-04-02,11.86,12.0,11.8,11.94,11.6862176696543,6818867,0.0,1.0
2024-04-01,11.97,11.97,11.78,11.94,11.6862176696543,5846559,0.0,1.0
2024-03-28,11.81,12.02,11.775,11.94,11.6862176696543,11960078,0.0,1.0
2024-03-27,11.69,11.8575,11.63,11.83,11.5785556978233,9023190,0.0,1.0
2024-03-26,11.88,11.945,11.58,11.6,11.3534443021767,8223459,0.0,1.0
2024-03-25,11.84,12.0,11.81,11.83,11.5785556978233,4737261,0.0,1.0
2024-03-22,12.04,12.14,11.82,11.84,11.5883431498079,4332218,0.0,1.0
2024-03-21,11.94,12.06,11.8756,12.01,11.7547298335467,4839789,0.0,1.0
2024-03-20,11.8,11.92,11.71,11.88,11.6274929577465,5104786,0.0,1.0
2024-03-19,11.73,11.91,11.7,11.87,11.6177055057618,9294976,0.0,1.0
2024-03-18,11.87,11.94,11.715,11.76,11.5100435339309,8544839,0.0,1.0
2024-03-15,11.72,11.99,11.72,11.94,11.6862176696543,16558242,0.0,1.0
2024-03-14,11.99,11.99,11.67,11.82,11.5687682458387,10449219,0.0,1.0
2024-03-13,12.06,12.2,11.955,12.05,11.7938796414853,11379183,0.0,1.0
2024-03-12,11.96,12.1,11.88,12.06,11.8036670934699,7652967,0.0,1.0
2024-03-11,12.16,12.25,11.84,11.97,11.7155800256082,8095085,0.0,1.0
2024-03-08,12.27,12.335,12.15,12.26,11.9994161331626,5240038,0.12,1.0
2024-03-07,12.17,12.39,12.167,12.33,11.9509532247088,7816896,0.0,1.0
2024-03-06,12.29,12.33,11.95,12.2,11.8249496627289,12226133,0.0,1.0
2024-03-05,12.36,12.41,12.21,12.28,11.902490316255,8755976,0.0,1.0
2024-03-04,12.59,12.6,12.23,12.36,11.9800309697811,11190189,0.0,1.0
2024-03-01,12.37,12.61,12.305,12.59,12.2029603486686,11839610,0.0,1.0
2024-02-29,12.36,12.41,11.96,12.37,11.9897235514719,21664070,0.0,1.0
2024-02-28,13.21,13.55,12.24,12.29,11.9121828979458,26685568,0.0,1.0
2024-02-27,13.39,13.46,13.14,13.23,12.8232855768773,18161819,0.0,1.0
2024-02-26,13.432,13.5,13.33,13.43,13.0171372106926,11668003,0.0,1.0
2024-02-23,13.36,13.6175,13.345,13.53,13.1140630276002,13338184,0.0,1.0
2024-02-22,13.33,13.48,13.26,13.36,12.9492891388572,10900090,0.0,1.0
2024-02-21,13.22,13.32,13.11,13.26,12.8523633219496,9004895,0.0,1.0
2024-02-20,13.0,13.42,12.97,13.24,12.8329781585681,14424630,0.0,1.0
2024-02-16,12.8,13.1,12.77,13.06,12.6585116881344,14121651,0.0,1.0
2024-02-15,12.18,12.94,12.18,12.82,12.4258897275561,15259041,0.0,1.0
2024-02-14,12.0,12.18,11.96,12.07,11.698946100749,7976840,0.0,1.0
2024-02-13,11.86,12.01,11.71,11.97,11.6020202838414,12276545,0.0,1.0
2024-02-12,11.67,12.03,11.66,11.95,11.5826351204599,6899928,0.0,1.0
2024-02-09,11.51,11.695,11.45,11.68,11.3209354148093,6460852,0.0,1.0
2024-02-08,11.7,11.7,11.44,11.56,11.2046244345202,6830157,0.0,1.0
2024-02-07,11.9,11.92,11.66,11.74,11.3790909049539,6505131,0.0,1.0
2024-02-06,11.67,12.02,11.64,11.89,11.5244796303153,7449971,0.0,1.0
2024-02-05,11.77,11.77,11.54,11.58,11.2240095979017,5514241,0.0,1.0
2024-02-02,11.82,11.935,11.69,11.85,11.4857093035523,6442216,0.0,1.0
2024-02-01,11.72,11.925,11.515,11.87,11.5050944669338,6760390,0.0,1.0
2024-01-31,11.8,12.21,11.72,11.77,11.4081686500262,13432063,0.0,1.0
2024-01-30,11.842,11.86,11.64,11.81,11.4469389767892,5618950,0.0,1.0
2024-01-29,11.91,11.97,11.76,11.88,11.5147870486245,6216634,0.0,1.0
2024-01-26,11.85,11.97,11.795,11.93,11.5632499570784,7106290,0.0,1.0
2024-01-25,11.78,11.84,11.59,11.74,11.3790909049539,6124867,0.0,1.0
2024-01-24,11.82,11.91,11.645,11.72,11.3597057415724,6944178,0.0,1.0
2024-01-23,11.66,11.815,11.64,11.77,11.4081686500262,9119596,0.0,1.0
2024-01-22,11.38,11.65,11.35,11.64,11.2821650880463,10607312,0.0,1.0
2024-01-19,11.27,11.43,11.17,11.4,11.049543127468,7412554,0.0,1.0
2024-01-18,11.44,11.455,11.16,11.27,10.9235395654881,7480272,0.0,1.0
2024-01-17,11.63,11.74,11.45,11.46,11.1076986176126,7423564,0.0,1.0
2024-01-16,11.61,11.765,11.51,11.75,11.3887834866446,9516647,0.0,1.0
2024-01-12,12.11,12.15,11.665,11.68,11.3209354148093,8912971,0.0,1.0
2024-01-11,12.02,12.395,11.89,12.07,11.698946100749,22241949,0.0,1.0
2024-01-10,11.59,12.49,11.495,12.1,11.7280238458213,23691769,0.0,1.0
2024-01-09,11.645,11.76,11.56,11.6,11.2433947612832,7613198,0.0,1.0
2024-01-08,11.88,11.965,11.66,11.71,11.3500131598816,9307726,0.0,1.0
2024-01-05,11.55,12.08,11.515,11.98,11.6117128655322,20116731,0.0,1.0
2024-01-04,11.4,11.62,11.315,11.55,11.1949318528294,10186982,0.0,1.0
2024-01-03,11.42,11.48,11.3,11.37,11.0204653823957,9780925,0.0,1.0
2024-01-02,10.79,11.42,10.79,11.39,11.0398505457772,12622192,0.0,1.0
2023-12-29,10.82,10.87,10.745,10.83,10.4970659710946,6213234,0.0,1.0
2023-12-28,10.72,10.87,10.72,10.85,10.5164511344761,6162588,0.0,1.0
2023-12-27,10.7,10.79,10.65,10.77,10.43891048095,5567527,0.0,1.0
2023-12-26,10.66,10.745,10.625,10.71,10.3807549908055,4043449,0.0,1.0
2023-12-22,10.67,10.78,10.6,10.65,10.3225995006609,6034393,0.0,1.0
2023-12-21,10.5,10.74,10.48,10.65,10.3225995006609,9730624,0.0,1.0
2023-12-20,10.42,10.63,10.38,10.45,10.1287478668457,13041489,0.0,1.0
2023-12-19,10.1,10.42,10.1,10.39,10.0705923767011,11282122,0.0,1.0
2023-12-18,10.3,10.34,10.09,10.1,9.78950750766901,10106529,0.0,1.0
2023-12-15,10.3,10.41,10.15,10.27,9.95428139641196,17719342,0.0,1.0
2023-12-14,10.2,10.56,10.2,10.39,10.0705923767011,13241931,0.0,1.0
2023-12-13,9.84,10.19,9.819,10.13,9.8185852527413,8253595,0.0,1.0
2023-12-12,9.86,9.88,9.74,9.87,9.5665781287815,6843061,0.0,1.0
2023-12-11,9.82,9.91,9.775,9.83,9.52780780201846,7494736,0.0,1.0
2023-12-08,9.77,9.92,9.74,9.83,9.52780780201846,8616661,0.0,1.0
2023-12-07,9.7,9.79,9.56,9.76,9.45995973018313,6598265,0.0,1.0
2023-12-06,9.64,9.785,9.62,9.69,9.3921116583478,8907895,0.0,1.0
2023-12-05,9.61,9.65,9.525,9.61,9.31457100482171,9289995,0.0,1.0
2023-12-04,9.32,9.76,9.305,9.68,9.38241907665704,13388454,0.0,1.0
2023-12-01,9.15,9.4,9.1,9.37,9.08194904424343,7428199,0.0,1.0
2023-11-30,9.15,9.235,9.08,9.18,8.89778999211897,9445829,0.0,1.0
2023-11-29,9.15,9.19,9.08,9.13,8.84932708366516,6354573,0.0,1.0
2023-11-28,9.32,9.34,9.11,9.14,8.85901966535592,6722866,0.0,1.0
2023-11-27,9.36,9.405,9.29,9.34,9.05287129917115,6162325,0.0,1.0
2023-11-24,9.39,9.45,9.325,9.43,9.140104534388,3071415,0.0,1.0
2023-11-22,9.36,9.42,9.285,9.37,9.08194904424343,4434534,0.12,1.0
2023-11-21,9.45,9.485,9.33,9.38,8.97667882349878,10959792,0.0,1.0
2023-11-20,9.41,9.49,9.31,9.47,9.06280900410804,9535581,0.0,1.0
2023-11-17,9.29,9.46,9.18,9.45,9.04366896397265,11495505,0.0,1.0
2023-11-16,9.41,9.45,9.1,9.17,8.77570840207716,6413329,0.0,1.0
2023-11-15,9.2,9.41,9.2,9.36,8.95753878336339,6948030,0.0,1.0
2023-11-14,9.1,9.29,9.08,9.22,8.82355850241564,7699004,0.0,1.0
2023-11-13,9.13,9.16,8.95,8.95,8.56516796058785,9629518,0.0,1.0
2023-11-10,9.1,9.23,9.06,9.2,8.80441846228025,7282916,0.0,1.0
2023-11-09,9.25,9.265,9.0,9.06,8.67043818133251,12686806,0.0,1.0
2023-11-08,9.5,9.57,9.14,9.22,8.82355850241564,16733337,0.0,1.0
2023-11-07,9.22,9.25,9.085,9.13,8.73742832180638,15070737,0.0,1.0
2023-11-06,9.25,9.295,9.15,9.21,8.81398848234795,9765030,0.0,1.0
2023-11-03,9.07,9.3,9.03,9.27,8.87140860275412,7301966,0.0,1.0
2023-11-02,8.98,9.0,8.85,8.93,8.54602792045246,7177677,0.0,1.0
2023-11-01,8.86,8.945,8.81,8.92,8.53645790038477,6307230,0.0,1.0
2023-10-31,8.88,8.96,8.78,8.9,8.51731786024937,7606362,0.0,1.0
2023-10-30,8.85,8.965,8.76,8.84,8.4598977398432,7585843,0.0,1.0
2023-10-27,8.99,9.005,8.74,8.77,8.39290759936933,6167770,0.0,1.0
2023-10-26,8.98,9.19,8.93,8.99,8.60344804085864,7572253,0.0,1.0
2023-10-25,9.07,9.1,8.91,8.97,8.58430800072325,6589308,0.0,1.0
2023-10-24,8.96,9.18,8.94,9.11,8.71828828167099,8489662,0.0,1.0
2023-10-23,9.01,9.16,8.88,8.92,8.53645790038477,11473214,0.0,1.0
2023-10-20,9.34,9.37,9.21,9.3,8.90011866295721,7663191,0.0,1.0
2023-10-19,9.36,9.44,9.265,9.31,8.90968868302491,7787944,0.0,1.0
2023-10-18,9.33,9.46,9.285,9.37,8.96710880343108,5405937,0.0,1.0
2023-10-17,9.38,9.5499,9.35,9.43,9.02452892383726,12838240,0.0,1.0
2023-10-16,9.37,9.48,9.3108,9.47,9.06280900410804,4416577,0.0,1.0
2023-10-13,9.44,9.48,9.27,9.33,8.9288287231603,6099026,0.0,1.0
2023-10-12,9.68,9.68,9.41,9.46,9.05323898404035,9356652,0.0,1.0
2023-10-11,9.62,9.745,9.58,9.69,9.27334944559735,4549092,0.0,1.0
2023-10-10,9.75,9.76,9.59,9.62,9.20635930512348,6372881,0.0,1.0
2023-10-09,9.66,9.74,9.55,9.66,9.24463938539427,4819239,0.0,1.0
2023-10-06,9.66,9.695,9.51,9.66,9.24463938539427,8833382,0.0,1.0
2023-10-05,9.7,9.8,9.52,9.69,9.27334944559735,9903369,0.0,1.0
2023-10-04,9.61,9.7175,9.44,9.7,9.28291946566505,14071176,0.0,1.0
2023-10-03,9.92,9.93,9.36,9.65,9.23506936532657,19252890,0.0,1.0
2023-10-02,10.29,10.37,9.95,10.05,9.61787016803441,26094143,0.0,1.0
2023-09-29,9.84,10.025,9.84,9.86,9.43603978674818,6367246,0.0,1.0
2023-09-28,9.63,9.84,9.62,9.81,9.3881896864097,8042540,0.0,1.0
2023-09-27,9.72,9.82,9.46,9.59,9.17764924492039,8614607,0.0,1.0
2023-09-26,9.65,9.7775,9.65,9.72,9.30205950580044,5883954,0.0,1.0
2023-09-25,9.62,9.73,9.595,9.72,9.30205950580044,5595240,0.0,1.0
2023-09-22,9.69,9.73,9.565,9.64,9.22549934525887,6150472,0.0,1.0
2023-09-21,9.84,9.86,9.68,9.69,9.27334944559735,6599763,0.0,1.0
2023-09-20,9.95,10.09,9.86,9.88,9.45517982688358,11171180,0.0,1.0
2023-09-19,9.83,9.93,9.8114,9.89,9.46474984695127,10219711,0.0,1.0
2023-09-18,9.79,9.88,9.68,9.82,9.3977597064774,11895427,0.0,1.0
2023-09-15,9.76,9.865,9.7,9.77,9.34990960613892,17753495,0.0,1.0
2023-09-14,9.87,9.905,9.77,9.83,9.4073297265451,9532647,0.0,1.0
2023-09-13,9.94,9.955,9.73,9.75,9.33076956600353,8877029,0.0,1.0
2023-09-12,10.04,10.125,9.78,9.87,9.44560980681588,15240844,0.0,1.0
2023-09-11,10.15,10.2199,9.955,10.01,9.57959008776362,6799531,0.0,1.0
2023-09-08,10.0,10.21,9.94,10.11,9.67529028844058,7359273,0.0,1.0
2023-09-07,10.13,10.18,9.97,10.0,9.57002006769593,11530351,0.0,1.0
2023-09-06,10.56,10.58,9.98,10.12,9.68486030850828,15495942,0.0,1.0
2023-09-05,10.79,10.885,10.61,10.62,10.1633613118931,7203163,0.0,1.0
2023-09-01,10.84,10.91,10.745,10.79,10.3260516530439,5572653,0.0,1.0
2023-08-31,10.97,10.99,10.74,10.75,10.2877715727731,7135209,0.0,1.0
2023-08-30,11.02,11.06,10.94,11.0,10.5270220744655,4974844,0.0,1.0
2023-08-29,11.05,11.12,10.93,11.0,10.5270220744655,4055906,0.0,1.0
2023-08-28,11.0,11.13,10.945,10.96,10.4887419941947,4072428,0.0,1.0
2023-08-25,10.97,11.04,10.85,10.97,10.4983120142624,5202016,0.0,1.0
2023-08-24,10.92,11.14,10.89,10.95,10.479171974127,6039457,0.0,1.0
2023-08-23,11.03,11.05,10.93,11.0,10.5270220744655,5866734,0.12,1.0
2023-08-22,11.23,11.28,11.14,11.16,10.5648890603449,5930956,0.0,1.0
2023-08-21,11.275,11.38,11.18,11.25,10.6500897785735,5994524,0.0,1.0
2023-08-18,11.2,11.415,11.17,11.26,10.6595565250433,7537935,0.0,1.0
2023-08-17,11.23,11.385,11.22,11.34,10.7352904968021,7991329,0.0,1.0
2023-08-16,11.05,11.21,11.04,11.2,10.6027560462243,8462194,0.0,1.0
2023-08-15,11.11,11.19,11.05,11.16,10.5648890603449,6425366,0.0,1.0
2023-08-14,11.31,11.31,11.18,11.19,10.5932892997544,5419658,0.0,1.0
2023-08-11,11.12,11.41,11.08,11.35,10.7447572432719,7867298,0.0,1.0
2023-08-10,11.33,11.43,11.12,11.16,10.5648890603449,5841653,0.0,1.0
2023-08-09,11.15,11.48,11.13,11.26,10.6595565250433,10216520,0.0,1.0
2023-08-08,10.97,11.18,10.765,11.15,10.5554223138751,9842281,0.0,1.0
2023-08-07,10.85,11.48,10.85,11.0,10.4134211168274,22262736,0.0,1.0
2023-08-04,10.46,10.63,10.39,10.59,10.0252845115638,12745542,0.0,1.0
2023-08-03,10.43,10.48,10.295,10.45,9.89275006098603,6847905,0.0,1.0
2023-08-02,10.17,10.48,10.1339,10.43,9.87381656804635,8362704,0.0,1.0
2023-08-01,10.51,10.54,10.15,10.22,9.67501489217964,11850183,0.0,1.0
2023-07-31,10.44,10.55,10.37,10.53,9.96848403274478,21000983,0.0,1.0
2023-07-28,10.45,10.45,10.32,10.4,9.84541632863682,8005684,0.0,1.0
2023-07-27,10.455,10.505,10.28,10.33,9.77914910334792,6380711,0.0,1.0
2023-07-26,10.43,10.57,10.37,10.48,9.92115030039556,6782300,0.0,1.0
2023-07-25,10.55,10.595,10.35,10.41,9.85488307510666,7859946,0.0,1.0
2023-07-24,10.46,10.73,10.45,10.62,10.0536847509734,6691307,0.0,1.0
2023-07-21,10.49,10.55,10.39,10.48,9.92115030039556,4875979,0.0,1.0
2023-07-20,10.56,10.63,10.43,10.47,9.91168355392572,6731276,0.0,1.0
2023-07-19,10.28,10.52,10.25,10.43,9.87381656804635,8213141,0.0,1.0
2023-07-18,10.02,10.31,9.96,10.18,9.63714790630027,8232659,0.0,1.0
2023-07-17,10.1,10.1,9.9124,10.01,9.47621321631294,5981745,0.0,1.0
2023-07-14,10.19,10.22,10.11,10.16,9.61821441336058,5655456,0.0,1.0
2023-07-13,10.25,10.33,10.225,10.29,9.74128211746854,6049197,0.0,1.0
2023-07-12,10.35,10.45,10.2,10.24,9.69394838511933,6022736,0.0,1.0
2023-07-11,10.0,10.31,9.985,10.25,9.70341513158917,15363458,0.0,1.0
2023-07-10,9.87,9.94,9.8,9.93,9.40047924455419,9614963,0.0,1.0
2023-07-07,9.82,9.99,9.82,9.86,9.33421201926529,10711925,0.0,1.0
2023-07-06,9.82,9.9,9.72,9.84,9.3152785263256,6695977,0.0,1.0
2023-07-05,9.82,9.96,9.71,9.91,9.38154575161451,6843602,0.0,1.0
2023-07-03,9.95,10.015,9.87,9.89,9.36261225867482,4171671,0.0,1.0
2023-06-30,9.99,10.02,9.89,9.98,9.44781297690341,7785612,0.0,1.0
2023-06-29,9.69,9.925,9.68,9.91,9.38154575161451,6745067,0.0,1.0
2023-06-28,9.83,9.92,9.65,9.72,9.20167756868749,6932317,0.0,1.0
2023-06-27,9.77,9.91,9.7,9.85,9.32474527279545,5158938,0.0,1.0
2023-06-26,9.75,9.899,9.68,9.85,9.32474527279545,7387555,0.0,1.0
2023-06-23,9.77,9.89,9.58,9.76,9.23954455456686,12886677,0.0,1.0
2023-06-22,10.11,10.13,9.99,10.05,9.51408020219231,5961005,0.0,1.0
2023-06-21,10.18,10.195,10.0,10.11,9.57088068101137,10366254,0.0,1.0
2023-06-20,10.2,10.28,10.09,10.19,9.64661465277011,14702188,0.0,1.0
2023-06-16,10.0,10.32,9.98,10.29,9.74128211746854,23647622,0.0,1.0
2023-06-15,9.76,9.96,9.75,9.94,9.40994599102403,9178571,0.0,1.0
2023-06-14,9.69,9.87,9.655,9.76,9.23954455456686,11038116,0.0,1.0
2023-06-13,9.4,9.7,9.355,9.63,9.1164768504589,16920028,0.0,1.0
2023-06-12,9.39,9.54,9.32,9.4,8.89874168165251,7293820,0.0,1.0
2023-06-09,9.46,9.49,9.34,9.38,8.87980818871282,6546733,0.0,1.0
2023-06-08,9.7,9.72,9.42,9.52,9.01234263929062,6159339,0.0,1.0
2023-06-07,9.52,9.75,9.49,9.71,9.19221082221764,12644935,0.0,1.0
2023-06-06,9.37,9.55,9.32,9.51,9.00287589282078,8214341,0.0,1.0
2023-06-05,9.38,9.38,9.24,9.33,8.83247445636361,7840645,0.0,1.0
2023-06-02,9.25,9.35,9.205,9.33,8.83247445636361,10189758,0.0,1.0
2023-06-01,9.15,9.21,8.99,9.18,8.69047325931596,8523754,0.0,1.0
2023-05-31,9.11,9.215,9.08,9.15,8.66207301990643,15070607,0.0,1.0
2023-05-30,9.06,9.21,8.995,9.18,8.69047325931596,10331446,0.0,1.0
2023-05-26,9.06,9.175,9.025,9.11,8.62420603402706,9488587,0.0,1.0
2023-05-25,8.92,9.055,8.84,9.03,8.54847206226831,9529339,0.0,1.0
2023-05-24,9.21,9.21,8.945,9.03,8.54847206226831,6534461,0.0,1.0
2023-05-23,9.35,9.43,9.225,9.24,8.74727373813502,7322854,0.12,1.0
2023-05-22,9.51,9.67,9.44,9.47,8.85007289531396,10476609,0.0,1.0
2023-05-19,9.43,9.57,9.295,9.33,8.71923760435894,9588380,0.0,1.0
2023-05-18,9.29,9.4,9.23,9.37,8.75661911606038,8050252,0.0,1.0
2023-05-17,9.19,9.355,9.12,9.3,8.69120147058287,11848456,0.0,1.0
2023-05-16,9.36,9.36,9.14,9.15,8.5510208017025,5863775,0.0,1.0
2023-05-15,9.31,9.43,9.27,9.37,8.75661911606038,7037056,0.0,1.0
2023-05-12,9.38,9.4,9.25,9.28,8.67251071473216,7601361,0.0,1.0
2023-05-11,9.55,9.56,9.26,9.36,8.74727373813502,9556389,0.0,1.0
2023-05-10,9.8,9.82,9.26,9.59,8.96221743041825,16503269,0.0,1.0
2023-05-09,9.74,9.845,9.625,9.74,9.10239809929862,12013317,0.0,1.0
2023-05-08,9.6,10.09,9.36,9.82,9.17716112270148,24026385,0.0,1.0
2023-05-05,9.1,9.295,9.08,9.28,8.67251071473216,14022004,0.0,1.0
2023-05-04,9.12,9.14,8.95,9.02,8.42953088867285,9198070,0.0,1.0
2023-05-03,9.16,9.25,9.1,9.14,8.54167542377714,10347979,0.0,1.0
2023-05-02,9.34,9.36,8.93,9.12,8.52298466792643,9547117,0.0,1.0
2023-05-01,9.31,9.4,9.3,9.36,8.74727373813502,6877038,0.0,1.0
2023-04-28,9.21,9.335,9.2,9.33,8.71923760435894,6905061,0.0,1.0
2023-04-27,9.11,9.3,8.99,9.26,8.65381995888144,7861654,0.0,1.0
2023-04-26,9.2,9.26,9.08,9.1,8.50429391207571,5830205,0.0,1.0
2023-04-25,9.3,9.36,9.16,9.18,8.57905693547858,7315745,0.0,1.0
2023-04-24,9.52,9.53,9.17,9.33,8.71923760435894,14780257,0.0,1.0
2023-04-21,9.7,9.75,9.62,9.65,9.0182896979704,4689145,0.0,1.0
2023-04-20,9.77,9.78,9.665,9.68,9.04632583174647,4773786,0.0,1.0
2023-04-19,9.81,9.935,9.75,9.83,9.18650650062684,6046454,0.0,1.0
2023-04-18,9.93,9.9394,9.77,9.88,9.23323339025363,5531811,0.0,1.0
2023-04-17,9.87,9.965,9.78,9.91,9.26126952402971,6598678,0.0,1.0
2023-04-14,9.9,9.95,9.81,9.87,9.22388801232827,5487874,0.0,1.0
2023-04-13,9.85,9.99,9.83,9.92,9.27061490195506,5482699,0.0,1.0
2023-04-12,9.98,10.01,9.795,9.82,9.17716112270148,6416328,0.0,1.0
2023-04-11,9.88,10.03,9.87,9.91,9.26126952402971,6634688,0.0,1.0
2023-04-10,9.95,9.9685,9.75,9.85,9.20519725647756,10184629,0.0,1.0
2023-04-06,9.9,9.945,9.82,9.92,9.27061490195506,9231533,0.0,1.0
2023-04-05,9.52,9.82,9.505,9.8,9.15847036685077,16816080,0.0,1.0
2023-04-04,9.69,9.71,9.365,9.53,8.9061451628661,12553660,0.0,1.0
2023-04-03,9.685,9.72,9.485,9.61,8.98090818626897,18261404,0.0,1.0
2023-03-31,9.585,9.71,9.555,9.62,8.99025356419432,13248480,0.0,1.0
2023-03-30,9.62,9.67,9.49,9.56,8.93418129664218,6050047,0.0,1.0
2023-03-29,9.62,9.64,9.48,9.53,8.9061451628661,6087793,0.0,1.0
2023-03-28,9.43,9.53,9.39,9.53,8.9061451628661,5557047,0.0,1.0
2023-03-27,9.42,9.585,9.33,9.47,8.85007289531396,6892935,0.0,1.0
2023-03-24,9.16,9.36,9.08,9.33,8.71923760435894,7014785,0.0,1.0
2023-03-23,9.4,9.49,9.1,9.2,8.59774769132929,10488451,0.0,1.0
2023-03-22,9.63,9.655,9.37,9.4,8.78465524983645,8337569,0.0,1.0
2023-03-21,9.57,9.8,9.57,9.65,9.0182896979704,9537541,0.0,1.0
2023-03-20,9.5,9.565,9.34,9.44,8.82203676153788,11390459,0.0,1.0
2023-03-17,9.44,9.47,9.285,9.43,8.81269138361252,15567264,0.0,1.0
2023-03-16,9.35,9.53,9.23,9.5,8.87810902909003,9801650,0.0,1.0
2023-03-15,9.7,9.72,9.425,9.5,8.87810902909003,11314946,0.0,1.0
2023-03-14,10.0,10.02,9.78,9.85,9.20519725647756,8683558,0.0,1.0
2023-03-13,9.91,10.025,9.755,9.83,9.18650650062684,12335688,0.0,1.0
2023-03-10,10.065,10.24,9.91,10.0,9.34537792535793,8784179,0.0,1.0
2023-03-09,10.54,10.54,10.08,10.13,9.46686783838758,9335683,0.0,1.0
2023-03-08,10.57,10.64,10.48,10.56,9.86871908917797,7025693,0.12,1.0
2023-03-07,10.87,10.89,10.6425,10.73,9.914920957573,13983149,0.0,1.0
2023-03-06,11.13,11.14,10.74,10.86,10.0350458154001,16956089,0.0,1.0
2023-03-03,11.18,11.23,11.1,11.13,10.2845359047332,9855139,0.0,1.0
2023-03-02,11.29,11.29,11.062,11.13,10.2845359047332,7375151,0.0,1.0
2023-03-01,11.4,11.425,11.25,11.31,10.4508626309553,7621706,0.0,1.0
2023-02-28,11.29,11.56,11.17,11.4,10.5340259940664,11022090,0.0,1.0
2023-02-27,11.38,11.8,11.04,11.2,10.3492185204863,13395872,0.0,1.0
2023-02-24,11.56,11.56,11.37,11.51,10.6356701045354,11246374,0.0,1.0
2023-02-23,11.49,11.675,11.46,11.54,10.6633912255725,7382280,0.0,1.0
2023-02-22,11.49,11.66,11.39,11.49,10.6171893571774,6557305,0.0,1.0
2023-02-21,11.61,11.65,11.385,11.5,10.6264297308564,7748310,0.0,1.0
2023-02-17,11.53,11.77,11.3,11.69,10.8019968307575,7178185,0.0,1.0
2023-02-16,11.72,11.745,11.58,11.65,10.7650353360415,14637325,0.0,1.0
2023-02-15,11.72,11.89,11.635,11.85,10.9498428096216,10006596,0.0,1.0
2023-02-14,12.02,12.045,11.79,11.81,10.9128813149056,6939638,0.0,1.0
2023-02-13,11.8,12.06,11.79,11.98,11.0699676674487,6171795,0.0,1.0
2023-02-10,11.72,11.885,11.67,11.84,10.9406024359426,6274960,0.0,1.0
2023-02-09,11.98,12.0,11.69,11.72,10.8297179517946,7785293,0.0,1.0
2023-02-08,12.04,12.1,11.9,11.92,11.0145254253747,4907582,0.0,1.0
2023-02-07,12.1,12.24,11.965,12.11,11.1900925252758,6456126,0.0,1.0
2023-02-06,12.05,12.11,11.82,12.05,11.1346502832017,10046402,0.0,1.0
2023-02-03,12.19,12.26,12.1,12.18,11.2547751410288,7055741,0.0,1.0
2023-02-02,12.24,12.25,12.025,12.19,11.2640155147078,13719669,0.0,1.0
2023-02-01,12.06,12.3993,12.046,12.26,11.3286981304609,9534300,0.0,1.0
2023-01-31,11.94,12.195,11.91,12.16,11.2362943936708,12176278,0.0,1.0
2023-01-30,11.83,12.01,11.78,11.94,11.0330061727327,8186937,0.0,1.0
2023-01-27,11.9,12.09,11.815,11.89,10.9868043043376,9864495,0.0,1.0
2023-01-26,11.56,11.66,11.465,11.64,10.7557949623625,5423381,0.0,1.0
2023-01-25,11.58,11.67,11.405,11.64,10.7557949623625,7145238,0.0,1.0
2023-01-24,11.76,11.79,11.58,11.6,10.7188334676465,5518540,0.0,1.0
2023-01-23,11.62,11.85,11.58,11.82,10.9221216885846,7245567,0.0,1.0
2023-01-20,11.5,11.63,11.34,11.6,10.7188334676465,7878317,0.0,1.0
2023-01-19,11.4,11.67,11.26,11.52,10.6449104782144,9961315,0.0,1.0
2023-01-18,11.82,11.85,11.38,11.47,10.5987086098194,10629034,0.0,1.0
2023-01-17,11.5,11.86,11.495,11.84,10.9406024359426,9489626,0.0,1.0
2023-01-13,11.58,11.61,11.43,11.54,10.6633912255725,14142627,0.0,1.0
2023-01-12,11.76,11.83,11.59,11.66,10.7742757097205,12017744,0.0,1.0
2023-01-11,11.84,11.87,11.36,11.77,10.8759198201896,13306777,0.0,1.0
2023-01-10,12.0,12.03,11.76,11.84,10.9406024359426,7872549,0.0,1.0
2023-01-09,12.12,12.19,11.98,12.01,11.0976887884857,12884491,0.0,1.0
2023-01-06,11.92,12.11,11.8,12.1,11.1808521515968,7879740,0.0,1.0
2023-01-05,11.67,11.88,11.495,11.84,10.9406024359426,9215505,0.0,1.0
2023-01-04,11.5,11.78,11.43,11.75,10.8574390728316,10617547,0.0,1.0
2023-01-03,11.19,11.47,11.19,11.38,10.5155452467084,10148279,0.0,1.0
2022-12-30,11.09,11.18,10.96,11.13,10.2845359047332,6587990,0.0,1.0
2022-12-29,10.87,11.22,10.87,11.13,10.2845359047332,6404752,0.0,1.0
2022-12-28,11.04,11.13,10.85,10.92,10.0904880574741,5431389,0.0,1.0
2022-12-27,11.03,11.08,10.94,11.04,10.2013725416222,4498096,0.0,1.0
2022-12-23,10.72,11.025,10.71,11.01,10.1736514205852,6653827,0.0,1.0
2022-12-22,10.8,10.81,10.555,10.75,9.93340170493101,5754598,0.0,1.0
2022-12-21,10.85,10.97,10.815,10.85,10.0258054417211,5545438,0.0,1.0
2022-12-20,10.975,11.01,10.73,10.74,9.92416133125201,7303757,0.0,1.0
2022-12-19,10.95,11.14,10.87,10.91,10.0812476837951,9274721,0.0,1.0
2022-12-16,11.08,11.1,10.89,10.96,10.1274495521901,25123120,0.0,1.0
2022-12-15,11.26,11.34,11.125,11.14,10.2937762784122,6480278,0.0,1.0
2022-12-14,11.29,11.425,11.205,11.32,10.4601030046343,7602847,0.0,1.0
2022-12-13,11.35,11.45,11.27,11.34,10.4785837519923,12107375,0.0,1.0
2022-12-12,10.76,11.165,10.72,11.14,10.2937762784122,7392537,0.0,1.0
2022-12-09,10.96,11.0499,10.77,10.78,9.96112282596803,5832645,0.0,1.0
2022-12-08,10.9,11.0,10.82,10.96,10.1274495521901,6748277,0.0,1.0
2022-12-07,10.93,10.99,10.84,10.9,10.0720073101161,5676843,0.0,1.0
2022-12-06,10.9,11.0,10.77,10.93,10.0997284311531,6247793,0.0,1.0
2022-12-05,11.14,11.14,10.85,10.92,10.0904880574741,5101678,0.0,1.0
2022-12-02,11.175,11.23,11.1,11.17,10.3214973994492,4142101,0.0,1.0
2022-12-01,11.04,11.26,10.96,11.24,10.3861800152023,9302749,0.0,1.0
2022-11-30,11.12,11.14,10.74,11.03,10.1921321679432,19675187,0.0,1.0
2022-11-29,11.11,11.2,11.0,11.18,10.3307377731283,7462758,0.0,1.0
2022-11-28,11.12,11.17,10.975,11.06,10.2198532889802,19132957,0.0,1.0
2022-11-25,11.01,11.14,10.9,11.14,10.2937762784122,5012070,0.0,1.0
2022-11-23,10.98,11.075,10.885,11.02,10.1828917942642,5009648,0.0,1.0
2022-11-22,10.94,11.1,10.94,11.07,10.2290936626592,8322679,0.12,1.0
2022-11-21,11.01,11.13,10.855,11.09,10.1376808506605,7282368,0.0,1.0
2022-11-18,11.01,11.04,10.865,11.0,10.0554093198616,7382368,0.0,1.0
2022-11-17,10.9,11.01,10.84,10.96,10.0188441950621,6425743,0.0,1.0
2022-11-16,11.27,11.35,10.98,11.08,10.1285395694606,24691896,0.0,1.0
2022-11-15,11.66,11.84,11.27,11.32,10.3479303182576,6594697,0.0,1.0
2022-11-14,11.4,11.7,11.305,11.56,10.5673210670545,12861518,0.0,1.0
2022-11-11,11.37,11.525,11.19,11.44,10.457625692656,8520692,0.0,1.0
2022-11-10,11.15,11.43,11.05,11.34,10.3662128806573,9749271,0.0,1.0
2022-11-09,11.04,11.04,10.82,10.83,9.90000753946372,8277651,0.0,1.0
2022-11-08,11.01,11.295,10.75,11.1,10.1468221318603,14810274,0.0,1.0
2022-11-07,10.34,11.43,10.26,10.97,10.027985476262,29900261,0.0,1.0
2022-11-04,9.75,9.88,9.525,9.7,8.86704276387794,11510275,0.0,1.0
2022-11-03,9.94,9.95,9.65,9.67,8.83961892027832,8032998,0.0,1.0
2022-11-02,10.2,10.32,10.05,10.07,9.20527016827329,7387160,0.0,1.0
2022-11-01,10.19,10.31,10.065,10.25,9.36981322987102,7648992,0.0,1.0
2022-10-31,10.02,10.16,9.98,10.13,9.26011785547253,9832884,0.0,1.0
2022-10-28,9.93,10.19,9.9002,10.07,9.20527016827329,7309568,0.0,1.0
2022-10-27,9.98,10.065,9.86,9.87,9.0224445442758,6076142,0.0,1.0
2022-10-26,9.84,10.0,9.81,9.97,9.11385735627455,7389741,0.0,1.0
2022-10-25,9.48,9.8,9.47,9.78,8.94017301347693,12139699,0.0,1.0
2022-10-24,9.44,9.57,9.36,9.53,8.71164098348008,5641906,0.0,1.0
2022-10-21,9.28,9.44,9.135,9.38,8.57452176548197,5951014,0.0,1.0
2022-10-20,9.39,9.5,9.3,9.34,8.53795664068247,4399931,0.0,1.0
2022-10-19,9.55,9.56,9.23,9.38,8.57452176548197,6586848,0.0,1.0
2022-10-18,9.7,9.79,9.575,9.61,8.78477123307907,6872539,0.0,1.0
2022-10-17,9.65,9.71,9.52,9.61,8.78477123307907,6076935,0.0,1.0
2022-10-14,9.71,9.72,9.505,9.55,8.72992354587983,7500764,0.0,1.0
2022-10-13,9.31,9.815,9.24,9.65,8.82133635787857,12586348,0.0,1.0
2022-10-12,9.4,9.68,9.255,9.39,8.58366304668184,10263206,0.0,1.0
2022-10-11,8.74,9.6,8.73,9.39,8.58366304668184,25031915,0.0,1.0
2022-10-10,8.82,8.87,8.715,8.75,7.9986210498899,10426575,0.0,1.0
2022-10-07,8.9,8.9,8.67,8.74,7.98947976869002,8055654,0.0,1.0
2022-10-06,9.11,9.15,8.88,8.94,8.17230539268751,7022795,0.0,1.0
2022-10-05,9.02,9.24,8.98,9.18,8.39169614148449,6141515,0.0,1.0
2022-10-04,8.79,9.21,8.79,9.21,8.41911998508411,8796084,0.0,1.0
2022-10-03,8.61,8.785,8.46,8.72,7.97119720629027,12861189,0.0,1.0
2022-09-30,8.62,8.805,8.5,8.52,7.78837158229279,8197479,0.0,1.0
2022-09-29,8.62,8.68,8.445,8.6,7.86150183189178,8143256,0.0,1.0
2022-09-28,8.56,8.75,8.495,8.73,7.98033848749015,11402659,0.0,1.0
2022-09-27,8.6,8.755,8.42,8.48,7.75180645749329,10597969,0.0,1.0
2022-09-26,8.57,8.66,8.48,8.53,7.79751286349266,15122315,0.0,1.0
2022-09-23,8.86,8.87,8.43,8.69,7.94377336269065,12430240,0.0,1.0
2022-09-22,9.01,9.055,8.815,8.94,8.17230539268751,8932492,0.0,1.0
2022-09-21,9.19,9.455,9.03,9.04,8.26371820468625,11299685,0.0,1.0
2022-09-20,9.2301,9.2301,9.03,9.04,8.26371820468625,8211114,0.0,1.0
2022-09-19,9.22,9.335,9.175,9.29,8.4922502346831,8425309,0.0,1.0
2022-09-16,9.55,9.55,9.22,9.3,8.50139151588298,19553781,0.0,1.0
2022-09-15,9.42,9.71,9.42,9.55,8.72992354587983,9464513,0.0,1.0
2022-09-14,9.52,9.62,9.35,9.43,8.62022817148134,8932673,0.0,1.0
2022-09-13,9.9,9.92,9.485,9.49,8.67507585868058,8877986,0.0,1.0
2022-09-12,9.94,10.2,9.94,10.11,9.24183529307278,7800440,0.0,1.0
2022-09-09,9.76,9.93,9.72,9.88,9.03158582547568,6717730,0.0,1.0
2022-09-08,9.665,9.745,9.56,9.68,8.84876020147819,10656885,0.0,1.0
2022-09-07,9.35,9.8,9.35,9.72,8.88532532627769,15230645,0.0,1.0
2022-09-06,9.49,9.49,9.32,9.41,8.60194560908159,10132974,0.0,1.0
2022-09-02,9.69,9.69,9.42,9.45,8.63851073388109,10155802,0.0,1.0
2022-09-01,9.54,9.6,9.32,9.57,8.74820610827958,10137401,0.0,1.0
2022-08-31,9.71,9.83,9.53,9.55,8.72992354587983,18112126,0.0,1.0
2022-08-30,9.87,9.93,9.6637,9.7,8.86704276387794,8539404,0.0,1.0
2022-08-29,9.8,9.895,9.65,9.87,9.0224445442758,16592467,0.0,1.0
2022-08-26,10.22,10.23,9.86,9.88,9.03158582547568,6601806,0.0,1.0
2022-08-25,10.16,10.21,10.06,10.17,9.29668298027203,6594800,0.0,1.0
2022-08-24,10.15,10.23,9.985,10.16,9.28754169907215,5065486,0.0,1.0
2022-08-23,10.21,10.33,10.11,10.15,9.27840041787228,8615212,0.12,1.0
2022-08-22,10.5,10.51,10.31,10.35,9.35067617575249,5915890,0.0,1.0
2022-08-19,10.52,10.64,10.5,10.57,9.54943450992308,5708303,0.0,1.0
2022-08-18,10.75,10.75,10.5,10.59,9.56750344939313,5060301,0.0,1.0
2022-08-17,10.99,10.99,10.54,10.75,9.71205496515356,19975544,0.0,1.0
2022-08-16,11.14,11.155,10.965,11.04,9.97405458746933,6588864,0.0,1.0
2022-08-15,11.0,11.22,10.945,11.11,10.0372958756145,9650325,0.0,1.0
2022-08-12,11.03,11.15,10.96,11.13,10.0553648150846,9314799,0.0,1.0
2022-08-11,10.712,11.105,10.71,10.96,9.90177882958911,11671790,0.0,1.0
2022-08-10,10.52,10.955,10.48,10.77,9.73012390462361,13906029,0.0,1.0
2022-08-09,10.0301,10.5,9.87,10.46,9.45005534283779,14504366,0.0,1.0
2022-08-08,10.18,10.62,10.02,10.09,9.1157799626418,42500198,0.0,1.0
2022-08-05,9.57,9.76,9.46,9.73,8.79053905218085,16007647,0.0,1.0
2022-08-04,9.732,9.825,9.61,9.62,8.69115988509555,9883465,0.0,1.0
2022-08-03,9.73,9.77,9.66,9.75,8.8086079916509,8913342,0.0,1.0
2022-08-02,9.66,9.8,9.625,9.71,8.77247011271079,9753200,0.0,1.0
2022-08-01,9.68,9.78,9.57,9.66,8.72729776403566,9739032,0.0,1.0
2022-07-29,9.78,9.835,9.6,9.69,8.75440117324074,12985805,0.0,1.0
2022-07-28,10.0,10.07,9.64,9.78,8.83571140085598,14335691,0.0,1.0
2022-07-27,9.93,10.125,9.8,10.07,9.09771102317175,14351119,0.0,1.0
2022-07-26,9.692,9.97,9.68,9.92,8.96219397714635,13922485,0.0,1.0
2022-07-25,9.6,9.84,9.445,9.74,8.79957352191587,37913775,0.0,1.0
2022-07-22,9.96,10.015,9.445,9.55,8.62791859695037,15392495,0.0,1.0
2022-07-21,9.97,9.99,9.79,9.88,8.92605609820625,8530669,0.0,1.0
2022-07-20,10.06,10.23,9.91,9.97,9.00736632582148,11771884,0.0,1.0
2022-07-19,9.9,10.18,9.9,10.07,9.09771102317175,14005721,0.0,1.0
2022-07-18,9.98,10.21,9.81,9.83,8.88088374953111,11776332,0.0,1.0
2022-07-15,9.99,10.02,9.6725,9.85,8.89895268900116,9740599,0.0,1.0
2022-07-14,9.82,9.88,9.675,9.85,8.89895268900116,9753706,0.0,1.0
2022-07-13,10.14,10.19,9.9,9.98,9.01640079555651,8601085,0.0,1.0
2022-07-12,10.01,10.33,9.96,10.22,9.23322806919715,9396015,0.0,1.0
2022-07-11,10.22,10.235,10.03,10.05,9.0796420837017,10207280,0.0,1.0
2022-07-08,10.45,10.59,10.28,10.35,9.35067617575249,6106571,0.0,1.0
2022-07-07,10.29,10.51,10.29,10.42,9.41391746389768,5939102,0.0,1.0
2022-07-06,10.48,10.54,10.14,10.3,9.30550382707736,7775115,0.0,1.0
2022-07-05,10.5,10.54,10.25,10.5,9.48619322177789,6803209,0.0,1.0
2022-07-01,10.45,10.74,10.28,10.71,9.67591708621345,6541915,0.0,1.0
2022-06-30,10.65,10.6554,10.4,10.47,9.45908981257281,9991600,0.0,1.0
2022-06-29,10.94,10.95,10.7,10.81,9.76626178356372,6399681,0.0,1.0
2022-06-28,11.08,11.27,10.9,10.9,9.84757201117895,7025108,0.0,1.0
2022-06-27,10.94,11.15,10.89,11.07,10.0011579966744,8283455,0.0,1.0
2022-06-24,10.79,11.03,10.755,10.96,9.90177882958911,11834003,0.0,1.0
2022-06-23,10.64,10.745,10.53,10.73,9.6939860256835,7488168,0.0,1.0
2022-06-22,10.51,10.78,10.44,10.63,9.60364132833324,7762780,0.0,1.0
2022-06-21,10.59,10.73,10.5,10.6,9.57653791912816,11736261,0.0,1.0
2022-06-17,10.3,10.531,10.205,10.46,9.45005534283779,16942039,0.0,1.0
2022-06-16,10.5,10.52,10.205,10.28,9.28743488760731,9519912,0.0,1.0
2022-06-15,10.4,10.855,10.4,10.7,9.66688261647842,12150049,0.0,1.0
2022-06-14,10.73,10.79,10.21,10.32,9.32357276654741,15409250,0.0,1.0
2022-06-13,10.952,11.07,10.6637,10.77,9.73012390462361,13855807,0.0,1.0
2022-06-10,11.425,11.46,11.14,11.2,10.1186061032298,8021315,0.0,1.0
2022-06-09,11.86,11.88,11.61,11.62,10.4980538321009,6637206,0.0,1.0
2022-06-08,11.8,11.9299,11.759,11.86,10.7148811057415,6919390,0.0,1.0
2022-06-07,11.78,11.9,11.6815,11.89,10.7419845149466,7785745,0.0,1.0
2022-06-06,11.76,11.9,11.7,11.77,10.6335708781263,7119699,0.0,1.0
2022-06-03,12.05,12.1081,11.68,11.71,10.5793640597161,8072145,0.0,1.0
2022-06-02,12.09,12.13,11.77,12.11,10.9407428491172,7111338,0.0,1.0
2022-06-01,12.33,12.375,11.89,12.07,10.9046049701771,8690429,0.0,1.0
2022-05-31,12.19,12.35,11.94,12.27,11.0852943648776,19551712,0.0,1.0
2022-05-27,11.98,12.25,11.97,12.25,11.0672254254075,12015700,0.0,1.0
2022-05-26,11.84,12.08,11.84,12.01,10.8503981517669,8866050,0.0,1.0
2022-05-25,11.5,11.86,11.42,11.84,10.6968121662715,9479878,0.0,1.0
2022-05-24,11.705,11.705,11.26,11.53,10.4167436044856,10714238,0.0,1.0
2022-05-23,11.74,11.93,11.5096,11.63,10.5070883018359,9530549,0.12,1.0
2022-05-20,11.77,11.92,11.61,11.8,10.5517993158863,13834144,0.0,1.0
2022-05-19,11.13,11.815,11.06,11.69,10.4534350849755,12090267,0.0,1.0
2022-05-18,11.45,11.57,11.1915,11.27,10.0778625669524,10916528,0.0,1.0
2022-05-17,11.16,11.53,11.16,11.47,10.2567066231538,9901125,0.0,1.0
2022-05-16,11.05,11.24,10.98,11.14,9.96161393042144,8598201,0.0,1.0
2022-05-13,10.83,11.15,10.79,11.08,9.907960713561,10972552,0.0,1.0
2022-05-12,10.405,10.88,10.38,10.85,9.70229004892932,21655489,0.0,1.0
2022-05-11,10.43,10.74,10.37,10.39,9.29094871966595,17018581,0.0,1.0
2022-05-10,10.38,10.55,10.14,10.46,9.35354413933647,19772688,0.0,1.0
2022-05-09,10.13,10.94,10.13,10.48,9.37142854495661,25016754,0.0,1.0
2022-05-06,10.04,10.05,9.76,9.95,8.89749179602273,20263081,0.0,1.0
2022-05-05,10.45,10.5,9.88,10.05,8.98691382412347,17092850,0.0,1.0
2022-05-04,10.39,10.53,10.07,10.52,9.4071973561969,16585243,0.0,1.0
2022-05-03,10.24,10.455,10.115,10.4,9.29989092247603,12806818,0.0,1.0
2022-05-02,10.35,10.45,10.03,10.21,9.12998906908464,13070841,0.0,1.0
2022-04-29,10.45,10.61,10.27,10.33,9.23729550280551,13224522,0.0,1.0
2022-04-28,10.38,10.54,10.26,10.49,9.38037074776668,12178641,0.0,1.0
2022-04-27,10.32,10.488,10.175,10.36,9.26412211123573,9515173,0.0,1.0
2022-04-26,10.32,10.495,10.25,10.29,9.20152669156522,14306614,0.0,1.0
2022-04-25,10.23,10.445,10.02,10.39,9.29094871966595,12714980,0.0,1.0
2022-04-22,10.68,10.68,10.27,10.28,9.19258448875515,9837363,0.0,1.0
2022-04-21,10.88,10.99,10.62,10.65,9.52344599272785,8632547,0.0,1.0
2022-04-20,10.88,11.02,10.735,10.84,9.69334784611924,7801084,0.0,1.0
2022-04-19,10.72,11.0,10.665,10.92,9.76488546859983,8583138,0.0,1.0
2022-04-18,10.94,10.98,10.64,10.71,9.57709920958829,8772542,0.0,1.0
2022-04-14,10.99,11.115,10.94,10.96,9.80065427984012,9283478,0.0,1.0
2022-04-13,10.71,11.03,10.67,10.99,9.82748088827034,11022973,0.0,1.0
2022-04-12,10.72,10.8,10.625,10.67,9.541330398348,7330089,0.0,1.0
2022-04-11,11.0,11.02,10.64,10.7,9.56815700677822,17818741,0.0,1.0
2022-04-08,10.8,11.1,10.62,11.04,9.8721919023207,14248594,0.0,1.0
2022-04-07,10.66,10.85,10.52,10.81,9.66652123768902,13285987,0.0,1.0
2022-04-06,10.58,10.705,10.475,10.69,9.55921480396814,9288648,0.0,1.0
2022-04-05,10.78,11.03,10.655,10.67,9.541330398348,10404487,0.0,1.0
2022-04-04,10.815,11.02,10.76,10.85,9.70229004892932,11974102,0.0,1.0
2022-04-01,10.96,10.96,10.65,10.82,9.6754634404991,9680073,0.0,1.0
2022-03-31,11.0,11.1,10.87,10.88,9.72911665735954,12868197,0.0,1.0
2022-03-30,11.11,11.3,10.96,10.99,9.82748088827034,9237077,0.0,1.0
2022-03-29,10.93,11.22,10.93,11.18,9.99738274166173,9505774,0.0,1.0
2022-03-28,11.15,11.18,10.77,10.9,9.74700106297968,14836743,0.0,1.0
2022-03-25,10.97,11.21,10.9,11.19,10.0063249444718,15705350,0.0,1.0
2022-03-24,10.93,11.005,10.765,10.95,9.79171207703004,10573720,0.0,1.0
2022-03-23,10.74,11.08,10.71,10.88,9.72911665735954,13595653,0.0,1.0
2022-03-22,10.81,10.97,10.755,10.85,9.70229004892932,16670683,0.0,1.0
2022-03-21,10.58,10.9,10.58,10.77,9.63075242644873,10684357,0.0,1.0
2022-03-18,10.51,10.69,10.5,10.66,9.53238819553793,28465917,0.0,1.0
2022-03-17,10.26,10.74,10.152,10.64,9.51450378991778,10923676,0.0,1.0
2022-03-16,10.105,10.495,10.1,10.39,9.29094871966595,13115886,0.0,1.0
2022-03-15,9.8,9.995,9.765,9.96,8.90643399883281,13785194,0.0,1.0
2022-03-14,10.16,10.27,9.66,9.81,8.77230095668171,12181024,0.0,1.0
2022-03-11,10.15,10.34,10.01,10.02,8.96008721569325,12790085,0.0,1.0
2022-03-10,10.06,10.27,9.9,10.12,9.04950924379398,12209851,0.0,1.0
2022-03-09,10.12,10.47,10.09,10.28,9.19258448875515,19859204,0.0,1.0
2022-03-08,9.88,10.115,9.82,9.95,8.89749179602273,22455455,0.0,1.0
2022-03-07,10.0,10.12,9.84,9.88,8.83489637635222,18322322,0.0,1.0
2022-03-04,10.125,10.29,9.915,10.2,9.12104686627456,24556863,0.0,1.0
2022-03-03,10.41,10.455,9.91,10.41,9.3088331252861,22865170,0.0,1.0
2022-03-02,10.14,10.54,10.12,10.48,9.37142854495661,23815665,0.0,1.0
2022-03-01,11.16,11.18,9.68,10.15,9.0763358522242,62880439,0.0,1.0
2022-02-28,13.715,13.74,10.88,11.01,9.84536529389048,62957122,0.0,1.0
2022-02-25,14.03,14.64,14.005,14.54,13.0019628858463,15832378,0.0,1.0
2022-02-24,13.855,13.98,13.6704,13.93,12.4564885144318,14796170,0.0,1.0
2022-02-23,14.55,14.6,14.28,14.32,12.8052344240247,10564057,0.12,1.0
2022-02-22,14.56,14.735,14.465,14.55,12.9027812236537,8355906,0.0,1.0
2022-02-18,14.732,14.9,14.6,14.71,13.0446674776595,9801132,0.0,1.0
2022-02-17,15.19,15.2,14.79,14.83,13.1510821681639,7788028,0.0,1.0
2022-02-16,15.31,15.51,15.215,15.25,13.5235335849291,7994109,0.0,1.0
2022-02-15,15.03,15.34,14.97,15.32,13.5856088210567,7562480,0.0,1.0
2022-02-14,15.2,15.235,14.881,15.03,13.3284399856711,6512297,0.0,1.0
2022-02-11,15.22,15.455,15.12,15.17,13.4525904579262,10322160,0.0,1.0
2022-02-10,15.34,15.58,15.32,15.37,13.6299482754335,8700675,0.0,1.0
2022-02-09,15.27,15.6,15.265,15.4,13.6565519480596,6509220,0.0,1.0
2022-02-08,15.25,15.3167,15.0,15.22,13.496929912303,7285351,0.0,1.0
2022-02-07,15.256,15.4,15.15,15.26,13.5324014758045,6349589,0.0,1.0
2022-02-04,15.05,15.24,14.94,15.13,13.4171188944248,7474167,0.0,1.0
2022-02-03,15.2,15.305,15.06,15.13,13.4171188944248,7714257,0.0,1.0
2022-02-02,14.99,15.33,14.73,15.3,13.5678730393059,10391526,0.0,1.0
2022-02-01,14.97,15.14,14.83,15.07,13.3639115491726,9073334,0.0,1.0
2022-01-31,14.5,15.07,14.48,14.97,13.2752326404189,15357036,0.0,1.0
2022-01-28,14.55,14.63,14.32,14.63,12.9737243506566,7927009,0.0,1.0
2022-01-27,14.7,14.88,14.52,14.59,12.9382527871551,7421986,0.0,1.0
2022-01-26,14.6591,14.86,14.5,14.62,12.9648564597812,7295048,0.0,1.0
2022-01-25,14.32,14.81,14.175,14.68,13.0180638050334,10865359,0.0,1.0
2022-01-24,14.44,14.48,13.96,14.36,12.7342912970218,10778032,0.0,1.0
2022-01-21,14.55,14.77,14.505,14.53,12.885045441903,11208650,0.0,1.0
2022-01-20,14.645,14.88,14.57,14.64,12.982592241532,8441738,0.0,1.0
2022-01-19,15.05,15.13,14.7,14.72,13.0535353685349,7254704,0.0,1.0
2022-01-18,15.16,15.3,15.02,15.06,13.3550436582972,7633767,0.0,1.0
2022-01-14,14.902,15.255,14.86,15.22,13.496929912303,5773965,0.0,1.0
2022-01-13,15.2,15.2,14.995,15.02,13.3195720947958,7536190,0.0,1.0
2022-01-12,15.31,15.32,15.13,15.17,13.4525904579262,7871289,0.0,1.0
2022-01-11,14.99,15.34,14.915,15.32,13.5856088210567,10024699,0.0,1.0
2022-01-10,14.77,15.01,14.58,15.01,13.3107042039204,13554165,0.0,1.0
2022-01-07,14.54,14.75,14.5,14.74,13.0712711502856,9544622,0.0,1.0
2022-01-06,14.5577,14.62,14.29,14.5,12.8584417692769,10487508,0.0,1.0
2022-01-05,14.46,14.73,14.41,14.44,12.8052344240247,11165456,0.0,1.0
2022-01-04,14.28,14.455,14.225,14.37,12.7431591878971,12555359,0.0,1.0
2022-01-03,13.6,14.3,13.52,14.21,12.6012729338913,11968967,0.0,1.0
2021-12-31,13.6,13.71,13.52,13.53,11.9982563543666,5362326,0.0,1.0
2021-12-30,13.51,13.75,13.51,13.55,12.0159921361173,8741792,0.0,1.0
2021-12-29,13.5617,13.66,13.5,13.56,12.0248600269927,9130830,0.0,1.0
2021-12-28,13.6,13.71,13.55,13.64,12.0958031539956,8874565,0.0,1.0
2021-12-27,13.62,13.795,13.56,13.67,12.1224068266217,11436631,0.0,1.0
2021-12-23,13.31,13.71,13.26,13.63,12.0869352631203,10509160,0.0,1.0
2021-12-22,13.04,13.325,13.005,13.25,11.7499554098564,9021301,0.0,1.0
2021-12-21,12.965,13.2,12.88,13.09,11.6080691558506,14220566,0.0,1.0
2021-12-20,12.87,12.91,12.54,12.76,11.3154287569636,9329841,0.0,1.0
2021-12-17,13.11,13.18,12.835,13.03,11.5548618105984,18101741,0.0,1.0
2021-12-16,12.8683,13.195,12.82,13.02,11.5459939197231,9422017,0.0,1.0
2021-12-15,12.765,12.82,12.585,12.69,11.2533535208361,8134993,0.0,1.0
2021-12-14,12.55,13.15,12.55,12.81,11.3597682113405,10534546,0.0,1.0
2021-12-13,12.6,12.73,12.4,12.55,11.129203048581,9787249,0.0,1.0
2021-12-10,12.62,12.92,12.57,12.7,11.2622214117115,8719934,0.0,1.0
2021-12-09,12.41,12.77,12.4,12.59,11.1646746120825,12819531,0.0,1.0
2021-12-08,12.4681,12.52,12.38,12.43,11.0227883580766,7675307,0.0,1.0
2021-12-07,12.4,12.52,12.36,12.4,10.9961846854506,8304688,0.0,1.0
2021-12-06,12.3,12.61,12.259,12.44,11.031656248952,12643265,0.0,1.0
2021-12-03,12.23,12.29,12.08,12.2,10.8188268679433,8354357,0.0,1.0
2021-12-02,12.12,12.36,11.96,12.2,10.8188268679433,11966963,0.0,1.0
2021-12-01,12.42,12.53,12.07,12.09,10.7212800683143,10387626,0.0,1.0
2021-11-30,12.47,12.59,12.23,12.31,10.9163736675723,20023625,0.0,1.0
2021-11-29,12.87,12.9,12.47,12.52,11.1025993759549,14656457,0.0,1.0
2021-11-26,12.85,12.89,12.57,12.75,11.3065608660883,11436003,0.0,1.0
2021-11-24,13.095,13.135,12.95,13.05,11.5725975923492,11324131,0.0,1.0
2021-11-23,13.19,13.29,13.09,13.16,11.6701443919782,7892193,0.0,1.0
2021-11-22,13.03,13.28,12.9,13.12,11.6346728284767,17542096,0.11,1.0
2021-11-19,13.33,13.37,13.08,13.08,11.5027604381312,10766111,0.0,1.0
2021-11-18,13.62,13.66,13.29,13.39,11.7753793781786,9803272,0.0,1.0
2021-11-17,13.89,13.965,13.64,13.65,12.0040275214442,11916795,0.0,1.0
2021-11-16,13.97,13.99,13.73,13.88,12.2062931866407,11341075,0.0,1.0
2021-11-15,14.16,14.17,13.87,13.9,12.2238815053535,12551509,0.0,1.0
2021-11-12,14.45,14.51,14.07,14.11,12.4085588518372,9504506,0.0,1.0
2021-11-11,14.54,14.65,14.415,14.46,12.7163544293102,6687463,0.0,1.0
2021-11-10,14.46,14.75,14.38,14.54,12.7867077041611,10138966,0.0,1.0
2021-11-09,14.72,14.74,14.41,14.57,12.8130901822302,11004978,0.0,1.0
2021-11-08,14.42,14.87,14.25,14.68,12.9098259351503,18855184,0.0,1.0
2021-11-05,13.75,13.99,13.48,13.73,12.0743807962952,13090834,0.0,1.0
2021-11-04,13.827,13.879,13.51,13.68,12.0304099995133,6797778,0.0,1.0
2021-11-03,13.8,13.96,13.72,13.9,12.2238815053535,6325816,0.0,1.0
2021-11-02,13.8426,13.94,13.62,13.83,12.1623223898589,7490741,0.0,1.0
2021-11-01,13.37,13.94,13.37,13.82,12.1535282305025,7384757,0.0,1.0
2021-10-29,13.33,13.39,13.23,13.35,11.7402027407532,9017618,0.0,1.0
2021-10-28,13.15,13.42,13.1,13.33,11.7226144220404,9916173,0.0,1.0
2021-10-27,13.47,13.48,13.085,13.1,11.5203487568439,13465337,0.0,1.0
2021-10-26,13.84,13.89,13.465,13.48,11.854526812386,7995515,0.0,1.0
2021-10-25,13.93,13.94,13.68,13.8,12.1359399117898,10332585,0.0,1.0
2021-10-22,14.01,14.1,13.905,13.94,12.2590581427789,3719579,0.0,1.0
2021-10-21,13.9,14.05,13.81,14.01,12.3206172582735,4165570,0.0,1.0
2021-10-20,13.63,14.05,13.62,13.99,12.3030289395608,7193473,0.0,1.0
2021-10-19,13.55,13.63,13.44,13.57,11.9336742465933,4969623,0.0,1.0
2021-10-18,13.4539,13.52,13.21,13.49,11.8633209717423,8644061,0.0,1.0
2021-10-15,13.64,13.67,13.43,13.46,11.8369384936732,5633097,0.0,1.0
2021-10-14,13.45,13.66,13.45,13.48,11.854526812386,5379515,0.0,1.0
2021-10-13,13.45,13.56,13.346,13.37,11.7577910594659,4642516,0.0,1.0
2021-10-12,13.62,13.69,13.36,13.46,11.8369384936732,5908404,0.0,1.0
2021-10-11,13.64,13.865,13.59,13.61,11.9688508840188,5129209,0.0,1.0
2021-10-08,13.69,13.8264,13.6,13.63,11.9864392027315,4399560,0.0,1.0
2021-10-07,13.55,13.81,13.54,13.63,11.9864392027315,4881954,0.0,1.0
2021-10-06,13.4,13.575,13.31,13.44,11.8193501749605,7980683,0.0,1.0
2021-10-05,13.345,13.665,13.32,13.5,11.8721151310987,8878609,0.0,1.0
2021-10-04,13.7596,13.775,13.31,13.43,11.8105560156041,7955497,0.0,1.0
2021-10-01,13.56,13.725,13.46,13.6,11.9600567246624,7078474,0.0,1.0
2021-09-30,13.92,13.9901,13.48,13.55,11.9160859278805,9110337,0.0,1.0
2021-09-29,13.68,13.95,13.61,13.86,12.188704867928,4922154,0.0,1.0
2021-09-28,13.82,13.95,13.65,13.7,12.0479983182261,9768196,0.0,1.0
2021-09-27,13.47,13.88,13.43,13.82,12.1535282305025,8620574,0.0,1.0
2021-09-24,13.31,13.469,13.28,13.38,11.7665852188223,3741254,0.0,1.0
2021-09-23,13.3,13.5,13.215,13.34,11.7314085813968,6912852,0.0,1.0
2021-09-22,13.36,13.49,13.24,13.25,11.6522611471895,5823323,0.0,1.0
2021-09-21,13.41,13.55,13.22,13.28,11.6786436252586,6044737,0.0,1.0
2021-09-20,13.44,13.535,13.2,13.33,11.7226144220404,10547656,0.0,1.0
2021-09-17,13.55,13.705,13.51,13.57,11.9336742465933,22841214,0.0,1.0
2021-09-16,13.74,13.85,13.56,13.69,12.0392041588697,5252681,0.0,1.0
2021-09-15,13.62,13.78,13.6,13.73,12.0743807962952,5965226,0.0,1.0
2021-09-14,14.0,14.04,13.64,13.68,12.0304099995133,6480153,0.0,1.0
2021-09-13,13.85,14.06,13.78,13.92,12.2414698240662,9028215,0.0,1.0
2021-09-10,14.37,14.38,13.77,13.8,12.1359399117898,10822492,0.0,1.0
2021-09-09,14.515,14.52,14.205,14.29,12.5668537202519,7198038,0.0,1.0
2021-09-08,14.57,14.61,14.375,14.55,12.7955018635175,4410300,0.0,1.0
2021-09-07,14.86,14.91,14.545,14.66,12.8922376164375,5517652,0.0,1.0
2021-09-03,15.01,15.19,14.87,14.89,13.094503281634,5536361,0.0,1.0
2021-09-02,14.55,15.14,14.55,15.13,13.3055631061869,6633448,0.0,1.0
2021-09-01,14.62,14.65,14.43,14.59,12.830678500943,19478196,0.0,1.0
2021-08-31,14.35,14.64,14.32,14.63,12.8658551383684,10442635,0.0,1.0
2021-08-30,14.33,14.52,14.3,14.41,12.6723836325283,6625852,0.0,1.0
2021-08-27,14.32,14.47,14.29,14.37,12.6372069951028,5343947,0.0,1.0
2021-08-26,14.52,14.53,14.16,14.29,12.5668537202519,5223048,0.0,1.0
2021-08-25,14.58,14.58,14.395,14.52,12.7691193854484,5767486,0.0,1.0
2021-08-24,14.77,14.855,14.63,14.66,12.8922376164375,6507648,0.0,1.0
2021-08-23,14.63,14.89,14.555,14.76,12.9801792100012,7145155,0.11,1.0
2021-08-20,14.61,14.86,14.59,14.69,12.8230553190934,7276904,0.0,1.0
2021-08-19,14.6466,14.86,14.62,14.73,12.8579717392951,6676482,0.0,1.0
2021-08-18,14.73,15.06,14.71,14.79,12.9103463695977,7691535,0.0,1.0
2021-08-17,14.83,14.87,14.45,14.77,12.8928881594969,5207801,0.0,1.0
2021-08-16,14.92,15.0,14.7637,14.91,13.015095630203,3990238,0.0,1.0
2021-08-13,14.97,15.05,14.85,14.95,13.0500120504047,3649306,0.0,1.0
2021-08-12,14.87,15.065,14.74,14.95,13.0500120504047,5585550,0.0,1.0
2021-08-11,15.16,15.16,14.75,14.82,12.9365336847491,7793352,0.0,1.0
2021-08-10,15.0493,15.25,14.765,15.11,13.1896777312118,8887631,0.0,1.0
2021-08-09,14.67,15.17,14.43,15.1,13.1809486261613,15511811,0.0,1.0
2021-08-06,14.0578,14.26,13.9,14.25,12.4389746968741,9497965,0.0,1.0
2021-08-05,13.78,13.94,13.7321,13.93,12.1596433352601,8143319,0.0,1.0
2021-08-04,14.01,14.18,13.675,13.76,12.0112485494026,10168548,0.0,1.0
2021-08-03,14.24,14.32,13.89,14.19,12.3866000665715,4935701,0.0,1.0
2021-08-02,14.13,14.37,14.0823,14.23,12.4215164867732,5854669,0.0,1.0
2021-07-30,14.33,14.43,13.98,14.07,12.2818508059662,6903081,0.0,1.0
2021-07-29,14.64,14.68,14.26,14.29,12.4738911170758,5336513,0.0,1.0
2021-07-28,13.87,14.38,13.8346,14.23,12.4215164867732,6726949,0.0,1.0
2021-07-27,13.81,13.945,13.695,13.91,12.1421851251592,5219313,0.0,1.0
2021-07-26,13.87,14.06,13.78,13.84,12.0810813898061,3965032,0.0,1.0
2021-07-23,13.99,13.99,13.8025,13.92,12.1509142302096,3575798,0.0,1.0
2021-07-22,13.96,13.98,13.77,13.85,12.0898104948566,4225563,0.0,1.0
2021-07-21,13.9635,14.12,13.895,14.06,12.2731217009158,4750106,0.0,1.0
2021-07-20,13.6249,13.97,13.6,13.89,12.1247269150583,9471644,0.0,1.0
2021-07-19,13.6,13.68,13.24,13.6,11.8715828685956,8495541,0.0,1.0
2021-07-16,13.87,13.91,13.74,13.76,12.0112485494026,4793928,0.0,1.0
2021-07-15,14.03,14.175,13.83,13.88,12.1159978100079,4839524,0.0,1.0
2021-07-14,13.93,14.16,13.89,14.07,12.2818508059662,5894398,0.0,1.0
2021-07-13,14.21,14.25,13.83,13.92,12.1509142302096,8955679,0.0,1.0
2021-07-12,14.19,14.27,14.05,14.18,12.377870961521,4981195,0.0,1.0
2021-07-09,13.95,14.43,13.92,14.31,12.4913493271767,7715226,0.0,1.0
2021-07-08,13.92,14.0,13.75,13.78,12.0287067595035,6935269,0.0,1.0
2021-07-07,14.21,14.22,13.92,14.03,12.2469343857645,7370583,0.0,1.0
2021-07-06,14.71,14.75,14.17,14.19,12.3866000665715,7876931,0.0,1.0
2021-07-02,14.81,14.82,14.4531,14.71,12.8405135291942,5730207,0.0,1.0
2021-07-01,14.38,14.77,14.38,14.75,12.875429949396,6228768,0.0,1.0
2021-06-30,14.52,14.54,14.27,14.29,12.4738911170758,6822004,0.0,1.0
2021-06-29,14.38,14.56,14.31,14.52,12.6746605332359,5006666,0.0,1.0
2021-06-28,14.56,14.6,14.3,14.38,12.5524530625298,4641726,0.0,1.0
2021-06-25,14.39,14.63,14.34,14.57,12.7183060584881,7602062,0.0,1.0
2021-06-24,14.25,14.42,14.13,14.36,12.5349948524289,5848396,0.0,1.0
2021-06-23,14.28,14.32,14.11,14.17,12.3691418564706,4820753,0.0,1.0
2021-06-22,14.4,14.4,14.11,14.22,12.4127873817228,6502487,0.0,1.0
2021-06-21,14.2407,14.38,14.11,14.35,12.5262657473785,6775303,0.0,1.0
2021-06-18,14.635,14.635,14.2,14.26,12.4477038019245,12943889,0.0,1.0
2021-06-17,15.13,15.1849,14.6,14.67,12.8055971089925,12277867,0.0,1.0
2021-06-16,15.44,15.4805,15.11,15.22,13.2856978867666,5757991,0.0,1.0
2021-06-15,15.61,15.68,15.12,15.3,13.3555307271701,6926739,0.0,1.0
2021-06-14,15.73,15.79,15.56,15.63,13.6435911938345,4292134,0.0,1.0
2021-06-11,15.76,15.79,15.63,15.73,13.7308822443389,4135734,0.0,1.0
2021-06-10,15.46,15.92,15.41,15.79,13.7832568746415,7259883,0.0,1.0
2021-06-09,15.48,15.555,15.4,15.45,13.4864673029266,4976944,0.0,1.0
2021-06-08,15.42,15.57,15.23,15.49,13.5213837231284,5362760,0.0,1.0
2021-06-07,15.39,15.46,15.27,15.39,13.434092672624,5966929,0.0,1.0
2021-06-04,15.43,15.475,15.265,15.39,13.434092672624,5124847,0.0,1.0
2021-06-03,15.44,15.535,15.365,15.41,13.4515508827249,5189854,0.0,1.0
2021-06-02,15.26,15.56,15.12,15.46,13.4951964079771,6202298,0.0,1.0
2021-06-01,15.255,15.3763,15.155,15.26,13.3206143069683,5467991,0.0,1.0
2021-05-28,15.2,15.33,15.11,15.24,13.3031560968674,4537889,0.0,1.0
2021-05-27,15.1747,15.27,15.08,15.14,13.2158650463631,10649152,0.0,1.0
2021-05-26,15.0078,15.18,14.87,15.16,13.2333232564639,5402887,0.0,1.0
2021-05-25,15.32,15.34,14.93,14.98,13.0761993655561,7633696,0.0,1.0
2021-05-24,15.3744,15.535,15.29,15.36,13.4079053574727,9096732,0.0,1.0
2021-05-21,15.5,15.6544,15.29,15.31,13.3642598322205,10763915,0.11,1.0
2021-05-20,15.54,15.71,15.37,15.59,13.5115960301114,11514201,0.0,1.0
2021-05-19,15.95,15.95,15.45,15.5,13.4335945135809,11168039,0.0,1.0
2021-05-18,16.1,16.15,15.8,16.05,13.9102704479338,8309318,0.0,1.0
2021-05-17,15.98,16.29,15.95,16.15,13.9969387996343,14821635,0.0,1.0
2021-05-14,16.03,16.1,15.75,16.0,13.8669362720835,9219637,0.0,1.0
2021-05-13,15.56,16.05,15.55,15.93,13.8062684258932,10777580,0.0,1.0
2021-05-12,15.2,15.855,15.17,15.72,13.6242648873221,20028273,0.0,1.0
2021-05-11,14.937,15.5,14.85,15.14,13.121588447459,11072430,0.0,1.0
2021-05-10,14.98,15.475,14.8,15.04,13.0349200957585,30043815,0.0,1.0
2021-05-07,13.8217,14.1,13.78,14.08,12.2029039194335,12729327,0.0,1.0
2021-05-06,13.62,13.94,13.435,13.93,12.0729013918827,12011990,0.0,1.0
2021-05-05,13.4,13.7,13.3,13.64,11.8215631719512,12021958,0.0,1.0
2021-05-04,13.49,13.64,13.26,13.4,11.61355912787,10607869,0.0,1.0
2021-05-03,13.26,13.55,13.19,13.5,11.7002274795705,6551907,0.0,1.0
2021-04-30,13.395,13.52,13.26,13.3,11.5268907761694,6980014,0.0,1.0
2021-04-29,13.55,13.66,13.23,13.36,11.5788917871898,7950879,0.0,1.0
2021-04-28,13.33,13.52,13.28,13.46,11.6655601388903,6341270,0.0,1.0
2021-04-27,13.52,13.59,13.19,13.28,11.5095571058293,17598887,0.0,1.0
2021-04-26,13.4,13.68,13.39,13.55,11.7435616554207,5775368,0.0,1.0
2021-04-23,13.38,13.455,13.215,13.36,11.5788917871898,4872251,0.0,1.0
2021-04-22,13.31,13.6,13.289,13.36,11.5788917871898,7805486,0.0,1.0
2021-04-21,13.0451,13.31,12.99,13.3,11.5268907761694,7782000,0.0,1.0
2021-04-20,13.16,13.21,12.97,13.11,11.3622209079384,8633780,0.0,1.0
2021-04-19,13.4,13.53,13.22,13.25,11.4835566003192,8939812,0.0,1.0
2021-04-16,13.39,13.47,13.13,13.4,11.61355912787,7869084,0.0,1.0
2021-04-15,13.22,13.43,13.1529,13.28,11.5095571058293,7554514,0.0,1.0
2021-04-14,13.02,13.36,13.01,13.21,11.448889259639,8852930,0.0,1.0
2021-04-13,13.24,13.295,12.94,12.97,11.2408852155577,11636094,0.0,1.0
2021-04-12,13.43,13.44,13.2,13.26,11.4922234354892,7928744,0.0,1.0
2021-04-09,13.3,13.405,13.21,13.395,11.6092257102849,9011368,0.0,1.0
2021-04-08,13.41,13.49,13.11,13.29,11.5182239409994,12121140,0.0,1.0
2021-04-07,13.87,13.88,13.36,13.39,11.6048922926999,17606411,0.0,1.0
2021-04-06,13.95,14.1,13.79,13.83,11.9862330401822,7906722,0.0,1.0
2021-04-05,13.92,14.16,13.86,14.05,12.1769034139234,7957570,0.0,1.0
2021-04-01,13.96,14.08,13.86,13.9,12.0469008863726,7053676,0.0,1.0
2021-03-31,14.095,14.28,13.89,13.97,12.1075687325629,13875776,0.0,1.0
2021-03-30,14.2874,14.32,13.945,14.15,12.2635717656239,11407822,0.0,1.0
2021-03-29,14.2674,14.42,14.17,14.32,12.4109079635148,6174160,0.0,1.0
2021-03-26,14.07,14.44,14.02,14.36,12.445575304195,6336236,0.0,1.0
2021-03-25,14.15,14.15,13.9232,14.02,12.1509029084132,10229296,0.0,1.0
2021-03-24,14.15,14.22,13.9413,14.01,12.1422360732431,9597144,0.0,1.0
2021-03-23,14.75,14.75,14.115,14.17,12.280905435964,8881196,0.0,1.0
2021-03-22,14.91,14.935,14.6301,14.79,12.8182492165072,7738991,0.0,1.0
2021-03-19,14.66,14.88,14.5273,14.78,12.8095823813372,11373733,0.0,1.0
2021-03-18,14.97,15.03,14.5,14.59,12.6449125131062,9877532,0.0,1.0
2021-03-17,14.43,15.1,14.42,15.08,13.0695874364387,10784529,0.0,1.0
2021-03-16,14.67,14.73,14.4435,14.53,12.5929115020859,10558616,0.0,1.0
2021-03-15,14.27,14.685,14.23,14.67,12.7142471944666,9915013,0.0,1.0
2021-03-12,14.07,14.385,13.9882,14.36,12.445575304195,7784448,0.0,1.0
2021-03-11,14.13,14.22,13.92,14.1,12.2202375897736,8355305,0.0,1.0
2021-03-10,14.05,14.23,13.83,14.06,12.1855702490934,8696611,0.0,1.0
2021-03-09,13.93,14.215,13.71,13.91,12.0555677215426,10908802,0.0,1.0
2021-03-08,13.76,14.05,13.68,13.83,11.9862330401822,11899589,0.0,1.0
2021-03-05,13.69,13.99,13.36,13.91,12.0555677215426,13295277,0.0,1.0
2021-03-04,13.6707,13.8,13.31,13.59,11.778228996101,18720691,0.0,1.0
2021-03-03,14.17,14.24,13.5308,13.88,12.0295672160325,24164102,0.0,1.0
2021-03-02,14.55,14.7,14.135,14.29,12.3849074580046,16236590,0.0,1.0
2021-03-01,15.049,15.3,14.615,14.72,12.7575813703169,11913861,0.0,1.0
2021-02-26,14.93,15.0,14.56,14.85,12.8702502275275,15691014,0.0,1.0
2021-02-25,15.29,15.38,14.855,15.05,13.0435869309286,16256947,0.0,1.0
2021-02-24,15.33,15.47,14.94,15.3,13.2602578101799,15465558,0.0,1.0
2021-02-23,15.74,15.77,14.93,15.22,13.1909231288195,21414370,0.0,1.0
2021-02-22,16.547,16.8,15.49,15.5,13.4335945135809,39258346,0.0,1.0
2021-02-19,18.22,18.48,18.16,18.21,15.7823068446651,10868936,0.0,1.0
2021-02-18,18.61,18.68,18.25,18.27,15.8343078556854,6811975,0.0,1.0
2021-02-17,18.2804,18.545,18.17,18.52,16.0509787349367,4675977,0.0,1.0
2021-02-16,18.35,18.39,18.09,18.335,15.8906422842907,5009322,0.0,1.0
2021-02-12,18.1,18.4,18.03,18.24,15.8083073501752,4469254,0.0,1.0
2021-02-11,18.22,18.44,18.07,18.24,15.8083073501752,5498144,0.0,1.0
2021-02-10,18.53,18.67,18.21,18.39,15.938309877726,7284584,0.0,1.0
2021-02-09,17.85,18.55,17.84,18.47,16.0076445590864,6552614,0.0,1.0
2021-02-08,17.99,18.04,17.715,18.0,15.600303306094,7331816,0.0,1.0
2021-02-05,18.02,18.075,17.64,17.895,15.5093015368084,7864581,0.0,1.0
2021-02-04,18.11,18.28,17.71,18.0,15.600303306094,7266619,0.0,1.0
2021-02-03,17.3,18.38,17.3,18.09,15.6783048226244,15935468,0.0,1.0
2021-02-02,17.57,17.75,17.36,17.38,15.0629595255507,9185721,0.0,1.0
2021-02-01,17.15,17.58,17.03,17.445,15.1192939541561,8954928,0.0,1.0
2021-01-29,17.25,17.58,16.9,16.99,14.7249529539187,8256088,0.0,1.0
2021-01-28,16.9,17.445,16.84,17.19,14.8982896573198,9215227,0.0,1.0
2021-01-27,17.0,17.17,16.61,16.86,14.612284096708,14517707,0.0,1.0
2021-01-26,17.2,17.36,17.08,17.09,14.8116213056192,5968669,0.0,1.0
2021-01-25,17.26,17.4,17.125,17.23,14.932956998,9460056,0.0,1.0
2021-01-22,17.244,17.52,17.1,17.43,15.106293701401,5726564,0.0,1.0
2021-01-21,17.36,17.62,16.8,17.31,15.0022916793604,13895074,0.0,1.0
2021-01-20,17.45,17.71,17.31,17.69,15.3316314158224,9953076,0.0,1.0
2021-01-19,17.26,17.56,17.08,17.44,15.1149605365711,10847169,0.0,1.0
2021-01-15,17.11,17.2,16.7318,17.05,14.776953964939,19765045,0.0,1.0
2021-01-14,18.3373,18.355,16.75,17.31,15.0022916793604,44993158,0.0,1.0
2021-01-13,18.27,18.71,18.2,18.4,15.9469767128961,9185867,0.0,1.0
2021-01-12,18.45,18.67,18.2,18.24,15.8083073501752,7677583,0.0,1.0
2021-01-11,18.2,18.66,18.12,18.47,16.0076445590864,6961189,0.0,1.0
2021-01-08,18.42,18.6,18.03,18.3,15.8603083611955,6893458,0.0,1.0
2021-01-07,18.52,18.69,18.36,18.52,16.0509787349367,7195092,0.0,1.0
2021-01-06,18.17,18.675,18.1,18.49,16.0249782294265,8625061,0.0,1.0
2021-01-05,18.49,18.605,17.81,18.1,15.6869716577945,12217787,0.0,1.0
2021-01-04,18.66,18.77,18.21,18.54,16.0683124052768,12215605,0.0,1.0
2020-12-31,18.22,18.86,18.03,18.74,16.2416491086778,14375983,0.0,1.0
2020-12-30,17.61,18.18,17.58,18.13,15.7129721633047,10332307,0.0,1.0
2020-12-29,17.6607,17.8,17.52,17.75,15.3836324268427,4811911,0.0,1.0
2020-12-28,17.8561,17.88,17.62,17.74,15.3749655916726,4929334,0.0,1.0
2020-12-24,17.8,17.92,17.67,17.77,15.4009660971828,1946680,0.0,1.0
2020-12-23,17.7467,18.04,17.66,17.88,15.4963012840534,6303385,0.0,1.0
2020-12-22,17.43,17.84,17.27,17.74,15.3749655916726,11415468,0.0,1.0
2020-12-21,17.4,17.55,17.25,17.39,15.0716263607208,14799820,0.0,1.0
2020-12-18,17.7,17.8,17.515,17.75,15.3836324268427,18226276,0.0,1.0
2020-12-17,17.75,17.89,17.55,17.72,15.3576319213325,14484983,0.0,1.0
2020-12-16,17.62,18.27,17.56,17.86,15.4789676137132,17203789,0.0,1.0
2020-12-15,17.4,17.87,17.2,17.73,15.3662987565026,13189112,0.0,1.0
2020-12-14,17.34,17.53,17.08,17.33,15.0196253497005,16694055,0.0,1.0
2020-12-11,17.5,17.75,17.08,17.34,15.0282921848705,15842674,0.0,1.0
2020-12-10,17.32,17.85,17.3,17.69,15.3316314158224,9422490,0.0,1.0
2020-12-09,17.85,17.975,17.5,17.52,15.1842952179315,12701883,0.0,1.0
2020-12-08,17.41,17.93,17.405,17.84,15.4616339433731,9303086,0.0,1.0
2020-12-07,17.61,18.0,17.52,17.57,15.2276293937817,10008659,0.0,1.0
2020-12-04,17.33,17.7,17.25,17.6,15.2536298992919,15946922,0.0,1.0
2020-12-03,17.1358,17.47,16.94,17.37,15.0542926903807,16848384,0.0,1.0
2020-12-02,16.9342,17.27,16.84,17.125,14.8419552287144,22173216,0.0,1.0
2020-12-01,16.88,17.15,16.74,17.01,14.7422866242588,15032761,0.0,1.0
2020-11-30,17.03,17.16,16.8,16.82,14.5776167560278,21166326,0.0,1.0
2020-11-27,17.1,17.37,16.9,17.05,14.776953964939,11024657,0.0,1.0
2020-11-25,16.68,17.31,16.55,17.07,14.7942876352791,15353777,0.0,1.0
2020-11-24,16.735,17.0,16.29,16.9,14.6469514373882,22966745,0.0,1.0
2020-11-23,17.2355,17.25,16.5,16.77,14.5342825801776,20717971,0.0,1.0
2020-11-20,18.4,18.42,17.0,17.13,14.8462886462994,38015407,0.0,1.0
2020-11-19,16.0,18.2,15.99,18.11,15.6956384929646,35794059,0.0,1.0
2020-11-18,16.46,16.99,15.95,16.19,14.0316061403145,31517441,0.0,1.0
2020-11-17,15.39,17.93,15.3,16.34,14.1616086678653,60532936,0.0,1.0
2020-11-16,15.64,16.15,15.34,15.86,13.7456005797028,26574200,0.0,1.0
